name,date,tmax_f,precip_in,snow_in
Alpine County,2023-07-30,77.9,0.0,0.0
Alpine County,2023-07-31,77.9,0.0,0.0
Alpine County,2023-08-01,78.6,0.0,0.0
Alpine County,2023-08-02,77.2,0.0,0.0
Alpine County,2023-08-03,76.1,0.043,0.0
Alpine County,2023-08-04,75.9,0.004,0.0
Alpine County,2023-08-05,77.1,0.0,0.0
Alpine County,2023-08-06,79.3,0.0,0.0
Alpine County,2023-08-07,76.8,0.0,0.0
Alpine County,2023-08-08,76.1,0.0,0.0
Alpine County,2023-08-09,74.8,0.0,0.0
Alpine County,2023-08-10,78.5,0.008,0.0
Alpine County,2023-08-11,73.1,0.035,0.0
Alpine County,2023-08-12,77.5,0.028,0.0
Alpine County,2023-08-13,78.2,0.004,0.0
Alpine County,2023-08-14,72.0,0.173,0.0
Alpine County,2023-08-15,75.7,0.012,0.0
Alpine County,2023-08-16,76.4,0.11,0.0
Alpine County,2023-08-17,74.8,0.004,0.0
Alpine County,2023-08-18,72.4,0.063,0.0
Alpine County,2023-08-19,72.1,0.035,0.0
Alpine County,2023-08-20,56.5,0.618,0.0
Alpine County,2023-08-21,58.5,0.331,0.0
Alpine County,2023-08-22,62.2,0.008,0.0
Alpine County,2023-08-23,71.0,0.0,0.0
Alpine County,2023-08-24,70.3,0.0,0.0
Alpine County,2023-08-25,71.6,0.004,0.0
Alpine County,2023-08-26,72.3,0.0,0.0
Alpine County,2023-08-27,76.9,0.0,0.0
Alpine County,2023-08-28,79.6,0.0,0.0
Alpine County,2023-08-29,74.3,0.0,0.0
Alpine County,2023-08-30,76.8,0.0,0.0
Alpine County,2023-08-31,69.8,0.0,0.0
Alpine County,2023-09-01,57.7,0.102,0.0
Alpine County,2023-09-02,60.4,0.008,0.0
Alpine County,2023-09-03,51.4,0.264,0.0
Alpine County,2023-09-04,62.9,0.0,0.0
Alpine County,2023-09-05,69.3,0.0,0.0
Alpine County,2023-09-06,66.8,0.016,0.0
Alpine County,2023-09-07,68.6,0.0,0.0
Alpine County,2023-09-08,69.6,0.0,0.0
Alpine County,2023-09-09,67.3,0.0,0.0
Alpine County,2023-09-10,68.1,0.055,0.0
Alpine County,2023-09-11,69.7,0.02,0.0
Alpine County,2023-09-12,68.3,0.008,0.0
Alpine County,2023-09-13,66.1,0.079,0.0
Alpine County,2023-09-14,67.9,0.0,0.0
Alpine County,2023-09-15,70.1,0.0,0.0
Alpine County,2023-09-16,68.3,0.016,0.0
Alpine County,2023-09-17,70.3,0.079,0.0
Alpine County,2023-09-18,68.4,0.075,0.0
Alpine County,2023-09-19,68.0,0.012,0.0
Alpine County,2023-09-20,63.6,0.0,0.0
Alpine County,2023-09-21,49.9,0.134,0.0
Alpine County,2023-09-22,60.7,0.0,0.0
Alpine County,2023-09-23,63.3,0.0,0.0
Alpine County,2023-09-24,63.4,0.0,0.0
Alpine County,2023-09-25,61.8,0.0,0.0
Alpine County,2023-09-26,63.3,0.0,0.0
Alpine County,2023-09-27,67.0,0.0,0.0
Alpine County,2023-09-28,67.5,0.0,0.0
Alpine County,2023-09-29,59.4,0.0,0.0
Alpine County,2023-09-30,44.5,0.165,0.524
Alpine County,2023-10-01,42.4,0.146,0.386
Alpine County,2023-10-02,49.9,0.008,0.0
Alpine County,2023-10-03,57.3,0.0,0.0
Alpine County,2023-10-04,56.3,0.0,0.0
Alpine County,2023-10-05,61.1,0.0,0.0
Alpine County,2023-10-06,64.9,0.0,0.0
Alpine County,2023-10-07,70.4,0.0,0.0
Alpine County,2023-10-08,68.8,0.0,0.0
Alpine County,2023-10-09,60.4,0.0,0.0
Alpine County,2023-10-10,55.2,0.008,0.0
Alpine County,2023-10-11,49.1,0.024,0.0
Alpine County,2023-10-12,49.3,0.0,0.0
Alpine County,2023-10-13,60.1,0.0,0.0
Alpine County,2023-10-14,60.4,0.0,0.0
Alpine County,2023-10-15,69.9,0.0,0.0
Alpine County,2023-10-16,66.5,0.0,0.0
Alpine County,2023-10-17,63.2,0.0,0.0
Alpine County,2023-10-18,68.9,0.0,0.0
Alpine County,2023-10-19,69.8,0.0,0.0
Alpine County,2023-10-20,64.8,0.0,0.0
Alpine County,2023-10-21,63.8,0.0,0.0
Alpine County,2023-10-22,52.0,0.012,0.0
Alpine County,2023-10-23,53.5,0.0,0.0
Alpine County,2023-10-24,60.2,0.0,0.0
Alpine County,2023-10-25,45.9,0.122,0.551
Alpine County,2023-10-26,46.9,0.0,0.0
Alpine County,2023-10-27,49.7,0.0,0.0
Alpine County,2023-10-28,34.6,0.0,0.0
Alpine County,2023-10-29,38.7,0.0,0.0
Alpine County,2023-10-30,51.6,0.0,0.0
Alpine County,2023-10-31,56.8,0.0,0.0
Alpine County,2023-11-01,58.3,0.0,0.0
Alpine County,2023-11-02,59.6,0.0,0.0
Alpine County,2023-11-03,61.4,0.0,0.0
Alpine County,2023-11-04,60.1,0.0,0.0
Alpine County,2023-11-05,50.7,0.0,0.0
Alpine County,2023-11-06,41.8,0.839,3.362
Alpine County,2023-11-07,35.8,0.134,0.909
Alpine County,2023-11-08,32.9,0.0,0.0
Alpine County,2023-11-09,43.3,0.0,0.0
Alpine County,2023-11-10,43.3,0.008,0.055
Alpine County,2023-11-11,51.6,0.0,0.0
Alpine County,2023-11-12,46.8,0.0,0.0
Alpine County,2023-11-13,43.5,0.0,0.0
Alpine County,2023-11-14,45.1,0.0,0.0
Alpine County,2023-11-15,46.0,0.079,0.441
Alpine County,2023-11-16,40.6,0.024,0.028
Alpine County,2023-11-17,38.9,0.024,0.055
Alpine County,2023-11-18,36.2,0.457,2.839
Alpine County,2023-11-19,34.5,0.126,0.854
Alpine County,2023-11-20,37.2,0.0,0.0
Alpine County,2023-11-21,53.2,0.0,0.0
Alpine County,2023-11-22,54.0,0.0,0.0
Alpine County,2023-11-23,35.2,0.067,0.413
Alpine County,2023-11-24,26.2,0.02,0.138
Alpine County,2023-11-25,28.1,0.0,0.0
Alpine County,2023-11-26,32.2,0.0,0.0
Alpine County,2023-11-27,35.7,0.0,0.0
Alpine County,2023-11-28,40.6,0.0,0.0
Alpine County,2023-11-29,35.9,0.0,0.0
Alpine County,2023-11-30,32.2,0.028,0.193
Alpine County,2023-12-01,33.6,0.012,0.055
Alpine County,2023-12-02,32.3,0.0,0.0
Alpine County,2023-12-03,40.5,0.012,0.0
Alpine County,2023-12-04,41.3,0.0,0.0
Alpine County,2023-12-05,50.0,0.0,0.0
Alpine County,2023-12-06,42.2,0.374,2.618
Alpine County,2023-12-07,30.5,0.028,0.138
Alpine County,2023-12-08,29.4,0.0,0.0
Alpine County,2023-12-09,38.6,0.0,0.0
Alpine County,2023-12-10,45.7,0.0,0.0
Alpine County,2023-12-11,42.5,0.0,0.0
Alpine County,2023-12-12,33.4,0.0,0.0
Alpine County,2023-12-13,33.4,0.0,0.0
Alpine County,2023-12-14,42.4,0.0,0.0
Alpine County,2023-12-15,40.1,0.0,0.0
Alpine County,2023-12-16,51.6,0.0,0.0
Alpine County,2023-12-17,49.2,0.0,0.0
Alpine County,2023-12-18,38.1,0.358,1.433
Alpine County,2023-12-19,36.6,0.728,4.217
Alpine County,2023-12-20,34.9,0.004,0.028
Alpine County,2023-12-21,36.9,0.028,0.193
Alpine County,2023-12-22,40.2,0.0,0.0
Alpine County,2023-12-23,34.1,0.0,0.0
Alpine County,2023-12-24,42.3,0.0,0.0
Alpine County,2023-12-25,40.6,0.0,0.0
Alpine County,2023-12-26,43.7,0.0,0.0
Alpine County,2023-12-27,41.9,0.043,0.303
Alpine County,2023-12-28,43.0,0.0,0.0
Alpine County,2023-12-29,43.3,0.0,0.0
Alpine County,2023-12-30,34.0,0.063,0.441
Alpine County,2023-12-31,33.9,0.0,0.0
Alpine County,2024-01-01,33.9,0.0,0.0
Alpine County,2024-01-02,35.6,0.094,0.661
Alpine County,2024-01-03,25.8,0.681,4.768
Alpine County,2024-01-04,29.2,0.0,0.0
Alpine County,2024-01-05,26.8,0.0,0.0
Alpine County,2024-01-06,25.3,0.626,4.382
Alpine County,2024-01-07,17.6,0.0,0.0
Alpine County,2024-01-08,32.6,0.0,0.0
Alpine County,2024-01-09,31.6,0.031,0.11
Alpine County,2024-01-10,25.1,0.988,6.89
Alpine County,2024-01-11,26.7,0.142,0.992
Alpine County,2024-01-12,31.1,0.008,0.055
Alpine County,2024-01-13,32.2,0.63,4.382
Alpine County,2024-01-14,38.0,0.126,0.744
Alpine County,2024-01-15,38.4,0.0,0.0
Alpine County,2024-01-16,41.8,0.346,2.425
Alpine County,2024-01-17,34.5,0.232,1.516
Alpine County,2024-01-18,44.3,0.0,0.0
Alpine County,2024-01-19,44.1,0.016,0.11
Alpine County,2024-01-20,34.9,0.181,1.268
Alpine County,2024-01-21,39.1,0.047,0.276
Alpine County,2024-01-22,35.8,0.48,3.362
Alpine County,2024-01-23,35.6,0.0,0.0
Alpine County,2024-01-24,35.2,0.106,0.634
Alpine County,2024-01-25,33.7,0.012,0.083
Alpine County,2024-01-26,44.2,0.0,0.0
Alpine County,2024-01-27,51.3,0.012,0.0
Alpine County,2024-01-28,46.7,0.004,0.0
Alpine County,2024-01-29,51.7,0.0,0.0
Alpine County,2024-01-30,46.8,0.0,0.0
Alpine County,2024-01-31,41.6,0.201,1.406
Alpine County,2024-02-01,33.3,0.858,6.008
Alpine County,2024-02-02,26.9,0.134,0.937
Alpine County,2024-02-03,27.1,0.024,0.165
Alpine County,2024-02-04,31.6,1.496,10.362
Alpine County,2024-02-05,29.9,0.201,1.35
Alpine County,2024-02-06,29.0,0.185,1.295
Alpine County,2024-02-07,26.2,0.26,1.819
Alpine County,2024-02-08,29.0,0.177,1.213
Alpine County,2024-02-09,30.3,0.028,0.22
Alpine County,2024-02-10,26.6,0.004,0.028
Alpine County,2024-02-11,38.8,0.0,0.0
Alpine County,2024-02-12,43.4,0.0,0.0
Alpine County,2024-02-13,37.1,0.0,0.0
Alpine County,2024-02-14,34.2,0.323,2.26
Alpine County,2024-02-15,32.9,0.417,2.811
Alpine County,2024-02-16,42.4,0.008,0.055
Alpine County,2024-02-17,38.1,0.185,1.295
Alpine County,2024-02-18,40.2,0.114,0.717
Alpine County,2024-02-19,37.0,0.992,6.78
Alpine County,2024-02-20,35.2,0.354,2.48
Alpine County,2024-02-21,32.2,0.0,0.0
Alpine County,2024-02-22,35.4,0.0,0.0
Alpine County,2024-02-23,34.9,0.0,0.0
Alpine County,2024-02-24,45.3,0.0,0.0
Alpine County,2024-02-25,42.2,0.0,0.0
Alpine County,2024-02-26,34.1,0.031,0.22
Alpine County,2024-02-27,34.9,0.0,0.0
Alpine County,2024-02-28,42.2,0.0,0.0
Alpine County,2024-02-29,31.6,0.386,2.701
Alpine County,2024-03-01,28.4,2.78,19.402
Alpine County,2024-03-02,24.9,2.24,15.654
Alpine County,2024-03-03,21.9,0.524,3.61
Alpine County,2024-03-04,28.0,0.083,0.469
Alpine County,2024-03-05,34.5,0.0,0.0
Alpine County,2024-03-06,35.6,0.012,0.083
Alpine County,2024-03-07,31.4,0.02,0.138
Alpine County,2024-03-08,34.7,0.008,0.055
Alpine County,2024-03-09,37.5,0.0,0.0
Alpine County,2024-03-10,38.0,0.0,0.0
Alpine County,2024-03-11,35.4,0.063,0.441
Alpine County,2024-03-12,35.0,0.224,1.488
Alpine County,2024-03-13,30.6,0.0,0.0
Alpine County,2024-03-14,28.6,0.004,0.028
Alpine County,2024-03-15,33.4,0.004,0.028
Alpine County,2024-03-16,38.6,0.0,0.0
Alpine County,2024-03-17,39.7,0.0,0.0
Alpine County,2024-03-18,42.3,0.0,0.0
Alpine County,2024-03-19,46.0,0.0,0.0
Alpine County,2024-03-20,44.4,0.0,0.0
Alpine County,2024-03-21,43.4,0.0,0.0
Alpine County,2024-03-22,41.3,0.067,0.441
Alpine County,2024-03-23,31.3,0.508,3.528
Alpine County,2024-03-24,29.7,0.122,0.854
Alpine County,2024-03-25,35.2,0.0,0.0
Alpine County,2024-03-26,37.6,0.0,0.0
Alpine County,2024-03-27,39.5,0.291,2.039
Alpine County,2024-03-28,31.0,0.394,2.646
Alpine County,2024-03-29,29.9,0.307,2.122
Alpine County,2024-03-30,29.1,0.626,4.382
Alpine County,2024-03-31,33.4,0.197,1.378
Alpine County,2024-04-01,35.4,0.0,0.0
Alpine County,2024-04-02,47.5,0.0,0.0
Alpine County,2024-04-03,46.6,0.024,0.028
Alpine County,2024-04-04,33.0,0.654,4.244
Alpine County,2024-04-05,22.0,0.079,0.579
Alpine County,2024-04-06,31.0,0.0,0.0
Alpine County,2024-04-07,30.9,0.059,0.413
Alpine County,2024-04-08,34.4,0.0,0.0
Alpine County,2024-04-09,45.2,0.0,0.0
Alpine County,2024-04-10,50.6,0.0,0.0
Alpine County,2024-04-11,51.7,0.0,0.0
Alpine County,2024-04-12,46.2,0.0,0.0
Alpine County,2024-04-13,42.7,0.071,0.469
Alpine County,2024-04-14,35.7,0.071,0.496
Alpine County,2024-04-15,42.5,0.0,0.0
Alpine County,2024-04-16,49.6,0.0,0.0
Alpine County,2024-04-17,50.5,0.0,0.0
Alpine County,2024-04-18,50.5,0.0,0.0
Alpine County,2024-04-19,49.6,0.0,0.0
Alpine County,2024-04-20,52.1,0.0,0.0
Alpine County,2024-04-21,55.6,0.0,0.0
Alpine County,2024-04-22,53.7,0.0,0.0
Alpine County,2024-04-23,52.3,0.02,0.0
Alpine County,2024-04-24,46.9,0.0,0.0
Alpine County,2024-04-25,44.2,0.004,0.0
Alpine County,2024-04-26,37.4,0.154,1.047
Alpine County,2024-04-27,47.2,0.0,0.0
Alpine County,2024-04-28,48.3,0.0,0.0
Alpine County,2024-04-29,47.6,0.0,0.0
Alpine County,2024-04-30,48.1,0.0,0.0
Alpine County,2024-05-01,46.1,0.0,0.0
Alpine County,2024-05-02,49.9,0.0,0.0
Alpine County,2024-05-03,55.8,0.024,0.0
Alpine County,2024-05-04,39.2,1.236,8.461
Alpine County,2024-05-05,31.7,0.02,0.11
Alpine County,2024-05-06,44.0,0.0,0.0
Alpine County,2024-05-07,45.6,0.0,0.0
Alpine County,2024-05-08,39.4,0.0,0.0
Alpine County,2024-05-09,49.5,0.0,0.0
Alpine County,2024-05-10,54.8,0.0,0.0
Alpine County,2024-05-11,59.5,0.0,0.0
Alpine County,2024-05-12,63.2,0.016,0.0
Alpine County,2024-05-13,63.2,0.224,0.0
Alpine County,2024-05-14,64.7,0.008,0.0
Alpine County,2024-05-15,65.2,0.0,0.0
Alpine County,2024-05-16,69.8,0.0,0.0
Alpine County,2024-05-17,67.6,0.02,0.0
Alpine County,2024-05-18,65.6,0.012,0.0
Alpine County,2024-05-19,58.9,0.0,0.0
Alpine County,2024-05-20,55.6,0.091,0.0
Alpine County,2024-05-21,56.7,0.0,0.0
Alpine County,2024-05-22,58.7,0.0,0.0
Alpine County,2024-05-23,55.2,0.0,0.0
Alpine County,2024-05-24,53.6,0.193,0.331
Alpine County,2024-05-25,55.4,0.0,0.0
Alpine County,2024-05-26,65.0,0.004,0.0
Alpine County,2024-05-27,66.3,0.091,0.0
Alpine County,2024-05-28,66.6,0.008,0.0
Alpine County,2024-05-29,66.5,0.0,0.0
Alpine County,2024-05-30,65.7,0.004,0.0
Alpine County,2024-05-31,68.9,0.031,0.0
Alpine County,2024-06-01,67.0,0.0,0.0
Alpine County,2024-06-02,70.1,0.0,0.0
Alpine County,2024-06-03,62.8,0.0,0.0
Alpine County,2024-06-04,72.7,0.0,0.0
Alpine County,2024-06-05,79.5,0.004,0.0
Alpine County,2024-06-06,79.3,0.0,0.0
Alpine County,2024-06-07,79.4,0.0,0.0
Alpine County,2024-06-08,78.8,0.0,0.0
Alpine County,2024-06-09,74.6,0.0,0.0
Alpine County,2024-06-10,75.7,0.142,0.0
Alpine County,2024-06-11,79.9,0.0,0.0
Alpine County,2024-06-12,81.3,0.0,0.0
Alpine County,2024-06-13,79.6,0.075,0.0
Alpine County,2024-06-14,73.2,0.0,0.0
Alpine County,2024-06-15,70.6,0.0,0.0
Alpine County,2024-06-16,69.6,0.0,0.0
Alpine County,2024-06-17,59.4,0.0,0.0
Alpine County,2024-06-18,64.9,0.0,0.0
Alpine County,2024-06-19,69.6,0.0,0.0
Alpine County,2024-06-20,72.0,0.004,0.0
Alpine County,2024-06-21,79.5,0.0,0.0
Alpine County,2024-06-22,82.0,0.0,0.0
Alpine County,2024-06-23,78.3,0.0,0.0
Alpine County,2024-06-24,77.6,0.0,0.0
Alpine County,2024-06-25,76.8,0.165,0.0
Alpine County,2024-06-26,73.9,0.0,0.0
Alpine County,2024-06-27,72.1,0.0,0.0
Alpine County,2024-06-28,77.1,0.0,0.0
Alpine County,2024-06-29,75.0,0.0,0.0
Alpine County,2024-06-30,73.4,0.0,0.0
Alpine County,2024-07-01,78.7,0.0,0.0
Alpine County,2024-07-02,82.0,0.0,0.0
Alpine County,2024-07-03,84.4,0.0,0.0
Alpine County,2024-07-04,85.0,0.0,0.0
Alpine County,2024-07-05,87.1,0.0,0.0
Alpine County,2024-07-06,89.9,0.0,0.0
Alpine County,2024-07-07,89.8,0.0,0.0
Alpine County,2024-07-08,87.4,0.0,0.0
Alpine County,2024-07-09,87.5,0.0,0.0
Alpine County,2024-07-10,87.7,0.0,0.0
Alpine County,2024-07-11,87.2,0.0,0.0
Alpine County,2024-07-12,85.3,0.008,0.0
Alpine County,2024-07-13,82.6,0.142,0.0
Alpine County,2024-07-14,73.5,0.181,0.0
Alpine County,2024-07-15,74.2,0.031,0.0
Alpine County,2024-07-16,78.1,0.122,0.0
Alpine County,2024-07-17,78.9,0.0,0.0
Alpine County,2024-07-18,80.4,0.083,0.0
Alpine County,2024-07-19,80.1,0.008,0.0
Alpine County,2024-07-20,83.6,0.146,0.0
Alpine County,2024-07-21,81.6,0.303,0.0
Alpine County,2024-07-22,82.2,0.012,0.0
Alpine County,2024-07-23,82.8,0.177,0.0
Alpine County,2024-07-24,76.7,0.134,0.0
Alpine County,2024-07-25,76.8,0.035,0.0
Alpine County,2024-07-26,77.3,0.0,0.0
Alpine County,2024-07-27,68.3,0.0,0.0
Alpine County,2024-07-28,72.7,0.0,0.0
Alpine County,2024-07-29,72.4,0.0,0.0
Alpine County,2024-07-30,77.6,0.0,0.0
Alpine County,2024-07-31,83.1,0.0,0.0
Alpine County,2024-08-01,84.1,0.0,0.0
Alpine County,2024-08-02,84.1,0.043,0.0
Alpine County,2024-08-03,75.2,0.102,0.0
Alpine County,2024-08-04,81.6,0.0,0.0
Alpine County,2024-08-05,80.3,0.0,0.0
Alpine County,2024-08-06,82.3,0.0,0.0
Alpine County,2024-08-07,82.1,0.0,0.0
Alpine County,2024-08-08,82.7,0.0,0.0
Alpine County,2024-08-09,81.3,0.0,0.0
Alpine County,2024-08-10,80.9,0.0,0.0
Alpine County,2024-08-11,79.0,0.0,0.0
Alpine County,2024-08-12,73.2,0.0,0.0
Alpine County,2024-08-13,71.4,0.0,0.0
Alpine County,2024-08-14,73.8,0.0,0.0
Alpine County,2024-08-15,72.5,0.0,0.0
Alpine County,2024-08-16,74.6,0.0,0.0
Alpine County,2024-08-17,68.5,0.0,0.0
Alpine County,2024-08-18,71.0,0.0,0.0
Alpine County,2024-08-19,73.0,0.0,0.0
Alpine County,2024-08-20,72.3,0.0,0.0
Alpine County,2024-08-21,71.7,0.0,0.0
Alpine County,2024-08-22,68.0,0.0,0.0
Alpine County,2024-08-23,56.9,0.016,0.0
Alpine County,2024-08-24,51.3,0.063,0.0
Alpine County,2024-08-25,59.7,0.0,0.0
Alpine County,2024-08-26,69.9,0.0,0.0
Alpine County,2024-08-27,77.6,0.0,0.0
Alpine County,2024-08-28,78.4,0.0,0.0
Alpine County,2024-08-29,77.0,0.0,0.0
Alpine County,2024-08-30,78.8,0.008,0.0
Alpine County,2024-08-31,78.6,0.004,0.0
Alpine County,2024-09-01,76.6,0.0,0.0
Alpine County,2024-09-02,72.4,0.0,0.0
Alpine County,2024-09-03,75.0,0.0,0.0
Alpine County,2024-09-04,77.5,0.0,0.0
Alpine County,2024-09-05,83.2,0.0,0.0
Alpine County,2024-09-06,78.1,0.047,0.0
Alpine County,2024-09-07,76.2,0.0,0.0
Alpine County,2024-09-08,73.9,0.0,0.0
Alpine County,2024-09-09,74.8,0.0,0.0
Alpine County,2024-09-10,74.2,0.0,0.0
Alpine County,2024-09-11,65.0,0.0,0.0
Alpine County,2024-09-12,63.5,0.0,0.0
Alpine County,2024-09-13,70.3,0.0,0.0
Alpine County,2024-09-14,72.7,0.0,0.0
Alpine County,2024-09-15,61.5,0.0,0.0
Alpine County,2024-09-16,46.7,0.118,0.496
Alpine County,2024-09-17,53.6,0.0,0.0
Alpine County,2024-09-18,54.6,0.335,0.083
Alpine County,2024-09-19,53.6,0.079,0.0
Alpine County,2024-09-20,62.1,0.0,0.0
Alpine County,2024-09-21,65.3,0.0,0.0
Alpine County,2024-09-22,66.0,0.0,0.0
Alpine County,2024-09-23,67.1,0.0,0.0
Alpine County,2024-09-24,75.0,0.0,0.0
Alpine County,2024-09-25,70.3,0.0,0.0
Alpine County,2024-09-26,73.0,0.0,0.0
Alpine County,2024-09-27,73.1,0.0,0.0
Alpine County,2024-09-28,76.6,0.0,0.0
Alpine County,2024-09-29,74.2,0.0,0.0
Alpine County,2024-09-30,69.3,0.0,0.0
Alpine County,2024-10-01,78.2,0.0,0.0
Alpine County,2024-10-02,75.5,0.0,0.0
Alpine County,2024-10-03,73.5,0.0,0.0
Alpine County,2024-10-04,69.4,0.0,0.0
Alpine County,2024-10-05,72.0,0.0,0.0
Alpine County,2024-10-06,72.0,0.0,0.0
Alpine County,2024-10-07,69.4,0.004,0.0
Alpine County,2024-10-08,68.9,0.0,0.0
Alpine County,2024-10-09,69.6,0.0,0.0
Alpine County,2024-10-10,66.6,0.0,0.0
Alpine County,2024-10-11,66.0,0.0,0.0
Alpine County,2024-10-12,61.6,0.0,0.0
Alpine County,2024-10-13,61.0,0.0,0.0
Alpine County,2024-10-14,64.1,0.0,0.0
Alpine County,2024-10-15,68.7,0.0,0.0
Alpine County,2024-10-16,55.3,0.354,0.0
Alpine County,2024-10-17,46.9,0.031,0.22
Alpine County,2024-10-18,41.1,0.0,0.0
Alpine County,2024-10-19,48.7,0.0,0.0
Alpine County,2024-10-20,60.6,0.0,0.0
Alpine County,2024-10-21,56.3,0.0,0.0
Alpine County,2024-10-22,59.7,0.0,0.0
Alpine County,2024-10-23,62.4,0.0,0.0
Alpine County,2024-10-24,57.1,0.0,0.0
Alpine County,2024-10-25,62.8,0.0,0.0
Alpine County,2024-10-26,63.7,0.0,0.0
Alpine County,2024-10-27,54.7,0.0,0.0
Alpine County,2024-10-28,41.5,0.098,0.358
Alpine County,2024-10-29,36.7,0.008,0.055
Alpine County,2024-10-30,45.2,0.0,0.0
Alpine County,2024-10-31,38.8,0.016,0.11
Alpine County,2024-11-01,46.8,0.016,0.11
Alpine County,2024-11-02,38.0,0.126,0.854
Alpine County,2024-11-03,34.6,0.0,0.0
Alpine County,2024-11-04,49.3,0.0,0.0
Alpine County,2024-11-05,45.3,0.0,0.0
Alpine County,2024-11-06,33.8,0.0,0.0
Alpine County,2024-11-07,48.6,0.0,0.0
Alpine County,2024-11-08,53.9,0.0,0.0
Alpine County,2024-11-09,54.5,0.0,0.0
Alpine County,2024-11-10,53.9,0.0,0.0
Alpine County,2024-11-11,40.1,0.48,3.362
Alpine County,2024-11-12,39.1,0.0,0.0
Alpine County,2024-11-13,41.4,0.008,0.055
Alpine County,2024-11-14,37.0,0.004,0.0
Alpine County,2024-11-15,28.2,0.087,0.606
Alpine County,2024-11-16,28.9,0.02,0.083
Alpine County,2024-11-17,48.3,0.0,0.0
Alpine County,2024-11-18,33.1,0.055,0.303
Alpine County,2024-11-19,36.8,0.016,0.11
Alpine County,2024-11-20,39.9,0.02,0.138
Alpine County,2024-11-21,42.6,0.055,0.386
Alpine County,2024-11-22,43.8,0.449,3.004
Alpine County,2024-11-23,33.1,1.685,11.74
Alpine County,2024-11-24,33.0,0.004,0.028
Alpine County,2024-11-25,35.6,0.35,2.15
Alpine County,2024-11-26,32.8,0.461,3.224
Alpine County,2024-11-27,31.0,0.0,0.0
Alpine County,2024-11-28,38.6,0.0,0.0
Alpine County,2024-11-29,45.3,0.0,0.0
Alpine County,2024-11-30,51.4,0.0,0.0
Alpine County,2024-12-01,48.1,0.0,0.0
Alpine County,2024-12-02,45.9,0.0,0.0
Alpine County,2024-12-03,45.8,0.0,0.0
Alpine County,2024-12-04,46.6,0.0,0.0
Alpine County,2024-12-05,47.8,0.0,0.0
Alpine County,2024-12-06,44.7,0.0,0.0
Alpine County,2024-12-07,55.9,0.0,0.0
Alpine County,2024-12-08,47.7,0.0,0.0
Alpine County,2024-12-09,32.2,0.0,0.0
Alpine County,2024-12-10,49.5,0.0,0.0
Alpine County,2024-12-11,46.1,0.0,0.0
Alpine County,2024-12-12,30.2,0.461,3.197
Alpine County,2024-12-13,33.2,0.276,1.957
Alpine County,2024-12-14,33.1,1.173,8.213
Alpine County,2024-12-15,40.2,0.0,0.0
Alpine County,2024-12-16,38.0,0.343,2.398
Alpine County,2024-12-17,43.7,0.0,0.0
Alpine County,2024-12-18,53.2,0.0,0.0
Alpine County,2024-12-19,55.2,0.0,0.0
Alpine County,2024-12-20,51.4,0.0,0.0
Alpine County,2024-12-21,43.7,0.012,0.055
Alpine County,2024-12-22,42.4,0.232,1.268
Alpine County,2024-12-23,47.4,0.012,0.0
Alpine County,2024-12-24,38.1,0.476,3.335
Alpine County,2024-12-25,40.6,0.016,0.11
Alpine County,2024-12-26,34.8,0.331,2.287
Alpine County,2024-12-27,40.0,0.449,2.976
Alpine County,2024-12-28,38.7,0.028,0.0
Alpine County,2024-12-29,36.1,0.906,6.091
Alpine County,2024-12-30,38.6,0.0,0.0
Alpine County,2024-12-31,41.0,0.0,0.0
Alpine County,2025-01-01,40.6,0.0,0.0
Alpine County,2025-01-02,48.8,0.0,0.0
Alpine County,2025-01-03,39.2,0.504,3.528
Alpine County,2025-01-04,37.3,0.0,0.0
Alpine County,2025-01-05,43.7,0.0,0.0
Alpine County,2025-01-06,38.7,0.079,0.551
Alpine County,2025-01-07,25.2,0.043,0.303
Alpine County,2025-01-08,38.5,0.0,0.0
Alpine County,2025-01-09,36.1,0.0,0.0
Alpine County,2025-01-10,53.3,0.0,0.0
Alpine County,2025-01-11,30.5,0.004,0.028
Alpine County,2025-01-12,27.5,0.0,0.0
Alpine County,2025-01-13,27.1,0.0,0.0
Alpine County,2025-01-14,35.9,0.0,0.0
Alpine County,2025-01-15,40.2,0.0,0.0
Alpine County,2025-01-16,43.3,0.0,0.0
Alpine County,2025-01-17,40.8,0.0,0.0
Alpine County,2025-01-18,41.9,0.0,0.0
Alpine County,2025-01-19,41.6,0.0,0.0
Alpine County,2025-01-20,25.2,0.0,0.0
Alpine County,2025-01-21,49.0,0.0,0.0
Alpine County,2025-01-22,40.4,0.0,0.0
Alpine County,2025-01-23,45.3,0.0,0.0
Alpine County,2025-01-24,45.4,0.0,0.0
Alpine County,2025-01-25,22.2,0.075,0.524
Alpine County,2025-01-26,17.1,0.047,0.331
Alpine County,2025-01-27,27.0,0.0,0.0
Alpine County,2025-01-28,33.2,0.0,0.0
Alpine County,2025-01-29,41.3,0.0,0.0
Alpine County,2025-01-30,49.5,0.0,0.0
Alpine County,2025-01-31,36.8,0.638,4.409
Alpine County,2025-02-01,37.7,1.736,8.819
Alpine County,2025-02-02,39.2,0.004,0.0
Alpine County,2025-02-03,43.5,0.0,0.0
Alpine County,2025-02-04,37.0,0.764,5.319
Alpine County,2025-02-05,36.0,0.307,1.929
Alpine County,2025-02-06,33.9,0.874,5.98
Alpine County,2025-02-07,33.1,0.343,1.957
Alpine County,2025-02-08,32.5,0.0,0.0
Alpine County,2025-02-09,37.7,0.0,0.0
Alpine County,2025-02-10,38.8,0.0,0.0
Alpine County,2025-02-11,26.5,0.0,0.0
Alpine County,2025-02-12,36.4,0.012,0.083
Alpine County,2025-02-13,34.0,3.602,25.189
Alpine County,2025-02-14,29.2,0.736,5.071
Alpine County,2025-02-15,45.5,0.0,0.0
Alpine County,2025-02-16,40.5,0.035,0.248
Alpine County,2025-02-17,38.4,0.0,0.0
Alpine County,2025-02-18,44.4,0.0,0.0
Alpine County,2025-02-19,42.4,0.091,0.551
Alpine County,2025-02-20,35.2,0.0,0.0
Alpine County,2025-02-21,44.8,0.0,0.0
Alpine County,2025-02-22,50.4,0.0,0.0
Alpine County,2025-02-23,46.0,0.016,0.0
Alpine County,2025-02-24,47.8,0.0,0.0
Alpine County,2025-02-25,48.0,0.0,0.0
Alpine County,2025-02-26,47.0,0.0,0.0
Alpine County,2025-02-27,50.8,0.0,0.0
Alpine County,2025-02-28,48.1,0.0,0.0
Alpine County,2025-03-01,52.7,0.0,0.0
Alpine County,2025-03-02,30.9,0.197,1.35
Alpine County,2025-03-03,38.6,0.008,0.055
Alpine County,2025-03-04,39.3,0.0,0.0
Alpine County,2025-03-05,32.9,0.35,2.453
Alpine County,2025-03-06,28.4,0.169,1.185
Alpine County,2025-03-07,27.1,0.0,0.0
Alpine County,2025-03-08,47.7,0.0,0.0
Alpine County,2025-03-09,47.4,0.0,0.0
Alpine County,2025-03-10,46.2,0.0,0.0
Alpine County,2025-03-11,45.5,0.0,0.0
Alpine County,2025-03-12,35.2,1.169,8.13
Alpine County,2025-03-13,25.1,0.571,3.996
Alpine County,2025-03-14,26.2,0.413,2.811
Alpine County,2025-03-15,35.1,0.024,0.138
Alpine County,2025-03-16,41.8,0.0,0.0
Alpine County,2025-03-17,31.3,1.091,7.634
Alpine County,2025-03-18,37.7,0.0,0.0
Alpine County,2025-03-19,44.3,0.004,0.028
Alpine County,2025-03-20,41.5,0.008,0.055
Alpine County,2025-03-21,42.4,0.008,0.0
Alpine County,2025-03-22,43.5,0.035,0.0
Alpine County,2025-03-23,52.1,0.0,0.0
Alpine County,2025-03-24,57.0,0.0,0.0
Alpine County,2025-03-25,59.5,0.0,0.0
Alpine County,2025-03-26,56.4,0.0,0.0
Alpine County,2025-03-27,43.4,0.083,0.276
Alpine County,2025-03-28,38.2,0.012,0.0
Alpine County,2025-03-29,43.7,0.0,0.0
Alpine County,2025-03-30,36.8,0.146,0.937
Alpine County,2025-03-31,32.4,1.075,7.386
Alpine County,2025-04-01,26.0,0.346,2.425
Alpine County,2025-04-02,30.0,0.15,1.047
Alpine County,2025-04-03,35.9,0.008,0.055
Alpine County,2025-04-04,37.8,0.012,0.083
Alpine County,2025-04-05,48.0,0.0,0.0
Alpine County,2025-04-06,55.3,0.0,0.0
Alpine County,2025-04-07,45.6,0.0,0.0
Alpine County,2025-04-08,51.8,0.0,0.0
Alpine County,2025-04-09,59.8,0.0,0.0
Alpine County,2025-04-10,59.2,0.0,0.0
Alpine County,2025-04-11,58.4,0.0,0.0
Alpine County,2025-04-12,51.8,0.0,0.0
Alpine County,2025-04-13,48.0,0.0,0.0
Alpine County,2025-04-14,56.4,0.0,0.0
Alpine County,2025-04-15,57.1,0.031,0.0
Alpine County,2025-04-16,55.9,0.016,0.028
Alpine County,2025-04-17,46.0,0.0,0.0
Alpine County,2025-04-18,40.6,0.0,0.0
Alpine County,2025-04-19,53.4,0.0,0.0
Alpine County,2025-04-20,54.7,0.0,0.0
Alpine County,2025-04-21,56.2,0.004,0.0
Alpine County,2025-04-22,54.1,0.0,0.0
Alpine County,2025-04-23,48.9,0.0,0.0
Alpine County,2025-04-24,52.8,0.0,0.0
Alpine County,2025-04-25,42.6,0.035,0.22
Alpine County,2025-04-26,33.7,0.461,3.224
Alpine County,2025-04-27,34.7,0.126,0.882
Alpine County,2025-04-28,49.6,0.0,0.0
Alpine County,2025-04-29,55.5,0.0,0.0
Alpine County,2025-04-30,52.5,0.26,0.248
Alpine County,2025-05-01,57.5,0.0,0.0
Alpine County,2025-05-02,57.1,0.059,0.0
Alpine County,2025-05-03,48.3,0.051,0.0
Alpine County,2025-05-04,38.4,0.547,0.882
Alpine County,2025-05-05,50.2,0.016,0.0
Alpine County,2025-05-06,50.5,0.0,0.0
Alpine County,2025-05-07,58.6,0.0,0.0
Alpine County,2025-05-08,64.7,0.0,0.0
Alpine County,2025-05-09,68.5,0.0,0.0
Alpine County,2025-05-10,66.7,0.0,0.0
Alpine County,2025-05-11,56.8,0.0,0.0
Alpine County,2025-05-12,42.8,0.016,0.083
Alpine County,2025-05-13,39.4,0.252,1.764
Alpine County,2025-05-14,53.0,0.0,0.0
Alpine County,2025-05-15,55.5,0.0,0.0
Alpine County,2025-05-16,58.3,0.031,0.0
Alpine County,2025-05-17,44.9,0.031,0.055
Alpine County,2025-05-18,53.5,0.0,0.0
Alpine County,2025-05-19,61.8,0.0,0.0
Alpine County,2025-05-20,64.0,0.0,0.0
Alpine County,2025-05-21,66.0,0.0,0.0
Alpine County,2025-05-22,61.1,0.0,0.0
Alpine County,2025-05-23,60.3,0.0,0.0
Alpine County,2025-05-24,65.6,0.0,0.0
Alpine County,2025-05-25,67.6,0.004,0.0
Alpine County,2025-05-26,62.5,0.004,0.0
Alpine County,2025-05-27,69.4,0.016,0.0
Alpine County,2025-05-28,71.2,0.0,0.0
Alpine County,2025-05-29,75.7,0.0,0.0
Alpine County,2025-05-30,78.8,0.0,0.0
Alpine County,2025-05-31,80.1,0.0,0.0
Alpine County,2025-06-01,73.6,0.0,0.0
Alpine County,2025-06-02,71.9,0.039,0.0
Alpine County,2025-06-03,72.1,0.0,0.0
Alpine County,2025-06-04,67.9,0.051,0.0
Alpine County,2025-06-05,66.2,0.157,0.0
Alpine County,2025-06-06,69.0,0.142,0.0
Alpine County,2025-06-07,72.4,0.016,0.0
Alpine County,2025-06-08,76.6,0.051,0.0
Alpine County,2025-06-09,77.5,0.122,0.0
Alpine County,2025-06-10,75.9,0.0,0.0
Alpine County,2025-06-11,71.6,0.0,0.0
Alpine County,2025-06-12,70.1,0.0,0.0
Alpine County,2025-06-13,67.0,0.0,0.0
Alpine County,2025-06-14,70.6,0.0,0.0
Alpine County,2025-06-15,72.1,0.0,0.0
Alpine County,2025-06-16,68.8,0.0,0.0
Alpine County,2025-06-17,77.5,0.0,0.0
Alpine County,2025-06-18,81.4,0.0,0.0
Alpine County,2025-06-19,73.8,0.0,0.0
Alpine County,2025-06-20,61.3,0.0,0.0
Alpine County,2025-06-21,53.4,0.0,0.0
Alpine County,2025-06-22,62.7,0.0,0.0
Alpine County,2025-06-23,61.9,0.024,0.0
Alpine County,2025-06-24,67.9,0.02,0.0
Alpine County,2025-06-25,72.9,0.0,0.0
Alpine County,2025-06-26,72.3,0.0,0.0
Alpine County,2025-06-27,75.7,0.0,0.0
Alpine County,2025-06-28,78.7,0.004,0.0
Alpine County,2025-06-29,81.2,0.0,0.0
Alpine County,2025-06-30,78.7,0.004,0.0
Alpine County,2025-07-01,75.7,0.051,0.0
Alpine County,2025-07-02,75.7,0.0,0.0
Alpine County,2025-07-03,73.6,0.0,0.0
Alpine County,2025-07-04,65.4,0.0,0.0
Alpine County,2025-07-05,73.0,0.0,0.0
Alpine County,2025-07-06,76.9,0.004,0.0
Alpine County,2025-07-07,79.8,0.008,0.0
Alpine County,2025-07-08,75.8,0.0,0.0
Alpine County,2025-07-09,73.2,0.0,0.0
Alpine County,2025-07-10,81.7,0.0,0.0
Alpine County,2025-07-11,82.7,0.004,0.0
Alpine County,2025-07-12,82.9,0.0,0.0
Alpine County,2025-07-13,85.6,0.0,0.0
Alpine County,2025-07-14,86.5,0.0,0.0
Alpine County,2025-07-15,80.4,0.0,0.0
Alpine County,2025-07-16,79.6,0.0,0.0
Alpine County,2025-07-17,77.6,0.0,0.0
Alpine County,2025-07-18,78.4,0.0,0.0
Alpine County,2025-07-19,79.3,0.008,0.0
Alpine County,2025-07-20,78.1,0.0,0.0
Alpine County,2025-07-21,70.4,0.0,0.0
Alpine County,2025-07-22,70.0,0.0,0.0
Alpine County,2025-07-23,74.1,0.181,0.0
Alpine County,2025-07-24,73.3,0.146,0.0
Alpine County,2025-07-25,67.4,0.323,0.0
Alpine County,2025-07-26,66.5,0.197,0.0
Alpine County,2025-07-27,72.1,0.154,0.0
Alpine County,2025-07-28,73.7,0.008,0.0
Alpine County,2025-07-29,75.4,0.055,0.0
Alpine County,2025-07-30,66.7,0.11,0.0
Alpine County,2025-07-31,72.2,0.0,0.0
Alpine County,2025-08-01,74.4,0.0,0.0
Alpine County,2025-08-02,74.7,0.0,0.0
Alpine County,2025-08-03,73.0,0.0,0.0
Alpine County,2025-08-04,70.3,0.0,0.0
Alpine County,2025-08-05,73.9,0.0,0.0
Alpine County,2025-08-06,75.7,0.0,0.0
Alpine County,2025-08-07,75.8,0.0,0.0
Alpine County,2025-08-08,80.6,0.0,0.0
Alpine County,2025-08-09,83.3,0.0,0.0
Alpine County,2025-08-10,82.9,0.0,0.0
Alpine County,2025-08-11,84.8,0.0,0.0
Alpine County,2025-08-12,84.7,0.0,0.0
Alpine County,2025-08-13,81.6,0.0,0.0
Alpine County,2025-08-14,78.8,0.0,0.0
Alpine County,2025-08-15,78.1,0.0,0.0
Alpine County,2025-08-16,71.6,0.004,0.0
Alpine County,2025-08-17,72.0,0.0,0.0
Alpine County,2025-08-18,74.1,0.0,0.0
Alpine County,2025-08-19,76.0,0.0,0.0
Alpine County,2025-08-20,80.5,0.0,0.0
Alpine County,2025-08-21,83.4,0.0,0.0
Alpine County,2025-08-22,82.8,0.173,0.0
Alpine County,2025-08-23,78.3,0.433,0.0
Alpine County,2025-08-24,69.4,0.311,0.0
Alpine County,2025-08-25,72.1,0.697,0.0
Alpine County,2025-08-26,67.7,0.307,0.0
Alpine County,2025-08-27,68.3,0.319,0.0
Alpine County,2025-08-28,70.4,0.0,0.0
Alpine County,2025-08-29,70.3,0.031,0.0
Alpine County,2025-08-30,73.5,0.004,0.0
Alpine County,2025-08-31,75.4,0.008,0.0
Alpine County,2025-09-01,76.9,0.0,0.0
Alpine County,2025-09-02,71.8,0.071,0.0
Alpine County,2025-09-03,71.0,0.0,0.0
Alpine County,2025-09-04,75.7,0.012,0.0
Alpine County,2025-09-05,74.3,0.0,0.0
Alpine County,2025-09-06,69.1,0.0,0.0
Alpine County,2025-09-07,67.1,0.0,0.0
Alpine County,2025-09-08,66.1,0.0,0.0
Alpine County,2025-09-09,62.0,0.0,0.0
Alpine County,2025-09-10,55.1,0.142,0.138
Alpine County,2025-09-11,58.7,0.055,0.0
Alpine County,2025-09-12,59.9,0.047,0.0
Alpine County,2025-09-13,69.2,0.0,0.0
Alpine County,2025-09-14,68.0,0.0,0.0
Alpine County,2025-09-15,73.1,0.0,0.0
Alpine County,2025-09-16,74.2,0.0,0.0
Alpine County,2025-09-17,75.3,0.0,0.0
Alpine County,2025-09-18,69.8,0.043,0.0
Alpine County,2025-09-19,60.8,0.118,0.0
Alpine County,2025-09-20,65.3,0.0,0.0
Alpine County,2025-09-21,66.0,0.0,0.0
Alpine County,2025-09-22,66.7,0.0,0.0
Alpine County,2025-09-23,69.4,0.0,0.0
Alpine County,2025-09-24,70.1,0.0,0.0
Alpine County,2025-09-25,65.3,0.0,0.0
Alpine County,2025-09-26,66.9,0.0,0.0
Alpine County,2025-09-27,70.6,0.028,0.0
Alpine County,2025-09-28,64.3,0.181,0.0
Alpine County,2025-09-29,56.5,0.008,0.0
Alpine County,2025-09-30,53.2,0.0,0.0
Alpine County,2025-10-01,52.2,0.012,0.0
Alpine County,2025-10-02,54.1,0.24,0.0
Alpine County,2025-10-03,46.7,0.161,0.413
Alpine County,2025-10-04,53.3,0.0,0.0
Alpine County,2025-10-05,52.0,0.0,0.0
Alpine County,2025-10-06,54.3,0.0,0.0
Alpine County,2025-10-07,60.3,0.0,0.0
Alpine County,2025-10-08,61.2,0.0,0.0
Alpine County,2025-10-09,61.1,0.0,0.0
Alpine County,2025-10-10,55.8,0.0,0.0
Alpine County,2025-10-11,46.0,0.0,0.0
Alpine County,2025-10-12,55.4,0.0,0.0
Alpine County,2025-10-13,40.1,0.079,0.524
Alpine County,2025-10-14,34.3,0.969,6.587
Alpine County,2025-10-15,42.5,0.024,0.165
Alpine County,2025-10-16,43.8,0.0,0.0
Alpine County,2025-10-17,54.6,0.0,0.0
Alpine County,2025-10-18,62.4,0.0,0.0
Alpine County,2025-10-19,57.7,0.0,0.0
Alpine County,2025-10-20,55.5,0.0,0.0
Alpine County,2025-10-21,64.8,0.0,0.0
Alpine County,2025-10-22,50.6,0.079,0.028
Alpine County,2025-10-23,57.8,0.0,0.0
Alpine County,2025-10-24,60.3,0.0,0.0
Alpine County,2025-10-25,45.8,0.094,0.22
Alpine County,2025-10-26,40.6,0.185,0.331
Alpine County,2025-10-27,53.7,0.0,0.0
Alpine County,2025-10-28,58.3,0.0,0.0
Alpine County,2025-10-29,60.7,0.0,0.0
Alpine County,2025-10-30,64.0,0.0,0.0
Alpine County,2025-10-31,61.3,0.0,0.0
Alpine County,2025-11-01,63.5,0.0,0.0
Alpine County,2025-11-02,63.5,0.0,0.0
Alpine County,2025-11-03,56.4,0.0,0.0
Alpine County,2025-11-04,55.6,0.0,0.0
Alpine County,2025-11-05,43.7,0.382,2.232
Alpine County,2025-11-06,52.2,0.004,0.0
Alpine County,2025-11-07,51.5,0.0,0.0
Alpine County,2025-11-08,56.8,0.0,0.0
Alpine County,2025-11-09,58.9,0.0,0.0
Alpine County,2025-11-10,63.1,0.0,0.0
Alpine County,2025-11-11,60.4,0.0,0.0
Alpine County,2025-11-12,53.9,0.0,0.0
Alpine County,2025-11-13,44.2,0.748,0.303
Alpine County,2025-11-14,44.1,0.63,0.606
Alpine County,2025-11-15,43.9,0.193,0.0
Alpine County,2025-11-16,38.5,0.693,3.748
Alpine County,2025-11-17,34.9,0.441,3.087
Alpine County,2025-11-18,37.0,0.154,1.075
Alpine County,2025-11-19,44.6,0.0,0.0
Alpine County,2025-11-20,32.4,0.551,3.831
Alpine County,2025-11-21,30.7,0.169,0.661
Alpine County,2025-11-22,37.2,0.0,0.0
Alpine County,2025-11-23,50.0,0.0,0.0
Alpine County,2025-11-24,48.1,0.0,0.0
Alpine County,2025-11-25,50.7,0.0,0.0
Alpine County,2025-11-26,54.8,0.0,0.0
Alpine County,2025-11-27,56.6,0.0,0.0
Alpine County,2025-11-28,47.9,0.0,0.0
Alpine County,2025-11-29,50.7,0.0,0.0
Alpine County,2025-11-30,43.5,0.0,0.0
Alpine County,2025-12-01,43.8,0.0,0.0
Alpine County,2025-12-02,50.5,0.0,0.0
Alpine County,2025-12-03,30.6,0.0,0.0
Alpine County,2025-12-04,38.8,0.0,0.0
Alpine County,2025-12-05,45.0,0.0,0.0
Alpine County,2025-12-06,46.0,0.0,0.0
Alpine County,2025-12-07,47.8,0.0,0.0
Alpine County,2025-12-08,49.6,0.0,0.0
Alpine County,2025-12-09,56.5,0.0,0.0
Alpine County,2025-12-10,55.5,0.0,0.0
Alpine County,2025-12-11,57.6,0.0,0.0
Alpine County,2025-12-12,51.1,0.0,0.0
Alpine County,2025-12-13,56.1,0.0,0.0
Alpine County,2025-12-14,50.8,0.0,0.0
Alpine County,2025-12-15,53.2,0.0,0.0
Alpine County,2025-12-16,47.7,0.008,0.0
Alpine County,2025-12-17,42.2,0.075,0.0
Alpine County,2025-12-18,48.9,0.0,0.0
Alpine County,2025-12-19,46.2,0.717,3.004
Alpine County,2025-12-20,41.6,0.236,0.0
Alpine County,2025-12-21,42.4,0.748,0.138
Alpine County,2025-12-22,42.5,0.386,2.287
Alpine County,2025-12-23,44.7,0.035,0.165
Alpine County,2025-12-24,37.8,2.776,19.043
Alpine County,2025-12-25,30.9,0.957,6.587
Alpine County,2025-12-26,29.5,1.028,7.165
Alpine County,2025-12-27,28.8,0.0,0.0
Alpine County,2025-12-28,26.0,0.0,0.0
Alpine County,2025-12-29,34.9,0.0,0.0
Alpine County,2025-12-30,42.8,0.0,0.0
Alpine County,2025-12-31,43.3,0.157,0.0
Alpine County,2026-01-01,37.7,0.343,0.689
Alpine County,2026-01-02,45.8,0.004,0.028
Alpine County,2026-01-03,35.9,0.76,5.291
Alpine County,2026-01-04,30.5,1.315,9.205
Alpine County,2026-01-05,34.3,0.035,0.248
Alpine County,2026-01-06,39.6,0.0,0.0
Alpine County,2026-01-07,32.3,0.02,0.138
Alpine County,2026-01-08,25.1,0.138,0.965
Alpine County,2026-01-09,30.1,0.0,0.0
Alpine County,2026-01-10,38.4,0.0,0.0
Alpine County,2026-01-11,42.4,0.0,0.0
Alpine County,2026-01-12,41.8,0.0,0.0
Alpine County,2026-01-13,47.5,0.0,0.0
Alpine County,2026-01-14,47.3,0.0,0.0
Alpine County,2026-01-15,46.2,0.0,0.0
Alpine County,2026-01-16,44.7,0.0,0.0
Alpine County,2026-01-17,47.5,0.0,0.0
Alpine County,2026-01-18,52.5,0.0,0.0
Alpine County,2026-01-19,42.0,0.0,0.0
Alpine County,2026-01-20,50.1,0.0,0.0
Alpine County,2026-01-21,51.3,0.0,0.0
Alpine County,2026-01-22,45.7,0.0,0.0
Alpine County,2026-01-23,42.6,0.0,0.0
Alpine County,2026-01-24,28.6,0.02,0.138
Alpine County,2026-01-25,40.6,0.0,0.0
Alpine County,2026-01-26,41.5,0.0,0.0
Alpine County,2026-01-27,43.7,0.0,0.0
Alpine County,2026-01-28,41.2,0.0,0.0
Alpine County,2026-01-29,46.4,0.0,0.0
Alpine County,2026-01-30,52.6,0.0,0.0
Alpine County,2026-01-31,54.1,0.0,0.0
Alpine County,2026-02-01,50.0,0.0,0.0
Alpine County,2026-02-02,46.0,0.0,0.0
Alpine County,2026-02-03,50.7,0.0,0.0
Alpine County,2026-02-04,46.6,0.0,0.0
Alpine County,2026-02-05,51.6,0.0,0.0
Alpine County,2026-02-06,43.7,0.063,0.248
Alpine County,2026-02-07,47.5,0.0,0.0
Alpine County,2026-02-08,50.1,0.0,0.0
Alpine County,2026-02-09,37.3,0.004,0.028
Alpine County,2026-02-10,42.2,0.327,2.205
Alpine County,2026-02-11,34.4,0.142,0.992
Alpine County,2026-02-12,35.2,0.008,0.055
Alpine County,2026-02-13,40.6,0.0,0.0
Alpine County,2026-02-14,41.7,0.0,0.0
Alpine County,2026-02-15,39.3,0.0,0.0
Alpine County,2026-02-16,32.4,1.039,7.276
Alpine County,2026-02-17,21.7,2.146,14.965
Alpine County,2026-02-18,17.5,0.453,3.197
Alpine County,2026-02-19,21.0,0.736,5.126
Alpine County,2026-02-20,30.6,0.0,0.0
Alpine County,2026-02-21,40.9,0.0,0.0
Alpine County,2026-02-22,44.9,0.0,0.0
Alpine County,2026-02-23,50.8,0.004,0.0
Alpine County,2026-02-24,43.3,0.681,0.083
Alpine County,2026-02-25,47.0,0.232,0.0
Alpine County,2026-02-26,53.0,0.0,0.0
Alpine County,2026-02-27,51.1,0.0,0.0
Alpine County,2026-02-28,52.3,0.004,0.0
Alpine County,2026-03-01,44.2,0.055,0.0
Alpine County,2026-03-02,44.2,0.051,0.193
Alpine County,2026-03-03,47.6,0.0,0.0
Alpine County,2026-03-04,40.4,0.0,0.0
Alpine County,2026-03-05,33.9,0.0,0.0
Alpine County,2026-03-06,34.3,0.0,0.0
Alpine County,2026-03-07,39.6,0.0,0.0
Alpine County,2026-03-08,53.8,0.0,0.0
Alpine County,2026-03-09,50.6,0.0,0.0
Alpine County,2026-03-10,47.7,0.0,0.0
Alpine County,2026-03-11,52.4,0.0,0.0
Alpine County,2026-03-12,57.7,0.0,0.0
Alpine County,2026-03-13,60.6,0.0,0.0
Alpine County,2026-03-14,53.6,0.0,0.0
Alpine County,2026-03-15,54.8,0.0,0.0
Alpine County,2026-03-16,61.7,0.0,0.0
Alpine County,2026-03-17,68.7,0.0,0.0
Alpine County,2026-03-18,69.2,0.0,0.0
Alpine County,2026-03-19,72.4,0.0,0.0
Alpine County,2026-03-20,72.7,0.0,0.0
Alpine County,2026-03-21,63.2,0.0,0.0
Alpine County,2026-03-22,64.9,0.0,0.0
Alpine County,2026-03-23,58.5,0.0,0.0
Alpine County,2026-03-24,65.1,0.0,0.0
Alpine County,2026-03-25,62.8,0.0,0.0
Alpine County,2026-03-26,56.2,0.0,0.0
Alpine County,2026-03-27,65.1,0.0,0.0
Alpine County,2026-03-28,62.4,0.0,0.0
Alpine County,2026-03-29,62.3,0.0,0.0
Alpine County,2026-03-30,56.3,0.0,0.0
Alpine County,2026-03-31,38.4,0.669,3.913
Alpine County,2026-04-01,39.0,0.382,2.315
Alpine County,2026-04-02,45.4,0.134,0.799
Alpine County,2026-04-03,45.1,0.0,0.0
Alpine County,2026-04-04,52.6,0.0,0.0
Alpine County,2026-04-05,61.1,0.0,0.0
Alpine County,2026-04-06,60.0,0.008,0.0
Alpine County,2026-04-07,60.0,0.0,0.0
Alpine County,2026-04-08,59.1,0.039,0.0
Alpine County,2026-04-09,51.7,0.094,0.028
Alpine County,2026-04-10,47.2,0.106,0.441
Alpine County,2026-04-11,40.9,0.417,2.921
Alpine County,2026-04-12,29.5,1.102,7.744
Alpine County,2026-04-13,38.3,0.087,0.606
Alpine County,2026-04-14,46.5,0.0,0.0
Alpine County,2026-04-15,46.9,0.0,0.0
Alpine County,2026-04-16,48.3,0.0,0.0
Alpine County,2026-04-17,46.0,0.0,0.0
Alpine County,2026-04-18,57.9,0.0,0.0
Alpine County,2026-04-19,55.6,0.0,0.0
Alpine County,2026-04-20,53.5,0.0,0.0
Alpine County,2026-04-21,36.7,0.78,5.484
Alpine County,2026-04-22,37.5,0.075,0.524
Alpine County,2026-04-23,48.5,0.0,0.0
Alpine County,2026-04-24,49.4,0.035,0.083
Alpine County,2026-04-25,46.0,0.122,0.579
Alpine County,2026-04-26,35.6,0.035,0.22
Alpine County,2026-04-27,44.6,0.012,0.055
Alpine County,2026-04-28,46.0,0.071,0.386
Alpine County,2026-04-29,57.1,0.0,0.0
Alpine County,2026-04-30,57.7,0.0,0.0
Alpine County,2026-05-01,60.0,0.0,0.0
Alpine County,2026-05-02,56.3,0.028,0.0
Alpine County,2026-05-03,52.4,0.378,1.185
Alpine County,2026-05-04,46.4,0.72,4.024
Alpine County,2026-05-05,48.0,0.126,0.634
Alpine County,2026-05-06,61.0,0.0,0.0
Alpine County,2026-05-07,64.4,0.0,0.0
Alpine County,2026-05-08,65.0,0.0,0.0
Alpine County,2026-05-09,66.6,0.0,0.0
Alpine County,2026-05-10,71.2,0.0,0.0
Alpine County,2026-05-11,72.6,0.0,0.0
Alpine County,2026-05-12,70.3,0.012,0.0
Alpine County,2026-05-13,62.5,0.0,0.0
Alpine County,2026-05-14,68.1,0.0,0.0
Alpine County,2026-05-15,63.9,0.0,0.0
Alpine County,2026-05-16,57.8,0.008,0.0
Alpine County,2026-05-17,50.0,0.031,0.22
Alpine County,2026-05-18,46.7,0.0,0.0
Alpine County,2026-05-19,53.6,0.0,0.0
Alpine County,2026-05-20,62.1,0.0,0.0
Alpine County,2026-05-21,64.1,0.098,0.0
Alpine County,2026-05-22,62.7,0.063,0.0
Alpine County,2026-05-23,64.9,0.0,0.0
Alpine County,2026-05-24,64.0,0.091,0.0
Alpine County,2026-05-25,62.8,0.012,0.0
Alpine County,2026-05-26,41.5,0.067,0.165
Alpine County,2026-05-27,42.9,0.252,1.681
Alpine County,2026-05-28,45.4,0.283,1.406
Alpine County,2026-05-29,48.8,0.004,0.0
Alpine County,2026-05-30,56.8,0.0,0.0
Alpine County,2026-05-31,63.1,0.0,0.0
Alpine County,2026-06-01,68.7,0.0,0.0
Alpine County,2026-06-02,70.8,0.008,0.0
Alpine County,2026-06-03,70.6,0.0,0.0
Alpine County,2026-06-04,74.1,0.0,0.0
Alpine County,2026-06-05,73.3,0.0,0.0
Alpine County,2026-06-06,64.0,0.0,0.0
Alpine County,2026-06-07,63.8,0.0,0.0
Alpine County,2026-06-08,58.8,0.055,0.0
Alpine County,2026-06-09,65.9,0.0,0.0
Alpine County,2026-06-10,72.1,0.0,0.0
Alpine County,2026-06-11,74.4,0.0,0.0
Alpine County,2026-06-12,75.6,0.0,0.0
Alpine County,2026-06-13,75.9,0.0,0.0
Alpine County,2026-06-14,75.3,0.008,0.0
Alpine County,2026-06-15,79.2,0.0,0.0
Alpine County,2026-06-16,81.7,0.031,0.0
Alpine County,2026-06-17,80.3,0.012,0.0
Alpine County,2026-06-18,77.9,0.091,0.0
Alpine County,2026-06-19,72.7,0.079,0.0
Alpine County,2026-06-20,70.3,0.0,0.0
Alpine County,2026-06-21,73.4,0.004,0.0
Alpine County,2026-06-22,76.2,0.008,0.0
Alpine County,2026-06-23,77.0,0.0,0.0
Alpine County,2026-06-24,74.1,0.0,0.0
Alpine County,2026-06-25,72.5,0.0,0.0
Alpine County,2026-06-26,59.7,0.012,0.0
Alpine County,2026-06-27,57.8,0.012,0.0
Alpine County,2026-06-28,57.1,0.012,0.0
Alpine County,2026-06-29,61.1,0.039,0.0
Alpine County,2026-06-30,65.0,0.0,0.0
Alpine County,2026-07-01,67.4,0.0,0.0
Alpine County,2026-07-02,71.0,0.146,0.0
Alpine County,2026-07-03,74.8,0.024,0.0
Alpine County,2026-07-04,78.2,0.012,0.0
Alpine County,2026-07-05,67.6,0.055,0.0
Alpine County,2026-07-06,75.3,0.0,0.0
Alpine County,2026-07-07,78.0,0.0,0.0
Alpine County,2026-07-08,78.3,0.0,0.0
Alpine County,2026-07-09,79.5,0.0,0.0
Alpine County,2026-07-10,79.0,0.0,0.0
Alpine County,2026-07-11,83.7,0.0,0.0
Alpine County,2026-07-12,71.3,0.098,0.0
Alpine County,2026-07-13,68.2,0.563,0.0
Alpine County,2026-07-14,72.0,0.087,0.0
Alpine County,2026-07-15,77.8,0.004,0.0
Alpine County,2026-07-16,76.8,0.0,0.0
Alpine County,2026-07-17,77.3,0.0,0.0
Alpine County,2026-07-18,79.4,0.016,0.0
Alpine County,2026-07-19,78.8,0.028,0.0
Alpine County,2026-07-20,79.6,0.087,0.0
Alpine County,2026-07-21,75.7,0.669,0.0
Alpine County,2026-07-22,78.4,0.0,0.0
Alpine County,2026-07-23,81.6,0.0,0.0
Alpine County,2026-07-24,82.8,0.0,0.0
Alpine County,2026-07-25,79.1,0.0,0.0
Alpine County,2026-07-26,78.3,0.0,0.0
Alpine County,2026-07-27,78.4,0.0,0.0
Alpine County,2026-07-28,80.7,0.0,0.0
Alpine County,2026-07-29,80.2,0.0,0.0
Sierra County,2023-07-30,76.2,0.0,0.0
Sierra County,2023-07-31,75.1,0.0,0.0
Sierra County,2023-08-01,73.3,0.0,0.0
Sierra County,2023-08-02,72.5,0.0,0.0
Sierra County,2023-08-03,68.7,0.0,0.0
Sierra County,2023-08-04,73.6,0.0,0.0
Sierra County,2023-08-05,74.3,0.008,0.0
Sierra County,2023-08-06,77.6,0.0,0.0
Sierra County,2023-08-07,74.0,0.0,0.0
Sierra County,2023-08-08,72.3,0.0,0.0
Sierra County,2023-08-09,69.8,0.0,0.0
Sierra County,2023-08-10,72.1,0.0,0.0
Sierra County,2023-08-11,74.6,0.0,0.0
Sierra County,2023-08-12,78.6,0.075,0.0
Sierra County,2023-08-13,82.8,0.008,0.0
Sierra County,2023-08-14,73.2,0.339,0.0
Sierra County,2023-08-15,79.1,0.043,0.0
Sierra County,2023-08-16,80.3,0.083,0.0
Sierra County,2023-08-17,73.8,0.154,0.0
Sierra County,2023-08-18,73.6,0.177,0.0
Sierra County,2023-08-19,70.0,0.35,0.0
Sierra County,2023-08-20,59.0,0.094,0.0
Sierra County,2023-08-21,53.8,0.886,0.0
Sierra County,2023-08-22,58.1,0.051,0.0
Sierra County,2023-08-23,68.2,0.0,0.0
Sierra County,2023-08-24,70.2,0.0,0.0
Sierra County,2023-08-25,67.8,0.0,0.0
Sierra County,2023-08-26,68.2,0.0,0.0
Sierra County,2023-08-27,72.0,0.0,0.0
Sierra County,2023-08-28,75.3,0.0,0.0
Sierra County,2023-08-29,68.9,0.0,0.0
Sierra County,2023-08-30,76.3,0.0,0.0
Sierra County,2023-08-31,66.2,0.0,0.0
Sierra County,2023-09-01,50.2,0.307,0.0
Sierra County,2023-09-02,51.1,0.748,0.0
Sierra County,2023-09-03,48.0,0.24,0.0
Sierra County,2023-09-04,62.8,0.0,0.0
Sierra County,2023-09-05,66.1,0.035,0.0
Sierra County,2023-09-06,61.7,0.0,0.0
Sierra County,2023-09-07,63.3,0.0,0.0
Sierra County,2023-09-08,64.3,0.0,0.0
Sierra County,2023-09-09,65.0,0.0,0.0
Sierra County,2023-09-10,66.5,0.0,0.0
Sierra County,2023-09-11,66.9,0.0,0.0
Sierra County,2023-09-12,66.8,0.0,0.0
Sierra County,2023-09-13,67.1,0.024,0.0
Sierra County,2023-09-14,69.8,0.0,0.0
Sierra County,2023-09-15,71.7,0.0,0.0
Sierra County,2023-09-16,69.4,0.055,0.0
Sierra County,2023-09-17,70.8,0.165,0.0
Sierra County,2023-09-18,64.9,0.067,0.0
Sierra County,2023-09-19,65.9,0.028,0.0
Sierra County,2023-09-20,60.1,0.004,0.0
Sierra County,2023-09-21,50.0,0.138,0.0
Sierra County,2023-09-22,58.3,0.0,0.0
Sierra County,2023-09-23,57.4,0.0,0.0
Sierra County,2023-09-24,58.3,0.0,0.0
Sierra County,2023-09-25,56.6,0.0,0.0
Sierra County,2023-09-26,53.1,0.087,0.0
Sierra County,2023-09-27,58.9,0.0,0.0
Sierra County,2023-09-28,61.5,0.0,0.0
Sierra County,2023-09-29,54.8,0.098,0.0
Sierra County,2023-09-30,41.9,0.311,0.165
Sierra County,2023-10-01,43.7,0.0,0.0
Sierra County,2023-10-02,54.1,0.0,0.0
Sierra County,2023-10-03,56.3,0.0,0.0
Sierra County,2023-10-04,59.2,0.0,0.0
Sierra County,2023-10-05,64.4,0.0,0.0
Sierra County,2023-10-06,67.4,0.0,0.0
Sierra County,2023-10-07,67.4,0.0,0.0
Sierra County,2023-10-08,66.2,0.0,0.0
Sierra County,2023-10-09,54.4,0.0,0.0
Sierra County,2023-10-10,44.7,0.138,0.0
Sierra County,2023-10-11,47.3,0.209,0.0
Sierra County,2023-10-12,51.3,0.0,0.0
Sierra County,2023-10-13,53.0,0.0,0.0
Sierra County,2023-10-14,54.3,0.004,0.0
Sierra County,2023-10-15,62.4,0.0,0.0
Sierra County,2023-10-16,59.5,0.0,0.0
Sierra County,2023-10-17,64.3,0.0,0.0
Sierra County,2023-10-18,69.8,0.0,0.0
Sierra County,2023-10-19,69.9,0.0,0.0
Sierra County,2023-10-20,65.6,0.0,0.0
Sierra County,2023-10-21,59.9,0.0,0.0
Sierra County,2023-10-22,47.0,0.52,1.02
Sierra County,2023-10-23,52.5,0.0,0.0
Sierra County,2023-10-24,56.7,0.0,0.0
Sierra County,2023-10-25,39.6,0.37,1.984
Sierra County,2023-10-26,44.2,0.004,0.0
Sierra County,2023-10-27,43.0,0.0,0.0
Sierra County,2023-10-28,34.2,0.0,0.0
Sierra County,2023-10-29,41.2,0.0,0.0
Sierra County,2023-10-30,51.4,0.0,0.0
Sierra County,2023-10-31,55.3,0.0,0.0
Sierra County,2023-11-01,56.5,0.0,0.0
Sierra County,2023-11-02,53.8,0.0,0.0
Sierra County,2023-11-03,57.3,0.173,0.441
Sierra County,2023-11-04,54.7,0.0,0.0
Sierra County,2023-11-05,43.9,0.047,0.0
Sierra County,2023-11-06,36.2,1.346,3.528
Sierra County,2023-11-07,37.0,0.055,0.386
Sierra County,2023-11-08,39.3,0.0,0.0
Sierra County,2023-11-09,45.9,0.0,0.0
Sierra County,2023-11-10,45.0,0.008,0.055
Sierra County,2023-11-11,49.5,0.0,0.0
Sierra County,2023-11-12,47.5,0.0,0.0
Sierra County,2023-11-13,44.0,0.0,0.0
Sierra County,2023-11-14,44.9,0.0,0.0
Sierra County,2023-11-15,49.8,0.063,0.22
Sierra County,2023-11-16,42.1,0.154,0.138
Sierra County,2023-11-17,45.7,0.031,0.0
Sierra County,2023-11-18,34.1,1.319,5.016
Sierra County,2023-11-19,32.2,0.083,0.358
Sierra County,2023-11-20,38.5,0.0,0.0
Sierra County,2023-11-21,49.9,0.0,0.0
Sierra County,2023-11-22,50.2,0.0,0.0
Sierra County,2023-11-23,35.8,0.165,0.965
Sierra County,2023-11-24,28.6,0.0,0.0
Sierra County,2023-11-25,30.4,0.0,0.0
Sierra County,2023-11-26,34.9,0.0,0.0
Sierra County,2023-11-27,38.4,0.0,0.0
Sierra County,2023-11-28,38.1,0.0,0.0
Sierra County,2023-11-29,33.9,0.004,0.028
Sierra County,2023-11-30,28.9,0.071,0.524
Sierra County,2023-12-01,28.2,0.059,0.248
Sierra County,2023-12-02,30.2,0.252,0.965
Sierra County,2023-12-03,37.6,0.413,1.13
Sierra County,2023-12-04,46.3,0.0,0.0
Sierra County,2023-12-05,52.1,0.0,0.0
Sierra County,2023-12-06,39.0,0.669,4.63
Sierra County,2023-12-07,25.6,0.276,1.736
Sierra County,2023-12-08,27.4,0.0,0.0
Sierra County,2023-12-09,37.1,0.0,0.0
Sierra County,2023-12-10,44.2,0.0,0.0
Sierra County,2023-12-11,42.8,0.0,0.0
Sierra County,2023-12-12,34.4,0.0,0.0
Sierra County,2023-12-13,35.8,0.0,0.0
Sierra County,2023-12-14,39.7,0.0,0.0
Sierra County,2023-12-15,46.3,0.0,0.0
Sierra County,2023-12-16,47.2,0.0,0.0
Sierra County,2023-12-17,48.3,0.016,0.028
Sierra County,2023-12-18,37.5,0.791,2.398
Sierra County,2023-12-19,34.5,0.878,1.626
Sierra County,2023-12-20,37.5,0.039,0.055
Sierra County,2023-12-21,37.6,0.0,0.0
Sierra County,2023-12-22,39.5,0.0,0.0
Sierra County,2023-12-23,35.0,0.0,0.0
Sierra County,2023-12-24,39.3,0.0,0.0
Sierra County,2023-12-25,41.9,0.024,0.028
Sierra County,2023-12-26,41.9,0.0,0.0
Sierra County,2023-12-27,37.1,0.055,0.358
Sierra County,2023-12-28,40.2,0.0,0.0
Sierra County,2023-12-29,39.1,0.0,0.0
Sierra County,2023-12-30,31.5,0.39,2.673
Sierra County,2023-12-31,33.1,0.0,0.0
Sierra County,2024-01-01,37.8,0.0,0.0
Sierra County,2024-01-02,32.2,0.343,2.398
Sierra County,2024-01-03,25.0,0.598,4.189
Sierra County,2024-01-04,31.3,0.0,0.0
Sierra County,2024-01-05,29.0,0.0,0.0
Sierra County,2024-01-06,24.2,0.689,4.768
Sierra County,2024-01-07,21.7,0.0,0.0
Sierra County,2024-01-08,33.1,0.0,0.0
Sierra County,2024-01-09,27.7,0.22,0.799
Sierra County,2024-01-10,23.1,1.555,10.417
Sierra County,2024-01-11,24.1,0.028,0.193
Sierra County,2024-01-12,24.9,0.004,0.028
Sierra County,2024-01-13,28.5,1.299,8.819
Sierra County,2024-01-14,33.1,0.173,0.358
Sierra County,2024-01-15,38.9,0.0,0.0
Sierra County,2024-01-16,38.5,0.488,3.417
Sierra County,2024-01-17,30.4,0.118,0.138
Sierra County,2024-01-18,46.8,0.0,0.0
Sierra County,2024-01-19,40.5,0.024,0.138
Sierra County,2024-01-20,30.8,1.606,11.134
Sierra County,2024-01-21,31.7,0.654,4.244
Sierra County,2024-01-22,32.2,0.661,4.547
Sierra County,2024-01-23,35.5,0.0,0.0
Sierra County,2024-01-24,31.0,0.252,0.965
Sierra County,2024-01-25,33.0,0.028,0.11
Sierra County,2024-01-26,39.9,0.004,0.0
Sierra County,2024-01-27,48.5,0.004,0.0
Sierra County,2024-01-28,52.7,0.012,0.0
Sierra County,2024-01-29,50.6,0.0,0.0
Sierra County,2024-01-30,44.4,0.0,0.0
Sierra County,2024-01-31,38.1,0.37,2.453
Sierra County,2024-02-01,30.8,0.953,6.697
Sierra County,2024-02-02,24.1,0.319,2.177
Sierra County,2024-02-03,24.7,0.039,0.303
Sierra County,2024-02-04,32.2,1.65,11.52
Sierra County,2024-02-05,28.7,0.949,6.614
Sierra County,2024-02-06,30.6,0.075,0.496
Sierra County,2024-02-07,23.2,0.362,2.563
Sierra County,2024-02-08,27.1,0.059,0.386
Sierra County,2024-02-09,28.3,0.02,0.138
Sierra County,2024-02-10,27.9,0.0,0.0
Sierra County,2024-02-11,37.9,0.0,0.0
Sierra County,2024-02-12,42.3,0.0,0.0
Sierra County,2024-02-13,33.1,0.0,0.0
Sierra County,2024-02-14,28.7,1.079,7.551
Sierra County,2024-02-15,29.1,0.846,5.815
Sierra County,2024-02-16,38.1,0.028,0.138
Sierra County,2024-02-17,35.6,0.457,3.197
Sierra County,2024-02-18,36.2,0.591,3.72
Sierra County,2024-02-19,31.8,2.24,15.295
Sierra County,2024-02-20,31.3,0.433,3.031
Sierra County,2024-02-21,30.0,0.15,0.965
Sierra County,2024-02-22,35.6,0.0,0.0
Sierra County,2024-02-23,38.5,0.0,0.0
Sierra County,2024-02-24,42.3,0.0,0.0
Sierra County,2024-02-25,39.7,0.0,0.0
Sierra County,2024-02-26,29.5,0.299,1.654
Sierra County,2024-02-27,36.1,0.012,0.083
Sierra County,2024-02-28,39.1,0.0,0.0
Sierra County,2024-02-29,30.1,2.087,14.469
Sierra County,2024-03-01,24.5,3.051,20.752
Sierra County,2024-03-02,22.3,2.094,14.579
Sierra County,2024-03-03,19.3,1.091,7.579
Sierra County,2024-03-04,21.7,0.283,1.957
Sierra County,2024-03-05,28.6,0.268,1.736
Sierra County,2024-03-06,32.8,0.039,0.303
Sierra County,2024-03-07,32.5,0.0,0.0
Sierra County,2024-03-08,41.5,0.0,0.0
Sierra County,2024-03-09,32.5,0.012,0.083
Sierra County,2024-03-10,32.4,0.012,0.083
Sierra County,2024-03-11,28.9,0.528,3.528
Sierra County,2024-03-12,28.4,0.567,3.555
Sierra County,2024-03-13,30.1,0.0,0.0
Sierra County,2024-03-14,29.3,0.0,0.0
Sierra County,2024-03-15,34.7,0.0,0.0
Sierra County,2024-03-16,41.2,0.0,0.0
Sierra County,2024-03-17,42.5,0.0,0.0
Sierra County,2024-03-18,45.7,0.0,0.0
Sierra County,2024-03-19,46.4,0.0,0.0
Sierra County,2024-03-20,42.4,0.0,0.0
Sierra County,2024-03-21,41.2,0.0,0.0
Sierra County,2024-03-22,38.6,0.744,4.602
Sierra County,2024-03-23,28.1,0.858,6.008
Sierra County,2024-03-24,30.3,0.713,4.933
Sierra County,2024-03-25,32.1,0.0,0.0
Sierra County,2024-03-26,34.9,0.012,0.083
Sierra County,2024-03-27,31.9,0.461,3.169
Sierra County,2024-03-28,27.7,0.65,4.272
Sierra County,2024-03-29,27.1,0.445,3.142
Sierra County,2024-03-30,31.6,0.61,4.272
Sierra County,2024-03-31,34.9,0.354,2.453
Sierra County,2024-04-01,39.0,0.0,0.0
Sierra County,2024-04-02,53.2,0.0,0.0
Sierra County,2024-04-03,43.3,0.283,1.378
Sierra County,2024-04-04,28.3,0.28,1.736
Sierra County,2024-04-05,23.3,0.217,1.516
Sierra County,2024-04-06,28.2,0.008,0.055
Sierra County,2024-04-07,32.9,0.008,0.055
Sierra County,2024-04-08,37.5,0.0,0.0
Sierra County,2024-04-09,44.8,0.0,0.0
Sierra County,2024-04-10,51.6,0.0,0.0
Sierra County,2024-04-11,50.3,0.0,0.0
Sierra County,2024-04-12,44.3,0.091,0.0
Sierra County,2024-04-13,38.6,0.059,0.358
Sierra County,2024-04-14,30.2,0.209,1.461
Sierra County,2024-04-15,44.1,0.0,0.0
Sierra County,2024-04-16,48.4,0.0,0.0
Sierra County,2024-04-17,46.7,0.0,0.0
Sierra County,2024-04-18,48.8,0.0,0.0
Sierra County,2024-04-19,48.9,0.0,0.0
Sierra County,2024-04-20,49.9,0.0,0.0
Sierra County,2024-04-21,52.1,0.0,0.0
Sierra County,2024-04-22,53.0,0.0,0.0
Sierra County,2024-04-23,46.8,0.098,0.0
Sierra County,2024-04-24,42.3,0.004,0.0
Sierra County,2024-04-25,38.8,0.331,0.854
Sierra County,2024-04-26,33.9,0.406,2.48
Sierra County,2024-04-27,42.2,0.0,0.0
Sierra County,2024-04-28,44.5,0.0,0.0
Sierra County,2024-04-29,42.3,0.0,0.0
Sierra County,2024-04-30,44.0,0.0,0.0
Sierra County,2024-05-01,44.0,0.0,0.0
Sierra County,2024-05-02,46.5,0.0,0.0
Sierra County,2024-05-03,49.3,0.0,0.0
Sierra County,2024-05-04,35.8,2.35,16.232
Sierra County,2024-05-05,27.9,0.075,0.524
Sierra County,2024-05-06,38.0,0.0,0.0
Sierra County,2024-05-07,41.7,0.0,0.0
Sierra County,2024-05-08,39.2,0.0,0.0
Sierra County,2024-05-09,46.9,0.0,0.0
Sierra County,2024-05-10,50.2,0.0,0.0
Sierra County,2024-05-11,58.3,0.0,0.0
Sierra County,2024-05-12,56.5,0.012,0.0
Sierra County,2024-05-13,58.8,0.004,0.0
Sierra County,2024-05-14,54.4,0.0,0.0
Sierra County,2024-05-15,55.6,0.0,0.0
Sierra County,2024-05-16,63.9,0.0,0.0
Sierra County,2024-05-17,63.3,0.0,0.0
Sierra County,2024-05-18,63.2,0.0,0.0
Sierra County,2024-05-19,54.3,0.0,0.0
Sierra County,2024-05-20,54.2,0.0,0.0
Sierra County,2024-05-21,57.0,0.0,0.0
Sierra County,2024-05-22,54.7,0.0,0.0
Sierra County,2024-05-23,57.6,0.0,0.0
Sierra County,2024-05-24,54.2,0.0,0.0
Sierra County,2024-05-25,49.3,0.0,0.0
Sierra County,2024-05-26,61.2,0.0,0.0
Sierra County,2024-05-27,64.6,0.008,0.0
Sierra County,2024-05-28,62.2,0.0,0.0
Sierra County,2024-05-29,63.8,0.035,0.0
Sierra County,2024-05-30,66.0,0.0,0.0
Sierra County,2024-05-31,69.4,0.0,0.0
Sierra County,2024-06-01,63.4,0.0,0.0
Sierra County,2024-06-02,62.9,0.0,0.0
Sierra County,2024-06-03,52.6,0.142,0.0
Sierra County,2024-06-04,73.3,0.0,0.0
Sierra County,2024-06-05,78.3,0.0,0.0
Sierra County,2024-06-06,76.0,0.0,0.0
Sierra County,2024-06-07,75.3,0.0,0.0
Sierra County,2024-06-08,72.4,0.0,0.0
Sierra County,2024-06-09,67.3,0.0,0.0
Sierra County,2024-06-10,76.3,0.0,0.0
Sierra County,2024-06-11,78.2,0.0,0.0
Sierra County,2024-06-12,77.3,0.0,0.0
Sierra County,2024-06-13,73.4,0.0,0.0
Sierra County,2024-06-14,68.3,0.0,0.0
Sierra County,2024-06-15,63.6,0.0,0.0
Sierra County,2024-06-16,62.4,0.0,0.0
Sierra County,2024-06-17,55.0,0.0,0.0
Sierra County,2024-06-18,61.5,0.0,0.0
Sierra County,2024-06-19,65.5,0.0,0.0
Sierra County,2024-06-20,71.8,0.0,0.0
Sierra County,2024-06-21,79.0,0.0,0.0
Sierra County,2024-06-22,78.9,0.0,0.0
Sierra County,2024-06-23,75.3,0.0,0.0
Sierra County,2024-06-24,74.4,0.0,0.0
Sierra County,2024-06-25,75.2,0.016,0.0
Sierra County,2024-06-26,70.3,0.0,0.0
Sierra County,2024-06-27,68.6,0.0,0.0
Sierra County,2024-06-28,73.4,0.0,0.0
Sierra County,2024-06-29,71.0,0.0,0.0
Sierra County,2024-06-30,71.3,0.0,0.0
Sierra County,2024-07-01,77.8,0.0,0.0
Sierra County,2024-07-02,82.6,0.0,0.0
Sierra County,2024-07-03,84.2,0.0,0.0
Sierra County,2024-07-04,82.9,0.0,0.0
Sierra County,2024-07-05,87.8,0.0,0.0
Sierra County,2024-07-06,89.8,0.0,0.0
Sierra County,2024-07-07,87.9,0.0,0.0
Sierra County,2024-07-08,86.5,0.0,0.0
Sierra County,2024-07-09,83.6,0.0,0.0
Sierra County,2024-07-10,84.9,0.0,0.0
Sierra County,2024-07-11,85.6,0.0,0.0
Sierra County,2024-07-12,86.2,0.0,0.0
Sierra County,2024-07-13,83.0,0.106,0.0
Sierra County,2024-07-14,77.3,0.016,0.0
Sierra County,2024-07-15,77.4,0.008,0.0
Sierra County,2024-07-16,76.3,0.0,0.0
Sierra County,2024-07-17,74.5,0.0,0.0
Sierra County,2024-07-18,79.3,0.0,0.0
Sierra County,2024-07-19,82.1,0.0,0.0
Sierra County,2024-07-20,84.7,0.091,0.0
Sierra County,2024-07-21,82.7,0.0,0.0
Sierra County,2024-07-22,82.9,0.039,0.0
Sierra County,2024-07-23,82.2,0.02,0.0
Sierra County,2024-07-24,77.2,0.118,0.0
Sierra County,2024-07-25,75.9,0.0,0.0
Sierra County,2024-07-26,75.3,0.0,0.0
Sierra County,2024-07-27,65.4,0.0,0.0
Sierra County,2024-07-28,68.6,0.0,0.0
Sierra County,2024-07-29,68.6,0.0,0.0
Sierra County,2024-07-30,71.8,0.0,0.0
Sierra County,2024-07-31,79.1,0.0,0.0
Sierra County,2024-08-01,81.1,0.0,0.0
Sierra County,2024-08-02,79.3,0.0,0.0
Sierra County,2024-08-03,70.8,0.48,0.0
Sierra County,2024-08-04,76.7,0.0,0.0
Sierra County,2024-08-05,76.8,0.0,0.0
Sierra County,2024-08-06,79.3,0.0,0.0
Sierra County,2024-08-07,79.4,0.0,0.0
Sierra County,2024-08-08,78.1,0.0,0.0
Sierra County,2024-08-09,77.8,0.0,0.0
Sierra County,2024-08-10,77.2,0.0,0.0
Sierra County,2024-08-11,74.5,0.0,0.0
Sierra County,2024-08-12,70.0,0.0,0.0
Sierra County,2024-08-13,68.0,0.0,0.0
Sierra County,2024-08-14,68.8,0.0,0.0
Sierra County,2024-08-15,68.2,0.0,0.0
Sierra County,2024-08-16,70.1,0.0,0.0
Sierra County,2024-08-17,63.1,0.0,0.0
Sierra County,2024-08-18,64.9,0.0,0.0
Sierra County,2024-08-19,66.9,0.0,0.0
Sierra County,2024-08-20,67.6,0.0,0.0
Sierra County,2024-08-21,68.6,0.0,0.0
Sierra County,2024-08-22,62.8,0.0,0.0
Sierra County,2024-08-23,49.5,0.012,0.0
Sierra County,2024-08-24,41.4,0.35,0.386
Sierra County,2024-08-25,60.8,0.0,0.0
Sierra County,2024-08-26,69.6,0.0,0.0
Sierra County,2024-08-27,71.8,0.0,0.0
Sierra County,2024-08-28,73.8,0.0,0.0
Sierra County,2024-08-29,77.8,0.0,0.0
Sierra County,2024-08-30,80.0,0.0,0.0
Sierra County,2024-08-31,77.6,0.004,0.0
Sierra County,2024-09-01,73.4,0.0,0.0
Sierra County,2024-09-02,67.5,0.0,0.0
Sierra County,2024-09-03,71.8,0.0,0.0
Sierra County,2024-09-04,78.9,0.0,0.0
Sierra County,2024-09-05,80.8,0.0,0.0
Sierra County,2024-09-06,77.7,0.008,0.0
Sierra County,2024-09-07,72.7,0.0,0.0
Sierra County,2024-09-08,71.2,0.0,0.0
Sierra County,2024-09-09,72.3,0.0,0.0
Sierra County,2024-09-10,70.2,0.0,0.0
Sierra County,2024-09-11,59.5,0.0,0.0
Sierra County,2024-09-12,64.3,0.0,0.0
Sierra County,2024-09-13,69.0,0.0,0.0
Sierra County,2024-09-14,67.2,0.0,0.0
Sierra County,2024-09-15,56.5,0.0,0.0
Sierra County,2024-09-16,48.3,0.063,0.0
Sierra County,2024-09-17,48.8,0.0,0.0
Sierra County,2024-09-18,53.8,0.398,0.0
Sierra County,2024-09-19,59.3,0.079,0.0
Sierra County,2024-09-20,64.3,0.0,0.0
Sierra County,2024-09-21,67.9,0.0,0.0
Sierra County,2024-09-22,68.9,0.0,0.0
Sierra County,2024-09-23,70.3,0.0,0.0
Sierra County,2024-09-24,72.6,0.0,0.0
Sierra County,2024-09-25,67.2,0.0,0.0
Sierra County,2024-09-26,70.4,0.0,0.0
Sierra County,2024-09-27,76.4,0.0,0.0
Sierra County,2024-09-28,73.4,0.0,0.0
Sierra County,2024-09-29,71.2,0.0,0.0
Sierra County,2024-09-30,72.5,0.0,0.0
Sierra County,2024-10-01,75.4,0.0,0.0
Sierra County,2024-10-02,73.9,0.0,0.0
Sierra County,2024-10-03,71.8,0.0,0.0
Sierra County,2024-10-04,67.4,0.0,0.0
Sierra County,2024-10-05,70.4,0.0,0.0
Sierra County,2024-10-06,70.6,0.008,0.0
Sierra County,2024-10-07,69.3,0.004,0.0
Sierra County,2024-10-08,69.4,0.0,0.0
Sierra County,2024-10-09,67.0,0.0,0.0
Sierra County,2024-10-10,64.9,0.0,0.0
Sierra County,2024-10-11,63.4,0.0,0.0
Sierra County,2024-10-12,55.7,0.0,0.0
Sierra County,2024-10-13,61.6,0.0,0.0
Sierra County,2024-10-14,66.7,0.0,0.0
Sierra County,2024-10-15,64.6,0.0,0.0
Sierra County,2024-10-16,46.1,0.374,0.0
Sierra County,2024-10-17,38.7,0.291,0.138
Sierra County,2024-10-18,42.9,0.0,0.0
Sierra County,2024-10-19,52.8,0.0,0.0
Sierra County,2024-10-20,55.2,0.0,0.0
Sierra County,2024-10-21,51.6,0.0,0.0
Sierra County,2024-10-22,54.9,0.0,0.0
Sierra County,2024-10-23,56.3,0.0,0.0
Sierra County,2024-10-24,56.1,0.0,0.0
Sierra County,2024-10-25,59.1,0.0,0.0
Sierra County,2024-10-26,58.6,0.0,0.0
Sierra County,2024-10-27,47.2,0.197,0.0
Sierra County,2024-10-28,36.3,0.197,0.496
Sierra County,2024-10-29,38.3,0.0,0.0
Sierra County,2024-10-30,38.6,0.0,0.0
Sierra County,2024-10-31,32.3,0.177,0.965
Sierra County,2024-11-01,36.9,0.232,1.626
Sierra County,2024-11-02,32.9,0.122,0.717
Sierra County,2024-11-03,34.5,0.0,0.0
Sierra County,2024-11-04,45.6,0.0,0.0
Sierra County,2024-11-05,40.1,0.0,0.0
Sierra County,2024-11-06,34.0,0.0,0.0
Sierra County,2024-11-07,48.6,0.0,0.0
Sierra County,2024-11-08,54.5,0.0,0.0
Sierra County,2024-11-09,48.0,0.0,0.0
Sierra County,2024-11-10,46.7,0.0,0.0
Sierra County,2024-11-11,35.6,0.669,4.602
Sierra County,2024-11-12,39.3,0.004,0.028
Sierra County,2024-11-13,36.9,0.161,1.13
Sierra County,2024-11-14,33.0,0.055,0.386
Sierra County,2024-11-15,28.6,0.102,0.717
Sierra County,2024-11-16,33.7,0.0,0.0
Sierra County,2024-11-17,42.1,0.039,0.11
Sierra County,2024-11-18,27.5,0.075,0.331
Sierra County,2024-11-19,31.6,0.031,0.22
Sierra County,2024-11-20,31.0,1.98,13.835
Sierra County,2024-11-21,36.3,2.122,10.858
Sierra County,2024-11-22,37.1,1.713,11.823
Sierra County,2024-11-23,30.6,1.508,10.087
Sierra County,2024-11-24,30.5,0.0,0.0
Sierra County,2024-11-25,30.6,0.327,1.819
Sierra County,2024-11-26,29.7,0.39,2.287
Sierra County,2024-11-27,34.4,0.0,0.0
Sierra County,2024-11-28,41.1,0.0,0.0
Sierra County,2024-11-29,47.3,0.0,0.0
Sierra County,2024-11-30,49.7,0.0,0.0
Sierra County,2024-12-01,48.2,0.0,0.0
Sierra County,2024-12-02,47.5,0.0,0.0
Sierra County,2024-12-03,47.8,0.0,0.0
Sierra County,2024-12-04,49.9,0.0,0.0
Sierra County,2024-12-05,48.4,0.0,0.0
Sierra County,2024-12-06,47.2,0.0,0.0
Sierra County,2024-12-07,53.2,0.0,0.0
Sierra County,2024-12-08,44.0,0.0,0.0
Sierra County,2024-12-09,33.8,0.0,0.0
Sierra County,2024-12-10,42.7,0.0,0.0
Sierra County,2024-12-11,39.5,0.0,0.0
Sierra County,2024-12-12,28.9,0.791,5.484
Sierra County,2024-12-13,28.3,0.457,3.142
Sierra County,2024-12-14,28.9,2.449,16.949
Sierra County,2024-12-15,36.0,0.028,0.193
Sierra County,2024-12-16,32.4,0.654,4.244
Sierra County,2024-12-17,42.7,0.0,0.0
Sierra County,2024-12-18,51.1,0.0,0.0
Sierra County,2024-12-19,54.2,0.0,0.0
Sierra County,2024-12-20,47.6,0.0,0.0
Sierra County,2024-12-21,38.9,0.213,0.717
Sierra County,2024-12-22,37.2,0.472,0.0
Sierra County,2024-12-23,41.4,0.059,0.0
Sierra County,2024-12-24,36.2,1.012,6.697
Sierra County,2024-12-25,32.9,0.016,0.11
Sierra County,2024-12-26,29.8,0.941,6.504
Sierra County,2024-12-27,33.8,0.819,4.575
Sierra County,2024-12-28,35.6,0.622,0.276
Sierra County,2024-12-29,33.0,1.22,5.705
Sierra County,2024-12-30,32.3,0.0,0.0
Sierra County,2024-12-31,34.9,0.0,0.0
Sierra County,2025-01-01,34.7,0.063,0.303
Sierra County,2025-01-02,43.0,0.02,0.0
Sierra County,2025-01-03,35.9,1.126,7.882
Sierra County,2025-01-04,34.8,0.028,0.22
Sierra County,2025-01-05,40.5,0.0,0.0
Sierra County,2025-01-06,35.8,0.031,0.138
Sierra County,2025-01-07,27.3,0.0,0.0
Sierra County,2025-01-08,38.5,0.0,0.0
Sierra County,2025-01-09,38.5,0.0,0.0
Sierra County,2025-01-10,47.7,0.0,0.0
Sierra County,2025-01-11,30.6,0.0,0.0
Sierra County,2025-01-12,28.2,0.0,0.0
Sierra County,2025-01-13,29.7,0.0,0.0
Sierra County,2025-01-14,39.8,0.0,0.0
Sierra County,2025-01-15,42.0,0.0,0.0
Sierra County,2025-01-16,41.0,0.0,0.0
Sierra County,2025-01-17,37.1,0.0,0.0
Sierra County,2025-01-18,42.5,0.0,0.0
Sierra County,2025-01-19,41.2,0.0,0.0
Sierra County,2025-01-20,27.7,0.0,0.0
Sierra County,2025-01-21,46.6,0.0,0.0
Sierra County,2025-01-22,42.7,0.0,0.0
Sierra County,2025-01-23,48.9,0.0,0.0
Sierra County,2025-01-24,42.3,0.0,0.0
Sierra County,2025-01-25,20.7,0.185,1.323
Sierra County,2025-01-26,22.5,0.008,0.055
Sierra County,2025-01-27,30.8,0.0,0.0
Sierra County,2025-01-28,37.0,0.0,0.0
Sierra County,2025-01-29,44.1,0.0,0.0
Sierra County,2025-01-30,46.5,0.0,0.0
Sierra County,2025-01-31,29.5,0.913,6.394
Sierra County,2025-02-01,35.0,2.52,10.803
Sierra County,2025-02-02,34.5,1.823,1.984
Sierra County,2025-02-03,34.0,0.614,3.307
Sierra County,2025-02-04,32.4,3.114,21.661
Sierra County,2025-02-05,27.9,0.079,0.496
Sierra County,2025-02-06,30.7,1.449,9.508
Sierra County,2025-02-07,31.0,0.594,3.335
Sierra County,2025-02-08,30.9,0.0,0.0
Sierra County,2025-02-09,35.1,0.0,0.0
Sierra County,2025-02-10,35.9,0.0,0.0
Sierra County,2025-02-11,26.4,0.0,0.0
Sierra County,2025-02-12,32.6,0.004,0.028
Sierra County,2025-02-13,30.4,3.756,25.906
Sierra County,2025-02-14,26.8,1.488,10.362
Sierra County,2025-02-15,43.5,0.0,0.0
Sierra County,2025-02-16,33.6,0.138,0.909
Sierra County,2025-02-17,33.1,0.0,0.0
Sierra County,2025-02-18,44.2,0.024,0.11
Sierra County,2025-02-19,36.4,0.169,1.02
Sierra County,2025-02-20,38.5,0.0,0.0
Sierra County,2025-02-21,45.6,0.0,0.0
Sierra County,2025-02-22,47.4,0.0,0.0
Sierra County,2025-02-23,41.2,0.11,0.055
Sierra County,2025-02-24,43.6,0.0,0.0
Sierra County,2025-02-25,46.6,0.0,0.0
Sierra County,2025-02-26,52.0,0.0,0.0
Sierra County,2025-02-27,54.7,0.0,0.0
Sierra County,2025-02-28,52.0,0.0,0.0
Sierra County,2025-03-01,52.6,0.0,0.0
Sierra County,2025-03-02,29.6,0.559,3.913
Sierra County,2025-03-03,38.3,0.012,0.083
Sierra County,2025-03-04,35.2,0.0,0.0
Sierra County,2025-03-05,30.4,0.307,2.15
Sierra County,2025-03-06,25.9,0.232,1.626
Sierra County,2025-03-07,31.3,0.0,0.0
Sierra County,2025-03-08,48.9,0.0,0.0
Sierra County,2025-03-09,42.8,0.0,0.0
Sierra County,2025-03-10,45.0,0.0,0.0
Sierra County,2025-03-11,41.7,0.0,0.0
Sierra County,2025-03-12,29.9,2.299,16.039
Sierra County,2025-03-13,22.3,0.343,2.398
Sierra County,2025-03-14,22.9,0.48,3.197
Sierra County,2025-03-15,25.2,0.098,0.661
Sierra County,2025-03-16,35.0,0.504,3.472
Sierra County,2025-03-17,28.1,1.996,13.862
Sierra County,2025-03-18,35.0,0.0,0.0
Sierra County,2025-03-19,39.7,0.161,1.13
Sierra County,2025-03-20,37.5,0.091,0.579
Sierra County,2025-03-21,34.1,0.083,0.579
Sierra County,2025-03-22,41.2,0.008,0.028
Sierra County,2025-03-23,52.2,0.0,0.0
Sierra County,2025-03-24,51.7,0.0,0.0
Sierra County,2025-03-25,57.8,0.0,0.0
Sierra County,2025-03-26,54.5,0.0,0.0
Sierra County,2025-03-27,35.2,0.685,3.087
Sierra County,2025-03-28,32.8,0.189,1.24
Sierra County,2025-03-29,40.1,0.004,0.028
Sierra County,2025-03-30,31.8,0.622,3.913
Sierra County,2025-03-31,27.1,2.327,15.819
Sierra County,2025-04-01,23.7,0.976,6.835
Sierra County,2025-04-02,33.0,0.028,0.193
Sierra County,2025-04-03,36.6,0.008,0.055
Sierra County,2025-04-04,38.6,0.0,0.0
Sierra County,2025-04-05,51.6,0.0,0.0
Sierra County,2025-04-06,51.7,0.0,0.0
Sierra County,2025-04-07,37.3,0.413,0.0
Sierra County,2025-04-08,47.7,0.0,0.0
Sierra County,2025-04-09,55.9,0.0,0.0
Sierra County,2025-04-10,56.4,0.0,0.0
Sierra County,2025-04-11,54.1,0.0,0.0
Sierra County,2025-04-12,50.2,0.0,0.0
Sierra County,2025-04-13,50.5,0.0,0.0
Sierra County,2025-04-14,58.9,0.0,0.0
Sierra County,2025-04-15,58.4,0.031,0.0
Sierra County,2025-04-16,54.5,0.02,0.0
Sierra County,2025-04-17,49.1,0.008,0.0
Sierra County,2025-04-18,42.2,0.0,0.0
Sierra County,2025-04-19,50.5,0.0,0.0
Sierra County,2025-04-20,52.3,0.0,0.0
Sierra County,2025-04-21,55.1,0.004,0.0
Sierra County,2025-04-22,52.3,0.004,0.0
Sierra County,2025-04-23,47.0,0.0,0.0
Sierra County,2025-04-24,50.2,0.0,0.0
Sierra County,2025-04-25,39.2,0.0,0.0
Sierra County,2025-04-26,31.4,0.402,2.783
Sierra County,2025-04-27,32.9,0.287,1.929
Sierra County,2025-04-28,49.9,0.0,0.0
Sierra County,2025-04-29,57.4,0.004,0.0
Sierra County,2025-04-30,53.8,0.0,0.0
Sierra County,2025-05-01,61.0,0.0,0.0
Sierra County,2025-05-02,56.9,0.004,0.0
Sierra County,2025-05-03,47.7,0.028,0.0
Sierra County,2025-05-04,45.3,0.043,0.0
Sierra County,2025-05-05,50.3,0.0,0.0
Sierra County,2025-05-06,53.2,0.0,0.0
Sierra County,2025-05-07,57.3,0.0,0.0
Sierra County,2025-05-08,61.9,0.0,0.0
Sierra County,2025-05-09,66.0,0.0,0.0
Sierra County,2025-05-10,64.3,0.0,0.0
Sierra County,2025-05-11,51.4,0.0,0.0
Sierra County,2025-05-12,32.4,0.661,4.437
Sierra County,2025-05-13,37.7,0.315,2.15
Sierra County,2025-05-14,50.1,0.008,0.0
Sierra County,2025-05-15,53.8,0.0,0.0
Sierra County,2025-05-16,54.2,0.039,0.0
Sierra County,2025-05-17,40.0,0.197,0.579
Sierra County,2025-05-18,54.3,0.0,0.0
Sierra County,2025-05-19,59.3,0.0,0.0
Sierra County,2025-05-20,59.7,0.0,0.0
Sierra County,2025-05-21,64.2,0.0,0.0
Sierra County,2025-05-22,55.6,0.0,0.0
Sierra County,2025-05-23,57.2,0.0,0.0
Sierra County,2025-05-24,65.5,0.004,0.0
Sierra County,2025-05-25,62.6,0.0,0.0
Sierra County,2025-05-26,57.7,0.0,0.0
Sierra County,2025-05-27,69.9,0.016,0.0
Sierra County,2025-05-28,68.9,0.004,0.0
Sierra County,2025-05-29,71.9,0.0,0.0
Sierra County,2025-05-30,81.4,0.0,0.0
Sierra County,2025-05-31,78.1,0.0,0.0
Sierra County,2025-06-01,70.8,0.0,0.0
Sierra County,2025-06-02,71.9,0.0,0.0
Sierra County,2025-06-03,69.9,0.0,0.0
Sierra County,2025-06-04,69.4,0.0,0.0
Sierra County,2025-06-05,66.3,0.02,0.0
Sierra County,2025-06-06,70.6,0.098,0.0
Sierra County,2025-06-07,74.1,0.063,0.0
Sierra County,2025-06-08,78.4,0.106,0.0
Sierra County,2025-06-09,74.8,0.165,0.0
Sierra County,2025-06-10,72.9,0.0,0.0
Sierra County,2025-06-11,68.7,0.0,0.0
Sierra County,2025-06-12,66.8,0.0,0.0
Sierra County,2025-06-13,62.9,0.0,0.0
Sierra County,2025-06-14,66.2,0.0,0.0
Sierra County,2025-06-15,67.9,0.0,0.0
Sierra County,2025-06-16,65.8,0.0,0.0
Sierra County,2025-06-17,72.6,0.0,0.0
Sierra County,2025-06-18,75.6,0.0,0.0
Sierra County,2025-06-19,70.2,0.0,0.0
Sierra County,2025-06-20,53.8,0.0,0.0
Sierra County,2025-06-21,53.0,0.106,0.579
Sierra County,2025-06-22,57.6,0.0,0.0
Sierra County,2025-06-23,64.6,0.161,0.0
Sierra County,2025-06-24,67.0,0.024,0.0
Sierra County,2025-06-25,69.5,0.0,0.0
Sierra County,2025-06-26,69.4,0.0,0.0
Sierra County,2025-06-27,71.9,0.0,0.0
Sierra County,2025-06-28,74.5,0.0,0.0
Sierra County,2025-06-29,79.6,0.043,0.0
Sierra County,2025-06-30,76.9,0.0,0.0
Sierra County,2025-07-01,72.3,0.0,0.0
Sierra County,2025-07-02,74.0,0.0,0.0
Sierra County,2025-07-03,71.0,0.0,0.0
Sierra County,2025-07-04,60.8,0.0,0.0
Sierra County,2025-07-05,67.4,0.0,0.0
Sierra County,2025-07-06,76.7,0.0,0.0
Sierra County,2025-07-07,76.7,0.0,0.0
Sierra County,2025-07-08,70.9,0.0,0.0
Sierra County,2025-07-09,68.6,0.0,0.0
Sierra County,2025-07-10,79.2,0.0,0.0
Sierra County,2025-07-11,82.1,0.004,0.0
Sierra County,2025-07-12,84.1,0.004,0.0
Sierra County,2025-07-13,85.3,0.0,0.0
Sierra County,2025-07-14,81.6,0.0,0.0
Sierra County,2025-07-15,76.3,0.0,0.0
Sierra County,2025-07-16,73.4,0.0,0.0
Sierra County,2025-07-17,71.6,0.0,0.0
Sierra County,2025-07-18,73.7,0.0,0.0
Sierra County,2025-07-19,76.3,0.0,0.0
Sierra County,2025-07-20,73.6,0.0,0.0
Sierra County,2025-07-21,64.0,0.012,0.0
Sierra County,2025-07-22,64.2,0.0,0.0
Sierra County,2025-07-23,69.2,0.0,0.0
Sierra County,2025-07-24,70.2,0.0,0.0
Sierra County,2025-07-25,66.8,0.161,0.0
Sierra County,2025-07-26,64.8,0.083,0.0
Sierra County,2025-07-27,67.9,0.181,0.0
Sierra County,2025-07-28,69.6,0.0,0.0
Sierra County,2025-07-29,71.8,0.0,0.0
Sierra County,2025-07-30,70.2,0.118,0.0
Sierra County,2025-07-31,70.3,0.0,0.0
Sierra County,2025-08-01,71.8,0.0,0.0
Sierra County,2025-08-02,70.9,0.0,0.0
Sierra County,2025-08-03,69.3,0.0,0.0
Sierra County,2025-08-04,66.1,0.0,0.0
Sierra County,2025-08-05,68.0,0.0,0.0
Sierra County,2025-08-06,71.3,0.0,0.0
Sierra County,2025-08-07,72.1,0.0,0.0
Sierra County,2025-08-08,75.9,0.0,0.0
Sierra County,2025-08-09,80.1,0.0,0.0
Sierra County,2025-08-10,82.3,0.0,0.0
Sierra County,2025-08-11,84.3,0.0,0.0
Sierra County,2025-08-12,82.0,0.0,0.0
Sierra County,2025-08-13,77.9,0.0,0.0
Sierra County,2025-08-14,73.4,0.0,0.0
Sierra County,2025-08-15,72.9,0.0,0.0
Sierra County,2025-08-16,68.2,0.0,0.0
Sierra County,2025-08-17,64.9,0.02,0.0
Sierra County,2025-08-18,66.9,0.0,0.0
Sierra County,2025-08-19,69.9,0.0,0.0
Sierra County,2025-08-20,76.1,0.0,0.0
Sierra County,2025-08-21,81.7,0.0,0.0
Sierra County,2025-08-22,81.2,0.0,0.0
Sierra County,2025-08-23,80.3,0.098,0.0
Sierra County,2025-08-24,76.2,0.358,0.0
Sierra County,2025-08-25,71.8,0.114,0.0
Sierra County,2025-08-26,65.5,0.354,0.0
Sierra County,2025-08-27,67.8,0.13,0.0
Sierra County,2025-08-28,72.3,0.008,0.0
Sierra County,2025-08-29,69.7,0.004,0.0
Sierra County,2025-08-30,73.3,0.0,0.0
Sierra County,2025-08-31,73.6,0.0,0.0
Sierra County,2025-09-01,75.6,0.0,0.0
Sierra County,2025-09-02,73.7,0.094,0.0
Sierra County,2025-09-03,73.1,0.65,0.0
Sierra County,2025-09-04,73.2,0.0,0.0
Sierra County,2025-09-05,71.8,0.0,0.0
Sierra County,2025-09-06,66.3,0.0,0.0
Sierra County,2025-09-07,62.7,0.0,0.0
Sierra County,2025-09-08,61.6,0.0,0.0
Sierra County,2025-09-09,56.4,0.043,0.0
Sierra County,2025-09-10,52.3,0.075,0.0
Sierra County,2025-09-11,54.9,0.051,0.0
Sierra County,2025-09-12,60.5,0.008,0.0
Sierra County,2025-09-13,66.1,0.0,0.0
Sierra County,2025-09-14,63.8,0.0,0.0
Sierra County,2025-09-15,71.2,0.0,0.0
Sierra County,2025-09-16,71.6,0.0,0.0
Sierra County,2025-09-17,73.7,0.0,0.0
Sierra County,2025-09-18,75.5,0.0,0.0
Sierra County,2025-09-19,57.5,0.051,0.0
Sierra County,2025-09-20,61.9,0.0,0.0
Sierra County,2025-09-21,61.6,0.055,0.0
Sierra County,2025-09-22,69.8,0.0,0.0
Sierra County,2025-09-23,73.6,0.0,0.0
Sierra County,2025-09-24,73.5,0.0,0.0
Sierra County,2025-09-25,69.1,0.008,0.0
Sierra County,2025-09-26,70.0,0.0,0.0
Sierra County,2025-09-27,70.6,0.0,0.0
Sierra County,2025-09-28,61.2,0.028,0.0
Sierra County,2025-09-29,48.3,0.657,0.0
Sierra County,2025-09-30,43.4,0.126,0.0
Sierra County,2025-10-01,46.5,0.181,0.0
Sierra County,2025-10-02,44.9,0.945,0.0
Sierra County,2025-10-03,44.1,0.244,0.827
Sierra County,2025-10-04,54.7,0.0,0.0
Sierra County,2025-10-05,54.3,0.0,0.0
Sierra County,2025-10-06,57.0,0.0,0.0
Sierra County,2025-10-07,62.8,0.0,0.0
Sierra County,2025-10-08,60.1,0.0,0.0
Sierra County,2025-10-09,51.9,0.0,0.0
Sierra County,2025-10-10,46.4,0.004,0.0
Sierra County,2025-10-11,39.7,0.118,0.138
Sierra County,2025-10-12,50.7,0.0,0.0
Sierra County,2025-10-13,36.8,0.091,0.496
Sierra County,2025-10-14,39.6,0.646,3.638
Sierra County,2025-10-15,41.7,0.252,1.709
Sierra County,2025-10-16,45.8,0.0,0.0
Sierra County,2025-10-17,55.6,0.0,0.0
Sierra County,2025-10-18,60.2,0.0,0.0
Sierra County,2025-10-19,52.0,0.0,0.0
Sierra County,2025-10-20,57.6,0.0,0.0
Sierra County,2025-10-21,61.1,0.0,0.0
Sierra County,2025-10-22,50.7,0.016,0.0
Sierra County,2025-10-23,57.3,0.0,0.0
Sierra County,2025-10-24,54.2,0.0,0.0
Sierra County,2025-10-25,41.2,0.354,0.496
Sierra County,2025-10-26,36.5,0.661,0.965
Sierra County,2025-10-27,52.5,0.004,0.0
Sierra County,2025-10-28,59.6,0.0,0.0
Sierra County,2025-10-29,61.5,0.0,0.0
Sierra County,2025-10-30,61.1,0.0,0.0
Sierra County,2025-10-31,60.7,0.0,0.0
Sierra County,2025-11-01,59.2,0.0,0.0
Sierra County,2025-11-02,61.2,0.0,0.0
Sierra County,2025-11-03,52.3,0.0,0.0
Sierra County,2025-11-04,50.5,0.0,0.0
Sierra County,2025-11-05,41.2,1.087,4.437
Sierra County,2025-11-06,45.2,0.079,0.0
Sierra County,2025-11-07,48.4,0.0,0.0
Sierra County,2025-11-08,57.4,0.0,0.0
Sierra County,2025-11-09,60.9,0.0,0.0
Sierra County,2025-11-10,58.2,0.0,0.0
Sierra County,2025-11-11,56.1,0.0,0.0
Sierra County,2025-11-12,50.2,0.0,0.0
Sierra County,2025-11-13,41.1,2.618,2.315
Sierra County,2025-11-14,47.0,0.354,2.094
Sierra County,2025-11-15,52.2,0.063,0.0
Sierra County,2025-11-16,38.7,1.094,4.547
Sierra County,2025-11-17,32.9,0.602,4.106
Sierra County,2025-11-18,37.6,0.016,0.11
Sierra County,2025-11-19,41.3,0.0,0.0
Sierra County,2025-11-20,30.4,0.26,1.736
Sierra County,2025-11-21,36.7,0.008,0.0
Sierra County,2025-11-22,41.8,0.0,0.0
Sierra County,2025-11-23,47.5,0.0,0.0
Sierra County,2025-11-24,44.1,0.0,0.0
Sierra County,2025-11-25,50.3,0.0,0.0
Sierra County,2025-11-26,53.8,0.0,0.0
Sierra County,2025-11-27,53.5,0.0,0.0
Sierra County,2025-11-28,46.6,0.0,0.0
Sierra County,2025-11-29,48.9,0.0,0.0
Sierra County,2025-11-30,40.5,0.0,0.0
Sierra County,2025-12-01,45.6,0.0,0.0
Sierra County,2025-12-02,47.6,0.0,0.0
Sierra County,2025-12-03,33.8,0.0,0.0
Sierra County,2025-12-04,42.5,0.0,0.0
Sierra County,2025-12-05,50.4,0.0,0.0
Sierra County,2025-12-06,48.1,0.0,0.0
Sierra County,2025-12-07,46.9,0.0,0.0
Sierra County,2025-12-08,49.7,0.0,0.0
Sierra County,2025-12-09,54.6,0.0,0.0
Sierra County,2025-12-10,58.3,0.0,0.0
Sierra County,2025-12-11,58.6,0.0,0.0
Sierra County,2025-12-12,57.2,0.0,0.0
Sierra County,2025-12-13,56.7,0.0,0.0
Sierra County,2025-12-14,52.2,0.0,0.0
Sierra County,2025-12-15,52.4,0.0,0.0
Sierra County,2025-12-16,45.4,0.268,0.0
Sierra County,2025-12-17,41.5,0.693,0.0
Sierra County,2025-12-18,44.6,0.0,0.0
Sierra County,2025-12-19,34.6,0.642,2.839
Sierra County,2025-12-20,38.5,0.504,0.0
Sierra County,2025-12-21,38.8,3.24,0.854
Sierra County,2025-12-22,34.9,1.996,7.055
Sierra County,2025-12-23,42.3,0.087,0.22
Sierra County,2025-12-24,34.9,3.181,19.319
Sierra County,2025-12-25,30.2,2.89,20.173
Sierra County,2025-12-26,27.4,1.028,6.972
Sierra County,2025-12-27,31.6,0.035,0.22
Sierra County,2025-12-28,30.0,0.0,0.0
Sierra County,2025-12-29,39.0,0.0,0.0
Sierra County,2025-12-30,46.5,0.0,0.0
Sierra County,2025-12-31,45.9,0.26,0.496
Sierra County,2026-01-01,36.4,0.642,0.661
Sierra County,2026-01-02,40.2,0.028,0.028
Sierra County,2026-01-03,33.4,1.772,11.85
Sierra County,2026-01-04,28.2,2.134,14.937
Sierra County,2026-01-05,31.5,0.287,2.012
Sierra County,2026-01-06,33.9,0.012,0.055
Sierra County,2026-01-07,29.7,0.205,1.35
Sierra County,2026-01-08,22.1,0.102,0.717
Sierra County,2026-01-09,32.8,0.0,0.0
Sierra County,2026-01-10,41.2,0.0,0.0
Sierra County,2026-01-11,42.6,0.0,0.0
Sierra County,2026-01-12,43.9,0.0,0.0
Sierra County,2026-01-13,50.1,0.0,0.0
Sierra County,2026-01-14,48.3,0.0,0.0
Sierra County,2026-01-15,47.1,0.0,0.0
Sierra County,2026-01-16,45.7,0.0,0.0
Sierra County,2026-01-17,48.9,0.0,0.0
Sierra County,2026-01-18,50.6,0.0,0.0
Sierra County,2026-01-19,43.7,0.0,0.0
Sierra County,2026-01-20,48.0,0.0,0.0
Sierra County,2026-01-21,46.9,0.0,0.0
Sierra County,2026-01-22,47.5,0.0,0.0
Sierra County,2026-01-23,40.5,0.0,0.0
Sierra County,2026-01-24,32.0,0.0,0.0
Sierra County,2026-01-25,39.0,0.0,0.0
Sierra County,2026-01-26,37.4,0.0,0.0
Sierra County,2026-01-27,36.8,0.0,0.0
Sierra County,2026-01-28,38.8,0.126,0.882
Sierra County,2026-01-29,44.3,0.0,0.0
Sierra County,2026-01-30,50.1,0.0,0.0
Sierra County,2026-01-31,48.8,0.0,0.0
Sierra County,2026-02-01,44.6,0.0,0.0
Sierra County,2026-02-02,45.2,0.0,0.0
Sierra County,2026-02-03,47.3,0.0,0.0
Sierra County,2026-02-04,45.6,0.0,0.0
Sierra County,2026-02-05,48.0,0.0,0.0
Sierra County,2026-02-06,44.1,0.008,0.0
Sierra County,2026-02-07,43.2,0.004,0.0
Sierra County,2026-02-08,43.9,0.012,0.0
Sierra County,2026-02-09,38.7,0.146,0.413
Sierra County,2026-02-10,37.5,0.807,5.402
Sierra County,2026-02-11,35.5,0.197,1.378
Sierra County,2026-02-12,37.4,0.016,0.11
Sierra County,2026-02-13,42.1,0.0,0.0
Sierra County,2026-02-14,38.0,0.0,0.0
Sierra County,2026-02-15,35.7,0.031,0.165
Sierra County,2026-02-16,28.6,1.965,13.724
Sierra County,2026-02-17,19.6,2.197,15.323
Sierra County,2026-02-18,15.9,0.437,3.059
Sierra County,2026-02-19,20.0,1.039,7.22
Sierra County,2026-02-20,29.5,0.004,0.028
Sierra County,2026-02-21,34.1,0.0,0.0
Sierra County,2026-02-22,39.9,0.0,0.0
Sierra County,2026-02-23,45.6,0.016,0.055
Sierra County,2026-02-24,37.4,2.047,2.232
Sierra County,2026-02-25,40.8,1.028,0.0
Sierra County,2026-02-26,48.7,0.0,0.0
Sierra County,2026-02-27,52.5,0.0,0.0
Sierra County,2026-02-28,51.0,0.063,0.0
Sierra County,2026-03-01,39.1,0.075,0.0
Sierra County,2026-03-02,41.0,0.0,0.0
Sierra County,2026-03-03,50.2,0.0,0.0
Sierra County,2026-03-04,34.3,0.075,0.496
Sierra County,2026-03-05,35.1,0.0,0.0
Sierra County,2026-03-06,37.2,0.0,0.0
Sierra County,2026-03-07,43.4,0.0,0.0
Sierra County,2026-03-08,56.3,0.0,0.0
Sierra County,2026-03-09,50.4,0.0,0.0
Sierra County,2026-03-10,43.9,0.0,0.0
Sierra County,2026-03-11,49.6,0.0,0.0
Sierra County,2026-03-12,53.8,0.0,0.0
Sierra County,2026-03-13,54.2,0.0,0.0
Sierra County,2026-03-14,51.0,0.0,0.0
Sierra County,2026-03-15,53.8,0.0,0.0
Sierra County,2026-03-16,60.3,0.0,0.0
Sierra County,2026-03-17,64.2,0.0,0.0
Sierra County,2026-03-18,62.9,0.0,0.0
Sierra County,2026-03-19,65.8,0.0,0.0
Sierra County,2026-03-20,69.6,0.0,0.0
Sierra County,2026-03-21,61.2,0.0,0.0
Sierra County,2026-03-22,62.5,0.0,0.0
Sierra County,2026-03-23,56.5,0.0,0.0
Sierra County,2026-03-24,59.7,0.0,0.0
Sierra County,2026-03-25,57.1,0.0,0.0
Sierra County,2026-03-26,51.8,0.0,0.0
Sierra County,2026-03-27,62.3,0.0,0.0
Sierra County,2026-03-28,58.9,0.0,0.0
Sierra County,2026-03-29,58.8,0.0,0.0
Sierra County,2026-03-30,53.7,0.0,0.0
Sierra County,2026-03-31,39.8,1.118,6.035
Sierra County,2026-04-01,31.9,1.791,11.575
Sierra County,2026-04-02,39.9,0.343,2.012
Sierra County,2026-04-03,45.4,0.0,0.0
Sierra County,2026-04-04,54.2,0.0,0.0
Sierra County,2026-04-05,56.6,0.0,0.0
Sierra County,2026-04-06,57.3,0.0,0.0
Sierra County,2026-04-07,56.3,0.0,0.0
Sierra County,2026-04-08,54.7,0.012,0.0
Sierra County,2026-04-09,48.8,0.059,0.0
Sierra County,2026-04-10,38.2,0.654,2.783
Sierra County,2026-04-11,32.6,1.669,11.409
Sierra County,2026-04-12,29.2,0.563,3.969
Sierra County,2026-04-13,41.4,0.024,0.165
Sierra County,2026-04-14,41.8,0.0,0.0
Sierra County,2026-04-15,41.9,0.0,0.0
Sierra County,2026-04-16,40.5,0.047,0.028
Sierra County,2026-04-17,47.5,0.0,0.0
Sierra County,2026-04-18,53.2,0.0,0.0
Sierra County,2026-04-19,52.0,0.0,0.0
Sierra County,2026-04-20,51.1,0.0,0.0
Sierra County,2026-04-21,36.2,0.776,5.429
Sierra County,2026-04-22,34.7,0.165,1.13
Sierra County,2026-04-23,47.8,0.0,0.0
Sierra County,2026-04-24,48.3,0.028,0.0
Sierra County,2026-04-25,45.0,0.0,0.0
Sierra County,2026-04-26,32.4,0.146,0.909
Sierra County,2026-04-27,41.0,0.094,0.606
Sierra County,2026-04-28,47.7,0.079,0.276
Sierra County,2026-04-29,56.5,0.008,0.0
Sierra County,2026-04-30,56.8,0.0,0.0
Sierra County,2026-05-01,62.9,0.008,0.0
Sierra County,2026-05-02,54.5,0.024,0.0
Sierra County,2026-05-03,53.6,0.445,0.165
Sierra County,2026-05-04,39.8,1.339,7.992
Sierra County,2026-05-05,54.2,0.094,0.028
Sierra County,2026-05-06,63.7,0.0,0.0
Sierra County,2026-05-07,61.1,0.0,0.0
Sierra County,2026-05-08,62.5,0.0,0.0
Sierra County,2026-05-09,69.2,0.0,0.0
Sierra County,2026-05-10,69.2,0.0,0.0
Sierra County,2026-05-11,70.3,0.0,0.0
Sierra County,2026-05-12,68.7,0.004,0.0
Sierra County,2026-05-13,57.9,0.0,0.0
Sierra County,2026-05-14,65.4,0.0,0.0
Sierra County,2026-05-15,60.7,0.0,0.0
Sierra County,2026-05-16,57.2,0.016,0.0
Sierra County,2026-05-17,41.2,0.0,0.0
Sierra County,2026-05-18,49.3,0.0,0.0
Sierra County,2026-05-19,57.2,0.0,0.0
Sierra County,2026-05-20,63.6,0.008,0.0
Sierra County,2026-05-21,64.7,0.024,0.0
Sierra County,2026-05-22,63.5,0.154,0.0
Sierra County,2026-05-23,63.3,0.0,0.0
Sierra County,2026-05-24,64.6,0.0,0.0
Sierra County,2026-05-25,59.9,0.0,0.0
Sierra County,2026-05-26,38.5,0.394,2.591
Sierra County,2026-05-27,36.7,0.154,0.827
Sierra County,2026-05-28,43.0,0.236,0.276
Sierra County,2026-05-29,43.0,0.146,0.276
Sierra County,2026-05-30,51.5,0.0,0.0
Sierra County,2026-05-31,60.0,0.004,0.0
Sierra County,2026-06-01,65.8,0.0,0.0
Sierra County,2026-06-02,68.9,0.0,0.0
Sierra County,2026-06-03,67.2,0.0,0.0
Sierra County,2026-06-04,70.5,0.0,0.0
Sierra County,2026-06-05,70.5,0.0,0.0
Sierra County,2026-06-06,60.0,0.0,0.0
Sierra County,2026-06-07,61.6,0.0,0.0
Sierra County,2026-06-08,55.7,0.11,0.0
Sierra County,2026-06-09,60.0,0.063,0.0
Sierra County,2026-06-10,72.7,0.0,0.0
Sierra County,2026-06-11,76.4,0.0,0.0
Sierra County,2026-06-12,74.9,0.0,0.0
Sierra County,2026-06-13,77.7,0.024,0.0
Sierra County,2026-06-14,78.6,0.067,0.0
Sierra County,2026-06-15,81.5,0.004,0.0
Sierra County,2026-06-16,79.9,0.0,0.0
Sierra County,2026-06-17,78.5,0.008,0.0
Sierra County,2026-06-18,80.0,0.098,0.0
Sierra County,2026-06-19,67.3,0.039,0.0
Sierra County,2026-06-20,65.8,0.0,0.0
Sierra County,2026-06-21,71.7,0.004,0.0
Sierra County,2026-06-22,75.2,0.008,0.0
Sierra County,2026-06-23,72.8,0.0,0.0
Sierra County,2026-06-24,71.7,0.0,0.0
Sierra County,2026-06-25,70.0,0.0,0.0
Sierra County,2026-06-26,57.3,0.075,0.0
Sierra County,2026-06-27,53.2,0.024,0.0
Sierra County,2026-06-28,59.4,0.0,0.0
Sierra County,2026-06-29,62.8,0.024,0.0
Sierra County,2026-06-30,63.6,0.0,0.0
Sierra County,2026-07-01,66.0,0.0,0.0
Sierra County,2026-07-02,69.3,0.031,0.0
Sierra County,2026-07-03,72.7,0.008,0.0
Sierra County,2026-07-04,77.2,0.004,0.0
Sierra County,2026-07-05,70.2,0.0,0.0
Sierra County,2026-07-06,71.1,0.0,0.0
Sierra County,2026-07-07,73.7,0.0,0.0
Sierra County,2026-07-08,73.0,0.0,0.0
Sierra County,2026-07-09,75.8,0.0,0.0
Sierra County,2026-07-10,74.9,0.0,0.0
Sierra County,2026-07-11,78.1,0.0,0.0
Sierra County,2026-07-12,69.5,0.008,0.0
Sierra County,2026-07-13,73.0,0.303,0.0
Sierra County,2026-07-14,72.6,0.02,0.0
Sierra County,2026-07-15,75.5,0.0,0.0
Sierra County,2026-07-16,74.0,0.0,0.0
Sierra County,2026-07-17,74.7,0.0,0.0
Sierra County,2026-07-18,75.1,0.028,0.0
Sierra County,2026-07-19,77.9,0.0,0.0
Sierra County,2026-07-20,74.5,0.008,0.0
Sierra County,2026-07-21,76.2,0.098,0.0
Sierra County,2026-07-22,72.9,0.0,0.0
Sierra County,2026-07-23,76.7,0.0,0.0
Sierra County,2026-07-24,78.8,0.0,0.0
Sierra County,2026-07-25,75.4,0.0,0.0
Sierra County,2026-07-26,73.8,0.0,0.0
Sierra County,2026-07-27,74.1,0.0,0.0
Sierra County,2026-07-28,75.5,0.0,0.0
Sierra County,2026-07-29,74.9,0.0,0.0
Modoc County,2023-07-30,87.4,0.0,0.0
Modoc County,2023-07-31,87.5,0.0,0.0
Modoc County,2023-08-01,87.4,0.0,0.0
Modoc County,2023-08-02,86.6,0.0,0.0
Modoc County,2023-08-03,83.2,0.028,0.0
Modoc County,2023-08-04,79.9,0.094,0.0
Modoc County,2023-08-05,79.3,0.0,0.0
Modoc County,2023-08-06,80.1,0.0,0.0
Modoc County,2023-08-07,80.7,0.0,0.0
Modoc County,2023-08-08,85.2,0.0,0.0
Modoc County,2023-08-09,82.7,0.0,0.0
Modoc County,2023-08-10,84.7,0.0,0.0
Modoc County,2023-08-11,86.5,0.0,0.0
Modoc County,2023-08-12,89.5,0.0,0.0
Modoc County,2023-08-13,91.2,0.0,0.0
Modoc County,2023-08-14,92.9,0.0,0.0
Modoc County,2023-08-15,93.6,0.0,0.0
Modoc County,2023-08-16,89.1,0.0,0.0
Modoc County,2023-08-17,82.2,0.035,0.0
Modoc County,2023-08-18,86.6,0.0,0.0
Modoc County,2023-08-19,84.3,0.0,0.0
Modoc County,2023-08-20,73.3,0.0,0.0
Modoc County,2023-08-21,64.5,0.366,0.0
Modoc County,2023-08-22,68.5,0.031,0.0
Modoc County,2023-08-23,75.8,0.0,0.0
Modoc County,2023-08-24,81.7,0.0,0.0
Modoc County,2023-08-25,81.7,0.0,0.0
Modoc County,2023-08-26,83.4,0.0,0.0
Modoc County,2023-08-27,85.7,0.0,0.0
Modoc County,2023-08-28,88.2,0.0,0.0
Modoc County,2023-08-29,74.5,0.0,0.0
Modoc County,2023-08-30,77.4,0.0,0.0
Modoc County,2023-08-31,79.1,0.004,0.0
Modoc County,2023-09-01,65.6,0.224,0.0
Modoc County,2023-09-02,63.3,0.091,0.0
Modoc County,2023-09-03,64.0,0.106,0.0
Modoc County,2023-09-04,65.8,0.0,0.0
Modoc County,2023-09-05,74.4,0.0,0.0
Modoc County,2023-09-06,74.2,0.0,0.0
Modoc County,2023-09-07,74.3,0.0,0.0
Modoc County,2023-09-08,75.9,0.0,0.0
Modoc County,2023-09-09,78.0,0.0,0.0
Modoc County,2023-09-10,77.9,0.0,0.0
Modoc County,2023-09-11,81.1,0.0,0.0
Modoc County,2023-09-12,78.4,0.0,0.0
Modoc County,2023-09-13,77.5,0.0,0.0
Modoc County,2023-09-14,80.1,0.0,0.0
Modoc County,2023-09-15,80.9,0.0,0.0
Modoc County,2023-09-16,82.6,0.0,0.0
Modoc County,2023-09-17,81.2,0.004,0.0
Modoc County,2023-09-18,77.4,0.0,0.0
Modoc County,2023-09-19,74.8,0.0,0.0
Modoc County,2023-09-20,64.9,0.0,0.0
Modoc County,2023-09-21,53.9,0.043,0.0
Modoc County,2023-09-22,62.8,0.0,0.0
Modoc County,2023-09-23,68.3,0.0,0.0
Modoc County,2023-09-24,65.1,0.047,0.0
Modoc County,2023-09-25,68.5,0.004,0.0
Modoc County,2023-09-26,59.5,0.087,0.0
Modoc County,2023-09-27,61.9,0.0,0.0
Modoc County,2023-09-28,61.6,0.0,0.0
Modoc County,2023-09-29,61.8,0.091,0.0
Modoc County,2023-09-30,50.7,0.575,0.0
Modoc County,2023-10-01,56.4,0.0,0.0
Modoc County,2023-10-02,56.6,0.0,0.0
Modoc County,2023-10-03,60.5,0.012,0.0
Modoc County,2023-10-04,67.1,0.0,0.0
Modoc County,2023-10-05,71.1,0.0,0.0
Modoc County,2023-10-06,73.5,0.0,0.0
Modoc County,2023-10-07,77.0,0.0,0.0
Modoc County,2023-10-08,75.9,0.0,0.0
Modoc County,2023-10-09,62.0,0.035,0.0
Modoc County,2023-10-10,51.0,0.524,0.0
Modoc County,2023-10-11,47.8,0.126,0.22
Modoc County,2023-10-12,54.9,0.0,0.0
Modoc County,2023-10-13,61.3,0.012,0.0
Modoc County,2023-10-14,61.4,0.0,0.0
Modoc County,2023-10-15,70.7,0.0,0.0
Modoc County,2023-10-16,61.9,0.0,0.0
Modoc County,2023-10-17,66.5,0.0,0.0
Modoc County,2023-10-18,74.6,0.0,0.0
Modoc County,2023-10-19,77.0,0.0,0.0
Modoc County,2023-10-20,74.8,0.0,0.0
Modoc County,2023-10-21,71.0,0.0,0.0
Modoc County,2023-10-22,60.4,0.004,0.0
Modoc County,2023-10-23,58.5,0.0,0.0
Modoc County,2023-10-24,60.8,0.0,0.0
Modoc County,2023-10-25,46.3,0.433,1.681
Modoc County,2023-10-26,43.5,0.0,0.0
Modoc County,2023-10-27,46.6,0.0,0.0
Modoc County,2023-10-28,41.4,0.0,0.0
Modoc County,2023-10-29,48.3,0.0,0.0
Modoc County,2023-10-30,54.1,0.0,0.0
Modoc County,2023-10-31,57.4,0.0,0.0
Modoc County,2023-11-01,60.7,0.0,0.0
Modoc County,2023-11-02,51.7,0.154,0.0
Modoc County,2023-11-03,63.1,0.0,0.0
Modoc County,2023-11-04,61.2,0.118,0.0
Modoc County,2023-11-05,54.2,0.063,0.0
Modoc County,2023-11-06,47.1,0.331,0.0
Modoc County,2023-11-07,41.5,0.087,0.469
Modoc County,2023-11-08,44.5,0.0,0.0
Modoc County,2023-11-09,49.4,0.0,0.0
Modoc County,2023-11-10,50.1,0.0,0.0
Modoc County,2023-11-11,52.8,0.0,0.0
Modoc County,2023-11-12,55.1,0.0,0.0
Modoc County,2023-11-13,52.2,0.004,0.0
Modoc County,2023-11-14,49.9,0.012,0.028
Modoc County,2023-11-15,57.0,0.0,0.0
Modoc County,2023-11-16,49.7,0.075,0.0
Modoc County,2023-11-17,53.0,0.004,0.0
Modoc County,2023-11-18,46.4,0.61,0.882
Modoc County,2023-11-19,36.1,0.012,0.055
Modoc County,2023-11-20,45.0,0.0,0.0
Modoc County,2023-11-21,50.2,0.0,0.0
Modoc County,2023-11-22,50.8,0.031,0.0
Modoc County,2023-11-23,38.2,0.055,0.028
Modoc County,2023-11-24,34.7,0.0,0.0
Modoc County,2023-11-25,38.2,0.0,0.0
Modoc County,2023-11-26,41.0,0.0,0.0
Modoc County,2023-11-27,43.8,0.0,0.0
Modoc County,2023-11-28,44.8,0.0,0.0
Modoc County,2023-11-29,42.4,0.0,0.0
Modoc County,2023-11-30,39.6,0.087,0.551
Modoc County,2023-12-01,33.6,0.091,0.606
Modoc County,2023-12-02,36.3,0.26,0.799
Modoc County,2023-12-03,42.7,0.067,0.0
Modoc County,2023-12-04,52.3,0.0,0.0
Modoc County,2023-12-05,53.2,0.0,0.0
Modoc County,2023-12-06,51.0,0.142,0.331
Modoc County,2023-12-07,34.1,0.161,1.075
Modoc County,2023-12-08,32.8,0.0,0.0
Modoc County,2023-12-09,40.1,0.0,0.0
Modoc County,2023-12-10,45.3,0.0,0.0
Modoc County,2023-12-11,42.2,0.0,0.0
Modoc County,2023-12-12,40.9,0.0,0.0
Modoc County,2023-12-13,39.5,0.0,0.0
Modoc County,2023-12-14,42.9,0.0,0.0
Modoc County,2023-12-15,45.5,0.0,0.0
Modoc County,2023-12-16,46.8,0.0,0.0
Modoc County,2023-12-17,45.1,0.004,0.0
Modoc County,2023-12-18,42.6,0.283,0.909
Modoc County,2023-12-19,46.9,0.087,0.0
Modoc County,2023-12-20,48.7,0.012,0.0
Modoc County,2023-12-21,48.8,0.0,0.0
Modoc County,2023-12-22,43.8,0.0,0.0
Modoc County,2023-12-23,36.3,0.0,0.0
Modoc County,2023-12-24,41.5,0.0,0.0
Modoc County,2023-12-25,45.0,0.071,0.11
Modoc County,2023-12-26,47.3,0.0,0.0
Modoc County,2023-12-27,46.7,0.0,0.0
Modoc County,2023-12-28,49.7,0.012,0.0
Modoc County,2023-12-29,51.5,0.0,0.0
Modoc County,2023-12-30,41.4,0.004,0.0
Modoc County,2023-12-31,39.4,0.0,0.0
Modoc County,2024-01-01,42.0,0.0,0.0
Modoc County,2024-01-02,41.1,0.114,0.772
Modoc County,2024-01-03,35.2,0.024,0.193
Modoc County,2024-01-04,35.1,0.055,0.331
Modoc County,2024-01-05,36.8,0.039,0.276
Modoc County,2024-01-06,32.1,0.201,1.406
Modoc County,2024-01-07,28.9,0.004,0.028
Modoc County,2024-01-08,30.6,0.016,0.11
Modoc County,2024-01-09,30.5,0.201,1.268
Modoc County,2024-01-10,27.1,0.61,4.272
Modoc County,2024-01-11,25.0,0.0,0.0
Modoc County,2024-01-12,26.2,0.043,0.303
Modoc County,2024-01-13,33.6,0.559,3.858
Modoc County,2024-01-14,34.0,0.114,0.331
Modoc County,2024-01-15,31.6,0.0,0.0
Modoc County,2024-01-16,34.4,0.047,0.331
Modoc County,2024-01-17,34.2,0.134,0.138
Modoc County,2024-01-18,38.0,0.059,0.0
Modoc County,2024-01-19,41.0,0.02,0.028
Modoc County,2024-01-20,40.3,0.197,0.0
Modoc County,2024-01-21,42.1,0.11,0.0
Modoc County,2024-01-22,40.9,0.189,0.358
Modoc County,2024-01-23,42.9,0.004,0.0
Modoc County,2024-01-24,37.2,0.555,3.059
Modoc County,2024-01-25,38.8,0.15,0.854
Modoc County,2024-01-26,44.0,0.024,0.083
Modoc County,2024-01-27,51.3,0.055,0.0
Modoc County,2024-01-28,57.5,0.028,0.0
Modoc County,2024-01-29,59.4,0.0,0.0
Modoc County,2024-01-30,57.0,0.0,0.0
Modoc County,2024-01-31,49.1,0.004,0.0
Modoc County,2024-02-01,40.4,0.157,0.028
Modoc County,2024-02-02,38.2,0.091,0.634
Modoc County,2024-02-03,35.2,0.012,0.083
Modoc County,2024-02-04,34.2,0.236,1.681
Modoc County,2024-02-05,39.6,0.193,1.157
Modoc County,2024-02-06,38.1,0.0,0.0
Modoc County,2024-02-07,32.9,0.118,0.827
Modoc County,2024-02-08,33.0,0.004,0.028
Modoc County,2024-02-09,31.1,0.035,0.248
Modoc County,2024-02-10,34.3,0.0,0.0
Modoc County,2024-02-11,45.3,0.0,0.0
Modoc County,2024-02-12,45.9,0.0,0.0
Modoc County,2024-02-13,43.3,0.004,0.0
Modoc County,2024-02-14,40.1,0.378,1.736
Modoc County,2024-02-15,38.1,0.031,0.083
Modoc County,2024-02-16,44.6,0.02,0.0
Modoc County,2024-02-17,44.7,0.122,0.028
Modoc County,2024-02-18,44.8,0.091,0.358
Modoc County,2024-02-19,43.8,0.539,1.957
Modoc County,2024-02-20,41.5,0.122,0.551
Modoc County,2024-02-21,40.2,0.035,0.138
Modoc County,2024-02-22,44.4,0.0,0.0
Modoc County,2024-02-23,49.1,0.0,0.0
Modoc County,2024-02-24,52.5,0.0,0.0
Modoc County,2024-02-25,51.2,0.0,0.0
Modoc County,2024-02-26,37.5,0.122,0.634
Modoc County,2024-02-27,37.0,0.004,0.0
Modoc County,2024-02-28,49.7,0.0,0.0
Modoc County,2024-02-29,39.7,0.539,2.646
Modoc County,2024-03-01,32.3,0.815,5.705
Modoc County,2024-03-02,29.6,0.264,1.846
Modoc County,2024-03-03,26.7,0.213,1.433
Modoc County,2024-03-04,29.5,0.126,0.882
Modoc County,2024-03-05,35.2,0.205,1.268
Modoc County,2024-03-06,35.8,0.142,0.965
Modoc County,2024-03-07,32.3,0.0,0.0
Modoc County,2024-03-08,39.4,0.0,0.0
Modoc County,2024-03-09,37.6,0.059,0.303
Modoc County,2024-03-10,39.9,0.047,0.331
Modoc County,2024-03-11,37.5,0.055,0.331
Modoc County,2024-03-12,39.3,0.083,0.441
Modoc County,2024-03-13,37.9,0.0,0.0
Modoc County,2024-03-14,40.5,0.0,0.0
Modoc County,2024-03-15,45.6,0.0,0.0
Modoc County,2024-03-16,51.4,0.0,0.0
Modoc County,2024-03-17,54.6,0.0,0.0
Modoc County,2024-03-18,58.9,0.0,0.0
Modoc County,2024-03-19,61.8,0.0,0.0
Modoc County,2024-03-20,56.2,0.0,0.0
Modoc County,2024-03-21,53.7,0.0,0.0
Modoc County,2024-03-22,53.0,0.106,0.0
Modoc County,2024-03-23,41.6,0.327,1.957
Modoc County,2024-03-24,42.0,0.217,1.488
Modoc County,2024-03-25,43.9,0.02,0.11
Modoc County,2024-03-26,46.7,0.0,0.0
Modoc County,2024-03-27,46.2,0.205,0.992
Modoc County,2024-03-28,38.6,0.126,0.882
Modoc County,2024-03-29,40.3,0.051,0.303
Modoc County,2024-03-30,45.9,0.012,0.055
Modoc County,2024-03-31,43.6,0.004,0.0
Modoc County,2024-04-01,57.6,0.0,0.0
Modoc County,2024-04-02,64.9,0.008,0.0
Modoc County,2024-04-03,54.1,0.591,1.874
Modoc County,2024-04-04,38.6,0.075,0.496
Modoc County,2024-04-05,36.9,0.016,0.11
Modoc County,2024-04-06,37.7,0.004,0.028
Modoc County,2024-04-07,42.2,0.008,0.055
Modoc County,2024-04-08,50.3,0.0,0.0
Modoc County,2024-04-09,58.6,0.0,0.0
Modoc County,2024-04-10,61.3,0.0,0.0
Modoc County,2024-04-11,64.1,0.0,0.0
Modoc County,2024-04-12,58.4,0.283,0.0
Modoc County,2024-04-13,52.8,0.138,0.0
Modoc County,2024-04-14,34.0,0.701,4.602
Modoc County,2024-04-15,44.7,0.0,0.0
Modoc County,2024-04-16,56.0,0.0,0.0
Modoc County,2024-04-17,49.8,0.0,0.0
Modoc County,2024-04-18,59.0,0.0,0.0
Modoc County,2024-04-19,61.8,0.0,0.0
Modoc County,2024-04-20,64.9,0.0,0.0
Modoc County,2024-04-21,60.1,0.0,0.0
Modoc County,2024-04-22,65.1,0.0,0.0
Modoc County,2024-04-23,66.1,0.114,0.0
Modoc County,2024-04-24,57.8,0.043,0.0
Modoc County,2024-04-25,49.5,0.102,0.0
Modoc County,2024-04-26,46.3,0.346,0.799
Modoc County,2024-04-27,52.7,0.02,0.0
Modoc County,2024-04-28,58.3,0.0,0.0
Modoc County,2024-04-29,48.0,0.0,0.0
Modoc County,2024-04-30,48.0,0.0,0.0
Modoc County,2024-05-01,52.0,0.0,0.0
Modoc County,2024-05-02,54.1,0.016,0.0
Modoc County,2024-05-03,62.2,0.0,0.0
Modoc County,2024-05-04,47.8,0.768,2.425
Modoc County,2024-05-05,37.3,0.083,0.579
Modoc County,2024-05-06,48.1,0.071,0.11
Modoc County,2024-05-07,48.0,0.0,0.0
Modoc County,2024-05-08,51.4,0.0,0.0
Modoc County,2024-05-09,63.0,0.0,0.0
Modoc County,2024-05-10,67.5,0.0,0.0
Modoc County,2024-05-11,71.8,0.0,0.0
Modoc County,2024-05-12,72.6,0.0,0.0
Modoc County,2024-05-13,71.8,0.0,0.0
Modoc County,2024-05-14,72.1,0.0,0.0
Modoc County,2024-05-15,74.0,0.0,0.0
Modoc County,2024-05-16,78.3,0.0,0.0
Modoc County,2024-05-17,70.3,0.0,0.0
Modoc County,2024-05-18,73.5,0.0,0.0
Modoc County,2024-05-19,61.0,0.0,0.0
Modoc County,2024-05-20,57.4,0.0,0.0
Modoc County,2024-05-21,66.3,0.0,0.0
Modoc County,2024-05-22,59.2,0.0,0.0
Modoc County,2024-05-23,63.4,0.0,0.0
Modoc County,2024-05-24,66.2,0.008,0.0
Modoc County,2024-05-25,64.1,0.02,0.0
Modoc County,2024-05-26,70.6,0.0,0.0
Modoc County,2024-05-27,78.4,0.0,0.0
Modoc County,2024-05-28,75.3,0.031,0.0
Modoc County,2024-05-29,64.4,0.0,0.0
Modoc County,2024-05-30,69.5,0.0,0.0
Modoc County,2024-05-31,76.6,0.0,0.0
Modoc County,2024-06-01,76.3,0.0,0.0
Modoc County,2024-06-02,73.8,0.012,0.0
Modoc County,2024-06-03,68.2,0.02,0.0
Modoc County,2024-06-04,80.9,0.0,0.0
Modoc County,2024-06-05,84.9,0.0,0.0
Modoc County,2024-06-06,90.0,0.0,0.0
Modoc County,2024-06-07,88.7,0.0,0.0
Modoc County,2024-06-08,88.4,0.008,0.0
Modoc County,2024-06-09,78.0,0.02,0.0
Modoc County,2024-06-10,81.9,0.0,0.0
Modoc County,2024-06-11,84.4,0.0,0.0
Modoc County,2024-06-12,87.2,0.0,0.0
Modoc County,2024-06-13,86.9,0.0,0.0
Modoc County,2024-06-14,80.6,0.0,0.0
Modoc County,2024-06-15,63.4,0.0,0.0
Modoc County,2024-06-16,72.4,0.012,0.0
Modoc County,2024-06-17,61.5,0.008,0.0
Modoc County,2024-06-18,70.4,0.0,0.0
Modoc County,2024-06-19,78.0,0.0,0.0
Modoc County,2024-06-20,80.2,0.0,0.0
Modoc County,2024-06-21,90.0,0.0,0.0
Modoc County,2024-06-22,91.6,0.0,0.0
Modoc County,2024-06-23,87.9,0.0,0.0
Modoc County,2024-06-24,87.2,0.0,0.0
Modoc County,2024-06-25,86.3,0.0,0.0
Modoc County,2024-06-26,82.0,0.0,0.0
Modoc County,2024-06-27,75.4,0.0,0.0
Modoc County,2024-06-28,82.5,0.0,0.0
Modoc County,2024-06-29,82.0,0.0,0.0
Modoc County,2024-06-30,78.3,0.0,0.0
Modoc County,2024-07-01,81.2,0.0,0.0
Modoc County,2024-07-02,85.3,0.0,0.0
Modoc County,2024-07-03,86.3,0.0,0.0
Modoc County,2024-07-04,93.4,0.0,0.0
Modoc County,2024-07-05,94.6,0.0,0.0
Modoc County,2024-07-06,98.9,0.0,0.0
Modoc County,2024-07-07,99.1,0.0,0.0
Modoc County,2024-07-08,96.7,0.0,0.0
Modoc County,2024-07-09,98.5,0.0,0.0
Modoc County,2024-07-10,95.5,0.0,0.0
Modoc County,2024-07-11,97.4,0.0,0.0
Modoc County,2024-07-12,97.8,0.0,0.0
Modoc County,2024-07-13,98.1,0.0,0.0
Modoc County,2024-07-14,90.3,0.0,0.0
Modoc County,2024-07-15,88.4,0.0,0.0
Modoc County,2024-07-16,89.0,0.008,0.0
Modoc County,2024-07-17,87.4,0.0,0.0
Modoc County,2024-07-18,92.2,0.0,0.0
Modoc County,2024-07-19,91.9,0.0,0.0
Modoc County,2024-07-20,98.1,0.0,0.0
Modoc County,2024-07-21,94.6,0.024,0.0
Modoc County,2024-07-22,97.3,0.0,0.0
Modoc County,2024-07-23,97.7,0.0,0.0
Modoc County,2024-07-24,91.0,0.031,0.0
Modoc County,2024-07-25,89.7,0.0,0.0
Modoc County,2024-07-26,87.6,0.0,0.0
Modoc County,2024-07-27,82.5,0.0,0.0
Modoc County,2024-07-28,83.0,0.0,0.0
Modoc County,2024-07-29,81.5,0.0,0.0
Modoc County,2024-07-30,87.8,0.0,0.0
Modoc County,2024-07-31,92.6,0.0,0.0
Modoc County,2024-08-01,98.6,0.0,0.0
Modoc County,2024-08-02,95.2,0.0,0.0
Modoc County,2024-08-03,87.8,0.043,0.0
Modoc County,2024-08-04,89.0,0.0,0.0
Modoc County,2024-08-05,90.8,0.0,0.0
Modoc County,2024-08-06,91.3,0.0,0.0
Modoc County,2024-08-07,92.7,0.0,0.0
Modoc County,2024-08-08,91.3,0.0,0.0
Modoc County,2024-08-09,90.5,0.0,0.0
Modoc County,2024-08-10,89.3,0.0,0.0
Modoc County,2024-08-11,88.2,0.0,0.0
Modoc County,2024-08-12,83.4,0.0,0.0
Modoc County,2024-08-13,80.3,0.0,0.0
Modoc County,2024-08-14,81.0,0.0,0.0
Modoc County,2024-08-15,76.6,0.0,0.0
Modoc County,2024-08-16,81.8,0.0,0.0
Modoc County,2024-08-17,80.5,0.0,0.0
Modoc County,2024-08-18,76.6,0.0,0.0
Modoc County,2024-08-19,77.7,0.0,0.0
Modoc County,2024-08-20,79.1,0.0,0.0
Modoc County,2024-08-21,79.4,0.0,0.0
Modoc County,2024-08-22,75.8,0.0,0.0
Modoc County,2024-08-23,60.6,0.047,0.0
Modoc County,2024-08-24,54.2,0.307,0.0
Modoc County,2024-08-25,66.7,0.0,0.0
Modoc County,2024-08-26,74.5,0.0,0.0
Modoc County,2024-08-27,82.7,0.0,0.0
Modoc County,2024-08-28,80.6,0.0,0.0
Modoc County,2024-08-29,85.2,0.0,0.0
Modoc County,2024-08-30,89.2,0.0,0.0
Modoc County,2024-08-31,90.1,0.0,0.0
Modoc County,2024-09-01,88.0,0.0,0.0
Modoc County,2024-09-02,79.3,0.0,0.0
Modoc County,2024-09-03,80.1,0.0,0.0
Modoc County,2024-09-04,85.0,0.0,0.0
Modoc County,2024-09-05,90.3,0.0,0.0
Modoc County,2024-09-06,90.4,0.0,0.0
Modoc County,2024-09-07,86.2,0.0,0.0
Modoc County,2024-09-08,83.2,0.0,0.0
Modoc County,2024-09-09,82.1,0.0,0.0
Modoc County,2024-09-10,81.3,0.0,0.0
Modoc County,2024-09-11,62.8,0.13,0.0
Modoc County,2024-09-12,63.0,0.0,0.0
Modoc County,2024-09-13,71.8,0.0,0.0
Modoc County,2024-09-14,76.9,0.0,0.0
Modoc County,2024-09-15,60.3,0.602,0.0
Modoc County,2024-09-16,51.4,0.213,0.0
Modoc County,2024-09-17,61.6,0.047,0.0
Modoc County,2024-09-18,62.4,0.055,0.0
Modoc County,2024-09-19,67.4,0.0,0.0
Modoc County,2024-09-20,69.7,0.0,0.0
Modoc County,2024-09-21,68.7,0.0,0.0
Modoc County,2024-09-22,73.4,0.0,0.0
Modoc County,2024-09-23,76.5,0.0,0.0
Modoc County,2024-09-24,82.8,0.0,0.0
Modoc County,2024-09-25,78.4,0.0,0.0
Modoc County,2024-09-26,78.1,0.0,0.0
Modoc County,2024-09-27,82.1,0.0,0.0
Modoc County,2024-09-28,84.0,0.0,0.0
Modoc County,2024-09-29,74.5,0.0,0.0
Modoc County,2024-09-30,73.1,0.0,0.0
Modoc County,2024-10-01,84.3,0.0,0.0
Modoc County,2024-10-02,79.4,0.0,0.0
Modoc County,2024-10-03,82.9,0.0,0.0
Modoc County,2024-10-04,76.5,0.0,0.0
Modoc County,2024-10-05,77.6,0.0,0.0
Modoc County,2024-10-06,77.2,0.0,0.0
Modoc County,2024-10-07,79.7,0.0,0.0
Modoc County,2024-10-08,78.6,0.0,0.0
Modoc County,2024-10-09,73.5,0.0,0.0
Modoc County,2024-10-10,73.1,0.0,0.0
Modoc County,2024-10-11,74.5,0.0,0.0
Modoc County,2024-10-12,62.0,0.134,0.0
Modoc County,2024-10-13,64.6,0.0,0.0
Modoc County,2024-10-14,69.4,0.0,0.0
Modoc County,2024-10-15,70.3,0.0,0.0
Modoc County,2024-10-16,52.1,0.787,0.0
Modoc County,2024-10-17,45.2,0.004,0.0
Modoc County,2024-10-18,49.8,0.0,0.0
Modoc County,2024-10-19,60.5,0.0,0.0
Modoc County,2024-10-20,61.9,0.0,0.0
Modoc County,2024-10-21,55.9,0.004,0.0
Modoc County,2024-10-22,57.7,0.0,0.0
Modoc County,2024-10-23,55.8,0.079,0.22
Modoc County,2024-10-24,51.1,0.0,0.0
Modoc County,2024-10-25,56.7,0.0,0.0
Modoc County,2024-10-26,64.3,0.0,0.0
Modoc County,2024-10-27,51.2,0.213,0.0
Modoc County,2024-10-28,43.0,0.134,0.496
Modoc County,2024-10-29,39.8,0.0,0.0
Modoc County,2024-10-30,44.8,0.083,0.524
Modoc County,2024-10-31,40.5,0.311,2.067
Modoc County,2024-11-01,43.7,0.224,1.075
Modoc County,2024-11-02,42.0,0.11,0.303
Modoc County,2024-11-03,43.3,0.043,0.165
Modoc County,2024-11-04,49.0,0.0,0.0
Modoc County,2024-11-05,41.4,0.0,0.0
Modoc County,2024-11-06,41.4,0.0,0.0
Modoc County,2024-11-07,49.9,0.0,0.0
Modoc County,2024-11-08,53.7,0.0,0.0
Modoc County,2024-11-09,51.8,0.0,0.0
Modoc County,2024-11-10,52.6,0.0,0.0
Modoc County,2024-11-11,42.6,0.315,0.441
Modoc County,2024-11-12,41.3,0.0,0.0
Modoc County,2024-11-13,44.0,0.091,0.165
Modoc County,2024-11-14,38.2,0.173,0.937
Modoc County,2024-11-15,36.0,0.02,0.138
Modoc County,2024-11-16,34.7,0.008,0.055
Modoc County,2024-11-17,40.0,0.161,1.047
Modoc County,2024-11-18,32.8,0.079,0.551
Modoc County,2024-11-19,34.1,0.035,0.248
Modoc County,2024-11-20,37.0,0.413,2.205
Modoc County,2024-11-21,43.6,1.0,1.626
Modoc County,2024-11-22,48.4,0.921,1.433
Modoc County,2024-11-23,33.8,0.52,3.335
Modoc County,2024-11-24,36.3,0.0,0.0
Modoc County,2024-11-25,38.1,0.059,0.083
Modoc County,2024-11-26,35.6,0.075,0.469
Modoc County,2024-11-27,33.4,0.0,0.0
Modoc County,2024-11-28,37.5,0.0,0.0
Modoc County,2024-11-29,41.9,0.0,0.0
Modoc County,2024-11-30,44.2,0.0,0.0
Modoc County,2024-12-01,44.7,0.0,0.0
Modoc County,2024-12-02,45.1,0.0,0.0
Modoc County,2024-12-03,44.3,0.0,0.0
Modoc County,2024-12-04,47.3,0.0,0.0
Modoc County,2024-12-05,47.7,0.0,0.0
Modoc County,2024-12-06,45.5,0.0,0.0
Modoc County,2024-12-07,47.3,0.0,0.0
Modoc County,2024-12-08,38.4,0.0,0.0
Modoc County,2024-12-09,35.3,0.0,0.0
Modoc County,2024-12-10,41.5,0.0,0.0
Modoc County,2024-12-11,42.4,0.0,0.0
Modoc County,2024-12-12,35.9,0.138,0.992
Modoc County,2024-12-13,35.1,0.201,1.185
Modoc County,2024-12-14,34.2,0.504,3.528
Modoc County,2024-12-15,31.7,0.067,0.496
Modoc County,2024-12-16,32.9,0.224,1.433
Modoc County,2024-12-17,38.8,0.008,0.0
Modoc County,2024-12-18,43.5,0.0,0.0
Modoc County,2024-12-19,43.8,0.0,0.0
Modoc County,2024-12-20,40.4,0.0,0.0
Modoc County,2024-12-21,39.5,0.134,0.469
Modoc County,2024-12-22,41.5,0.047,0.0
Modoc County,2024-12-23,45.6,0.008,0.0
Modoc County,2024-12-24,44.7,0.752,3.472
Modoc County,2024-12-25,36.7,0.008,0.055
Modoc County,2024-12-26,35.5,0.236,1.295
Modoc County,2024-12-27,43.1,0.311,0.882
Modoc County,2024-12-28,44.0,0.37,0.0
Modoc County,2024-12-29,44.2,0.713,3.583
Modoc County,2024-12-30,28.8,0.0,0.0
Modoc County,2024-12-31,32.1,0.012,0.083
Modoc County,2025-01-01,34.6,0.035,0.22
Modoc County,2025-01-02,46.0,0.028,0.0
Modoc County,2025-01-03,40.9,0.52,0.882
Modoc County,2025-01-04,33.6,0.102,0.661
Modoc County,2025-01-05,41.5,0.024,0.0
Modoc County,2025-01-06,40.1,0.083,0.331
Modoc County,2025-01-07,39.2,0.0,0.0
Modoc County,2025-01-08,43.5,0.0,0.0
Modoc County,2025-01-09,44.1,0.0,0.0
Modoc County,2025-01-10,48.7,0.016,0.0
Modoc County,2025-01-11,33.9,0.0,0.0
Modoc County,2025-01-12,34.8,0.0,0.0
Modoc County,2025-01-13,37.9,0.0,0.0
Modoc County,2025-01-14,45.0,0.0,0.0
Modoc County,2025-01-15,46.4,0.0,0.0
Modoc County,2025-01-16,46.0,0.0,0.0
Modoc County,2025-01-17,40.9,0.0,0.0
Modoc County,2025-01-18,37.3,0.0,0.0
Modoc County,2025-01-19,40.6,0.0,0.0
Modoc County,2025-01-20,35.0,0.0,0.0
Modoc County,2025-01-21,47.7,0.0,0.0
Modoc County,2025-01-22,44.7,0.0,0.0
Modoc County,2025-01-23,45.8,0.0,0.0
Modoc County,2025-01-24,43.9,0.0,0.0
Modoc County,2025-01-25,30.7,0.0,0.0
Modoc County,2025-01-26,33.5,0.0,0.0
Modoc County,2025-01-27,39.2,0.0,0.0
Modoc County,2025-01-28,43.7,0.0,0.0
Modoc County,2025-01-29,43.2,0.0,0.0
Modoc County,2025-01-30,48.9,0.0,0.0
Modoc County,2025-01-31,34.7,0.169,1.047
Modoc County,2025-02-01,36.0,0.366,1.268
Modoc County,2025-02-02,37.8,2.382,9.618
Modoc County,2025-02-03,38.2,1.161,4.906
Modoc County,2025-02-04,38.0,1.157,5.291
Modoc County,2025-02-05,29.7,0.004,0.0
Modoc County,2025-02-06,31.6,0.398,2.783
Modoc County,2025-02-07,30.2,0.37,2.535
Modoc County,2025-02-08,25.3,0.0,0.0
Modoc County,2025-02-09,24.0,0.0,0.0
Modoc County,2025-02-10,23.1,0.0,0.0
Modoc County,2025-02-11,19.9,0.0,0.0
Modoc County,2025-02-12,27.5,0.0,0.0
Modoc County,2025-02-13,37.2,0.39,2.535
Modoc County,2025-02-14,33.3,0.366,2.563
Modoc County,2025-02-15,37.5,0.0,0.0
Modoc County,2025-02-16,34.2,0.094,0.579
Modoc County,2025-02-17,34.6,0.035,0.165
Modoc County,2025-02-18,34.3,0.02,0.11
Modoc County,2025-02-19,37.9,0.228,1.102
Modoc County,2025-02-20,37.4,0.0,0.0
Modoc County,2025-02-21,44.0,0.0,0.0
Modoc County,2025-02-22,51.4,0.091,0.441
Modoc County,2025-02-23,45.4,0.039,0.0
Modoc County,2025-02-24,51.2,0.051,0.0
Modoc County,2025-02-25,43.9,0.0,0.0
Modoc County,2025-02-26,52.6,0.0,0.0
Modoc County,2025-02-27,58.3,0.0,0.0
Modoc County,2025-02-28,57.5,0.0,0.0
Modoc County,2025-03-01,59.3,0.0,0.0
Modoc County,2025-03-02,37.8,0.051,0.165
Modoc County,2025-03-03,39.8,0.0,0.0
Modoc County,2025-03-04,40.0,0.0,0.0
Modoc County,2025-03-05,41.5,0.157,0.965
Modoc County,2025-03-06,40.4,0.11,0.772
Modoc County,2025-03-07,42.2,0.0,0.0
Modoc County,2025-03-08,53.2,0.0,0.0
Modoc County,2025-03-09,50.4,0.0,0.0
Modoc County,2025-03-10,51.9,0.0,0.0
Modoc County,2025-03-11,51.5,0.0,0.0
Modoc County,2025-03-12,46.0,0.429,0.992
Modoc County,2025-03-13,34.9,0.201,1.406
Modoc County,2025-03-14,32.1,0.071,0.496
Modoc County,2025-03-15,35.4,0.146,0.772
Modoc County,2025-03-16,42.1,0.713,2.287
Modoc County,2025-03-17,35.8,0.287,2.012
Modoc County,2025-03-18,38.8,0.0,0.0
Modoc County,2025-03-19,47.2,0.043,0.303
Modoc County,2025-03-20,41.9,0.11,0.689
Modoc County,2025-03-21,39.3,0.059,0.413
Modoc County,2025-03-22,46.6,0.0,0.0
Modoc County,2025-03-23,58.1,0.0,0.0
Modoc County,2025-03-24,62.9,0.0,0.0
Modoc County,2025-03-25,66.5,0.0,0.0
Modoc County,2025-03-26,65.6,0.051,0.0
Modoc County,2025-03-27,48.2,0.142,0.0
Modoc County,2025-03-28,44.3,0.106,0.193
Modoc County,2025-03-29,42.3,0.004,0.028
Modoc County,2025-03-30,44.2,0.094,0.331
Modoc County,2025-03-31,34.1,0.299,2.094
Modoc County,2025-04-01,32.4,0.354,2.48
Modoc County,2025-04-02,35.3,0.02,0.138
Modoc County,2025-04-03,41.8,0.016,0.11
Modoc County,2025-04-04,47.5,0.0,0.0
Modoc County,2025-04-05,56.7,0.0,0.0
Modoc County,2025-04-06,61.2,0.008,0.0
Modoc County,2025-04-07,49.6,0.075,0.0
Modoc County,2025-04-08,53.2,0.028,0.0
Modoc County,2025-04-09,62.2,0.0,0.0
Modoc County,2025-04-10,65.1,0.0,0.0
Modoc County,2025-04-11,60.0,0.039,0.0
Modoc County,2025-04-12,53.4,0.0,0.0
Modoc County,2025-04-13,55.5,0.0,0.0
Modoc County,2025-04-14,64.3,0.0,0.0
Modoc County,2025-04-15,68.7,0.0,0.0
Modoc County,2025-04-16,62.6,0.0,0.0
Modoc County,2025-04-17,54.3,0.0,0.0
Modoc County,2025-04-18,52.9,0.0,0.0
Modoc County,2025-04-19,59.9,0.004,0.0
Modoc County,2025-04-20,59.2,0.0,0.0
Modoc County,2025-04-21,59.4,0.0,0.0
Modoc County,2025-04-22,62.3,0.008,0.0
Modoc County,2025-04-23,56.0,0.146,0.717
Modoc County,2025-04-24,60.7,0.0,0.0
Modoc County,2025-04-25,52.3,0.091,0.0
Modoc County,2025-04-26,53.2,0.37,0.165
Modoc County,2025-04-27,54.4,0.035,0.0
Modoc County,2025-04-28,59.4,0.0,0.0
Modoc County,2025-04-29,58.4,0.0,0.0
Modoc County,2025-04-30,63.1,0.0,0.0
Modoc County,2025-05-01,66.9,0.0,0.0
Modoc County,2025-05-02,69.1,0.0,0.0
Modoc County,2025-05-03,55.9,0.122,0.0
Modoc County,2025-05-04,54.3,0.0,0.0
Modoc County,2025-05-05,61.7,0.0,0.0
Modoc County,2025-05-06,63.1,0.0,0.0
Modoc County,2025-05-07,71.7,0.0,0.0
Modoc County,2025-05-08,73.4,0.0,0.0
Modoc County,2025-05-09,78.1,0.0,0.0
Modoc County,2025-05-10,75.7,0.0,0.0
Modoc County,2025-05-11,63.1,0.0,0.0
Modoc County,2025-05-12,47.4,0.264,0.882
Modoc County,2025-05-13,51.3,0.031,0.0
Modoc County,2025-05-14,54.8,0.0,0.0
Modoc County,2025-05-15,63.5,0.024,0.0
Modoc County,2025-05-16,64.8,0.012,0.0
Modoc County,2025-05-17,55.4,0.26,0.0
Modoc County,2025-05-18,55.4,0.0,0.0
Modoc County,2025-05-19,60.2,0.0,0.0
Modoc County,2025-05-20,60.4,0.0,0.0
Modoc County,2025-05-21,70.1,0.0,0.0
Modoc County,2025-05-22,65.8,0.0,0.0
Modoc County,2025-05-23,66.4,0.008,0.0
Modoc County,2025-05-24,72.7,0.0,0.0
Modoc County,2025-05-25,75.3,0.004,0.0
Modoc County,2025-05-26,69.8,0.0,0.0
Modoc County,2025-05-27,79.0,0.0,0.0
Modoc County,2025-05-28,84.1,0.0,0.0
Modoc County,2025-05-29,78.2,0.0,0.0
Modoc County,2025-05-30,88.3,0.0,0.0
Modoc County,2025-05-31,90.6,0.0,0.0
Modoc County,2025-06-01,74.2,0.0,0.0
Modoc County,2025-06-02,77.9,0.0,0.0
Modoc County,2025-06-03,75.7,0.0,0.0
Modoc County,2025-06-04,74.6,0.0,0.0
Modoc County,2025-06-05,78.4,0.0,0.0
Modoc County,2025-06-06,81.5,0.0,0.0
Modoc County,2025-06-07,88.1,0.0,0.0
Modoc County,2025-06-08,88.9,0.0,0.0
Modoc County,2025-06-09,88.5,0.091,0.0
Modoc County,2025-06-10,86.7,0.004,0.0
Modoc County,2025-06-11,83.5,0.012,0.0
Modoc County,2025-06-12,80.9,0.0,0.0
Modoc County,2025-06-13,75.6,0.0,0.0
Modoc County,2025-06-14,79.2,0.0,0.0
Modoc County,2025-06-15,81.1,0.0,0.0
Modoc County,2025-06-16,78.5,0.0,0.0
Modoc County,2025-06-17,81.1,0.0,0.0
Modoc County,2025-06-18,87.5,0.0,0.0
Modoc County,2025-06-19,83.9,0.0,0.0
Modoc County,2025-06-20,55.5,0.028,0.0
Modoc County,2025-06-21,58.1,0.02,0.0
Modoc County,2025-06-22,60.5,0.0,0.0
Modoc County,2025-06-23,70.9,0.0,0.0
Modoc County,2025-06-24,80.5,0.0,0.0
Modoc County,2025-06-25,82.1,0.0,0.0
Modoc County,2025-06-26,86.4,0.0,0.0
Modoc County,2025-06-27,81.4,0.0,0.0
Modoc County,2025-06-28,84.2,0.0,0.0
Modoc County,2025-06-29,89.9,0.0,0.0
Modoc County,2025-06-30,93.7,0.0,0.0
Modoc County,2025-07-01,87.8,0.087,0.0
Modoc County,2025-07-02,84.1,0.004,0.0
Modoc County,2025-07-03,84.1,0.004,0.0
Modoc County,2025-07-04,74.6,0.012,0.0
Modoc County,2025-07-05,77.8,0.0,0.0
Modoc County,2025-07-06,85.3,0.0,0.0
Modoc County,2025-07-07,90.9,0.0,0.0
Modoc County,2025-07-08,86.7,0.0,0.0
Modoc County,2025-07-09,81.1,0.012,0.0
Modoc County,2025-07-10,85.8,0.0,0.0
Modoc County,2025-07-11,90.0,0.0,0.0
Modoc County,2025-07-12,93.6,0.0,0.0
Modoc County,2025-07-13,94.9,0.0,0.0
Modoc County,2025-07-14,95.5,0.0,0.0
Modoc County,2025-07-15,92.1,0.0,0.0
Modoc County,2025-07-16,91.0,0.0,0.0
Modoc County,2025-07-17,87.5,0.0,0.0
Modoc County,2025-07-18,88.5,0.0,0.0
Modoc County,2025-07-19,88.1,0.0,0.0
Modoc County,2025-07-20,86.2,0.0,0.0
Modoc County,2025-07-21,75.7,0.15,0.0
Modoc County,2025-07-22,79.2,0.0,0.0
Modoc County,2025-07-23,83.9,0.0,0.0
Modoc County,2025-07-24,87.6,0.067,0.0
Modoc County,2025-07-25,80.1,0.094,0.0
Modoc County,2025-07-26,79.1,0.0,0.0
Modoc County,2025-07-27,81.5,0.004,0.0
Modoc County,2025-07-28,80.6,0.02,0.0
Modoc County,2025-07-29,84.0,0.008,0.0
Modoc County,2025-07-30,81.5,0.0,0.0
Modoc County,2025-07-31,79.8,0.051,0.0
Modoc County,2025-08-01,80.6,0.0,0.0
Modoc County,2025-08-02,81.5,0.0,0.0
Modoc County,2025-08-03,81.3,0.0,0.0
Modoc County,2025-08-04,77.6,0.0,0.0
Modoc County,2025-08-05,82.0,0.0,0.0
Modoc County,2025-08-06,80.5,0.0,0.0
Modoc County,2025-08-07,79.7,0.0,0.0
Modoc County,2025-08-08,82.9,0.0,0.0
Modoc County,2025-08-09,86.6,0.0,0.0
Modoc County,2025-08-10,90.1,0.0,0.0
Modoc County,2025-08-11,94.9,0.0,0.0
Modoc County,2025-08-12,94.9,0.0,0.0
Modoc County,2025-08-13,91.0,0.0,0.0
Modoc County,2025-08-14,85.4,0.0,0.0
Modoc County,2025-08-15,82.0,0.0,0.0
Modoc County,2025-08-16,81.1,0.055,0.0
Modoc County,2025-08-17,77.9,0.016,0.0
Modoc County,2025-08-18,78.4,0.0,0.0
Modoc County,2025-08-19,81.8,0.0,0.0
Modoc County,2025-08-20,82.1,0.0,0.0
Modoc County,2025-08-21,88.3,0.0,0.0
Modoc County,2025-08-22,95.3,0.0,0.0
Modoc County,2025-08-23,91.4,0.012,0.0
Modoc County,2025-08-24,83.8,0.142,0.0
Modoc County,2025-08-25,80.4,0.209,0.0
Modoc County,2025-08-26,80.2,0.008,0.0
Modoc County,2025-08-27,80.1,0.024,0.0
Modoc County,2025-08-28,81.4,0.0,0.0
Modoc County,2025-08-29,82.2,0.0,0.0
Modoc County,2025-08-30,87.1,0.0,0.0
Modoc County,2025-08-31,89.0,0.0,0.0
Modoc County,2025-09-01,86.9,0.0,0.0
Modoc County,2025-09-02,90.6,0.0,0.0
Modoc County,2025-09-03,78.9,0.047,0.0
Modoc County,2025-09-04,84.5,0.0,0.0
Modoc County,2025-09-05,86.2,0.0,0.0
Modoc County,2025-09-06,79.9,0.012,0.0
Modoc County,2025-09-07,74.8,0.0,0.0
Modoc County,2025-09-08,74.6,0.0,0.0
Modoc County,2025-09-09,68.4,0.051,0.0
Modoc County,2025-09-10,65.3,0.083,0.0
Modoc County,2025-09-11,62.5,0.28,0.0
Modoc County,2025-09-12,67.1,0.0,0.0
Modoc County,2025-09-13,73.9,0.0,0.0
Modoc County,2025-09-14,67.9,0.0,0.0
Modoc County,2025-09-15,73.9,0.0,0.0
Modoc County,2025-09-16,80.3,0.0,0.0
Modoc County,2025-09-17,81.4,0.0,0.0
Modoc County,2025-09-18,82.4,0.0,0.0
Modoc County,2025-09-19,77.4,0.0,0.0
Modoc County,2025-09-20,77.1,0.209,0.0
Modoc County,2025-09-21,71.2,0.004,0.0
Modoc County,2025-09-22,73.6,0.0,0.0
Modoc County,2025-09-23,79.2,0.0,0.0
Modoc County,2025-09-24,81.3,0.0,0.0
Modoc County,2025-09-25,78.7,0.0,0.0
Modoc County,2025-09-26,73.0,0.0,0.0
Modoc County,2025-09-27,80.6,0.0,0.0
Modoc County,2025-09-28,73.9,0.0,0.0
Modoc County,2025-09-29,63.5,0.024,0.0
Modoc County,2025-09-30,59.5,0.012,0.0
Modoc County,2025-10-01,56.3,0.035,0.0
Modoc County,2025-10-02,55.7,0.059,0.0
Modoc County,2025-10-03,55.0,0.173,0.0
Modoc County,2025-10-04,58.6,0.0,0.0
Modoc County,2025-10-05,57.6,0.0,0.0
Modoc County,2025-10-06,60.7,0.0,0.0
Modoc County,2025-10-07,68.0,0.0,0.0
Modoc County,2025-10-08,67.7,0.0,0.0
Modoc County,2025-10-09,65.2,0.0,0.0
Modoc County,2025-10-10,58.2,0.079,0.0
Modoc County,2025-10-11,49.0,0.051,0.0
Modoc County,2025-10-12,49.1,0.028,0.0
Modoc County,2025-10-13,49.3,0.102,0.083
Modoc County,2025-10-14,53.7,0.0,0.0
Modoc County,2025-10-15,52.9,0.0,0.0
Modoc County,2025-10-16,55.5,0.0,0.0
Modoc County,2025-10-17,62.4,0.0,0.0
Modoc County,2025-10-18,66.4,0.0,0.0
Modoc County,2025-10-19,55.9,0.031,0.0
Modoc County,2025-10-20,57.7,0.0,0.0
Modoc County,2025-10-21,65.8,0.0,0.0
Modoc County,2025-10-22,66.0,0.0,0.0
Modoc County,2025-10-23,63.1,0.0,0.0
Modoc County,2025-10-24,59.2,0.024,0.0
Modoc County,2025-10-25,49.8,0.327,0.0
Modoc County,2025-10-26,37.3,0.445,0.827
Modoc County,2025-10-27,44.3,0.0,0.0
Modoc County,2025-10-28,57.4,0.0,0.0
Modoc County,2025-10-29,60.0,0.0,0.0
Modoc County,2025-10-30,55.0,0.0,0.0
Modoc County,2025-10-31,60.6,0.0,0.0
Modoc County,2025-11-01,61.4,0.0,0.0
Modoc County,2025-11-02,57.7,0.0,0.0
Modoc County,2025-11-03,58.4,0.028,0.0
Modoc County,2025-11-04,50.9,0.071,0.0
Modoc County,2025-11-05,49.6,0.232,0.0
Modoc County,2025-11-06,48.4,0.098,0.0
Modoc County,2025-11-07,51.7,0.004,0.0
Modoc County,2025-11-08,57.9,0.0,0.0
Modoc County,2025-11-09,62.1,0.0,0.0
Modoc County,2025-11-10,63.5,0.0,0.0
Modoc County,2025-11-11,60.2,0.0,0.0
Modoc County,2025-11-12,59.1,0.0,0.0
Modoc County,2025-11-13,52.9,0.524,0.0
Modoc County,2025-11-14,50.8,0.004,0.0
Modoc County,2025-11-15,56.9,0.0,0.0
Modoc County,2025-11-16,44.9,0.063,0.0
Modoc County,2025-11-17,46.4,0.15,0.0
Modoc County,2025-11-18,49.5,0.0,0.0
Modoc County,2025-11-19,42.4,0.012,0.0
Modoc County,2025-11-20,41.9,0.181,0.469
Modoc County,2025-11-21,45.3,0.0,0.0
Modoc County,2025-11-22,48.0,0.0,0.0
Modoc County,2025-11-23,49.1,0.0,0.0
Modoc County,2025-11-24,45.5,0.0,0.0
Modoc County,2025-11-25,44.7,0.0,0.0
Modoc County,2025-11-26,51.8,0.0,0.0
Modoc County,2025-11-27,53.0,0.0,0.0
Modoc County,2025-11-28,45.4,0.0,0.0
Modoc County,2025-11-29,46.5,0.0,0.0
Modoc County,2025-11-30,39.7,0.0,0.0
Modoc County,2025-12-01,43.3,0.0,0.0
Modoc County,2025-12-02,44.2,0.0,0.0
Modoc County,2025-12-03,36.8,0.0,0.0
Modoc County,2025-12-04,43.2,0.0,0.0
Modoc County,2025-12-05,41.7,0.039,0.0
Modoc County,2025-12-06,46.5,0.016,0.0
Modoc County,2025-12-07,46.9,0.0,0.0
Modoc County,2025-12-08,48.7,0.0,0.0
Modoc County,2025-12-09,53.4,0.0,0.0
Modoc County,2025-12-10,55.1,0.0,0.0
Modoc County,2025-12-11,53.0,0.0,0.0
Modoc County,2025-12-12,51.0,0.0,0.0
Modoc County,2025-12-13,51.3,0.0,0.0
Modoc County,2025-12-14,49.7,0.0,0.0
Modoc County,2025-12-15,52.0,0.004,0.0
Modoc County,2025-12-16,48.4,0.394,0.0
Modoc County,2025-12-17,45.1,0.551,0.0
Modoc County,2025-12-18,45.0,0.004,0.0
Modoc County,2025-12-19,42.2,0.839,0.799
Modoc County,2025-12-20,45.0,0.134,0.0
Modoc County,2025-12-21,46.9,1.008,0.0
Modoc County,2025-12-22,46.0,0.098,0.0
Modoc County,2025-12-23,51.7,0.083,0.0
Modoc County,2025-12-24,43.4,0.524,0.083
Modoc County,2025-12-25,37.0,0.575,3.307
Modoc County,2025-12-26,35.5,0.295,2.039
Modoc County,2025-12-27,32.3,0.0,0.0
Modoc County,2025-12-28,34.3,0.0,0.0
Modoc County,2025-12-29,41.3,0.0,0.0
Modoc County,2025-12-30,47.8,0.0,0.0
Modoc County,2025-12-31,46.4,0.004,0.0
Modoc County,2026-01-01,45.8,0.248,0.0
Modoc County,2026-01-02,45.5,0.004,0.0
Modoc County,2026-01-03,42.1,0.228,0.909
Modoc County,2026-01-04,38.8,0.228,0.579
Modoc County,2026-01-05,37.9,0.079,0.276
Modoc County,2026-01-06,37.3,0.0,0.0
Modoc County,2026-01-07,36.8,0.177,1.075
Modoc County,2026-01-08,30.5,0.0,0.0
Modoc County,2026-01-09,35.2,0.0,0.0
Modoc County,2026-01-10,40.7,0.0,0.0
Modoc County,2026-01-11,44.6,0.0,0.0
Modoc County,2026-01-12,46.5,0.0,0.0
Modoc County,2026-01-13,50.6,0.0,0.0
Modoc County,2026-01-14,50.4,0.0,0.0
Modoc County,2026-01-15,51.2,0.0,0.0
Modoc County,2026-01-16,49.4,0.0,0.0
Modoc County,2026-01-17,47.8,0.0,0.0
Modoc County,2026-01-18,47.9,0.0,0.0
Modoc County,2026-01-19,46.9,0.0,0.0
Modoc County,2026-01-20,44.0,0.0,0.0
Modoc County,2026-01-21,46.6,0.0,0.0
Modoc County,2026-01-22,48.7,0.0,0.0
Modoc County,2026-01-23,42.1,0.0,0.0
Modoc County,2026-01-24,38.9,0.0,0.0
Modoc County,2026-01-25,44.0,0.0,0.0
Modoc County,2026-01-26,43.7,0.0,0.0
Modoc County,2026-01-27,45.8,0.004,0.028
Modoc County,2026-01-28,42.8,0.142,0.992
Modoc County,2026-01-29,47.8,0.0,0.0
Modoc County,2026-01-30,52.6,0.0,0.0
Modoc County,2026-01-31,51.4,0.0,0.0
Modoc County,2026-02-01,50.0,0.0,0.0
Modoc County,2026-02-02,49.2,0.0,0.0
Modoc County,2026-02-03,51.4,0.0,0.0
Modoc County,2026-02-04,54.5,0.0,0.0
Modoc County,2026-02-05,56.5,0.0,0.0
Modoc County,2026-02-06,54.3,0.0,0.0
Modoc County,2026-02-07,50.8,0.0,0.0
Modoc County,2026-02-08,48.8,0.461,1.516
Modoc County,2026-02-09,40.3,0.0,0.0
Modoc County,2026-02-10,45.4,0.142,0.661
Modoc County,2026-02-11,45.0,0.118,0.579
Modoc County,2026-02-12,45.1,0.008,0.0
Modoc County,2026-02-13,48.7,0.0,0.0
Modoc County,2026-02-14,45.8,0.0,0.0
Modoc County,2026-02-15,45.5,0.016,0.028
Modoc County,2026-02-16,36.0,0.287,1.846
Modoc County,2026-02-17,28.8,0.303,2.15
Modoc County,2026-02-18,24.5,0.087,0.606
Modoc County,2026-02-19,27.7,0.118,0.827
Modoc County,2026-02-20,26.7,0.0,0.0
Modoc County,2026-02-21,34.1,0.0,0.0
Modoc County,2026-02-22,41.9,0.0,0.0
Modoc County,2026-02-23,48.9,0.004,0.0
Modoc County,2026-02-24,43.5,0.799,0.744
Modoc County,2026-02-25,49.9,0.055,0.0
Modoc County,2026-02-26,55.3,0.0,0.0
Modoc County,2026-02-27,57.7,0.0,0.0
Modoc County,2026-02-28,56.0,0.268,0.0
Modoc County,2026-03-01,52.1,0.039,0.0
Modoc County,2026-03-02,49.2,0.0,0.0
Modoc County,2026-03-03,56.0,0.0,0.0
Modoc County,2026-03-04,41.3,0.343,1.268
Modoc County,2026-03-05,42.3,0.0,0.0
Modoc County,2026-03-06,48.6,0.0,0.0
Modoc County,2026-03-07,58.2,0.0,0.0
Modoc County,2026-03-08,59.1,0.0,0.0
Modoc County,2026-03-09,51.2,0.0,0.0
Modoc County,2026-03-10,46.5,0.0,0.0
Modoc County,2026-03-11,56.8,0.0,0.0
Modoc County,2026-03-12,61.3,0.0,0.0
Modoc County,2026-03-13,62.2,0.0,0.0
Modoc County,2026-03-14,52.9,0.004,0.0
Modoc County,2026-03-15,58.9,0.0,0.0
Modoc County,2026-03-16,66.4,0.0,0.0
Modoc County,2026-03-17,73.3,0.0,0.0
Modoc County,2026-03-18,73.3,0.0,0.0
Modoc County,2026-03-19,74.8,0.0,0.0
Modoc County,2026-03-20,76.3,0.0,0.0
Modoc County,2026-03-21,69.8,0.0,0.0
Modoc County,2026-03-22,65.6,0.0,0.0
Modoc County,2026-03-23,65.5,0.0,0.0
Modoc County,2026-03-24,67.3,0.0,0.0
Modoc County,2026-03-25,65.5,0.0,0.0
Modoc County,2026-03-26,55.8,0.0,0.0
Modoc County,2026-03-27,66.5,0.0,0.0
Modoc County,2026-03-28,69.2,0.0,0.0
Modoc County,2026-03-29,66.7,0.0,0.0
Modoc County,2026-03-30,61.2,0.0,0.0
Modoc County,2026-03-31,48.7,0.122,0.055
Modoc County,2026-04-01,44.6,0.386,0.358
Modoc County,2026-04-02,41.0,0.146,0.992
Modoc County,2026-04-03,53.8,0.0,0.0
Modoc County,2026-04-04,62.5,0.0,0.0
Modoc County,2026-04-05,65.9,0.0,0.0
Modoc County,2026-04-06,66.2,0.0,0.0
Modoc County,2026-04-07,64.9,0.0,0.0
Modoc County,2026-04-08,63.9,0.028,0.0
Modoc County,2026-04-09,62.9,0.209,0.0
Modoc County,2026-04-10,56.3,0.189,0.0
Modoc County,2026-04-11,50.0,0.354,0.661
Modoc County,2026-04-12,45.2,0.102,0.524
Modoc County,2026-04-13,47.9,0.012,0.0
Modoc County,2026-04-14,55.4,0.0,0.0
Modoc County,2026-04-15,48.0,0.094,0.165
Modoc County,2026-04-16,40.0,0.0,0.0
Modoc County,2026-04-17,51.3,0.0,0.0
Modoc County,2026-04-18,62.1,0.0,0.0
Modoc County,2026-04-19,62.9,0.0,0.0
Modoc County,2026-04-20,61.4,0.0,0.0
Modoc County,2026-04-21,48.0,0.146,0.0
Modoc County,2026-04-22,48.9,0.059,0.165
Modoc County,2026-04-23,56.1,0.0,0.0
Modoc County,2026-04-24,57.8,0.0,0.0
Modoc County,2026-04-25,54.9,0.087,0.0
Modoc County,2026-04-26,46.5,0.063,0.11
Modoc County,2026-04-27,51.4,0.028,0.0
Modoc County,2026-04-28,57.0,0.008,0.0
Modoc County,2026-04-29,60.8,0.0,0.0
Modoc County,2026-04-30,64.1,0.0,0.0
Modoc County,2026-05-01,66.7,0.0,0.0
Modoc County,2026-05-02,64.9,0.126,0.0
Modoc County,2026-05-03,66.1,0.016,0.0
Modoc County,2026-05-04,70.3,0.067,0.0
Modoc County,2026-05-05,69.1,0.012,0.0
Modoc County,2026-05-06,72.4,0.0,0.0
Modoc County,2026-05-07,73.2,0.0,0.0
Modoc County,2026-05-08,70.9,0.0,0.0
Modoc County,2026-05-09,75.0,0.0,0.0
Modoc County,2026-05-10,80.2,0.0,0.0
Modoc County,2026-05-11,81.1,0.0,0.0
Modoc County,2026-05-12,82.6,0.0,0.0
Modoc County,2026-05-13,62.6,0.0,0.0
Modoc County,2026-05-14,71.6,0.0,0.0
Modoc County,2026-05-15,65.1,0.0,0.0
Modoc County,2026-05-16,55.3,0.0,0.0
Modoc County,2026-05-17,51.1,0.024,0.165
Modoc County,2026-05-18,58.4,0.0,0.0
Modoc County,2026-05-19,63.9,0.0,0.0
Modoc County,2026-05-20,70.5,0.0,0.0
Modoc County,2026-05-21,72.1,0.0,0.0
Modoc County,2026-05-22,77.8,0.0,0.0
Modoc County,2026-05-23,76.7,0.0,0.0
Modoc County,2026-05-24,77.5,0.0,0.0
Modoc County,2026-05-25,73.0,0.004,0.0
Modoc County,2026-05-26,51.4,0.354,0.11
Modoc County,2026-05-27,60.5,0.5,0.0
Modoc County,2026-05-28,58.6,0.169,0.0
Modoc County,2026-05-29,53.9,0.724,0.0
Modoc County,2026-05-30,59.7,0.031,0.0
Modoc County,2026-05-31,64.0,0.0,0.0
Modoc County,2026-06-01,68.8,0.0,0.0
Modoc County,2026-06-02,76.3,0.0,0.0
Modoc County,2026-06-03,72.1,0.0,0.0
Modoc County,2026-06-04,71.6,0.0,0.0
Modoc County,2026-06-05,74.7,0.0,0.0
Modoc County,2026-06-06,61.9,0.0,0.0
Modoc County,2026-06-07,63.1,0.0,0.0
Modoc County,2026-06-08,59.5,0.02,0.0
Modoc County,2026-06-09,64.7,0.0,0.0
Modoc County,2026-06-10,69.5,0.0,0.0
Modoc County,2026-06-11,75.7,0.0,0.0
Modoc County,2026-06-12,80.3,0.0,0.0
Modoc County,2026-06-13,81.1,0.0,0.0
Modoc County,2026-06-14,84.0,0.0,0.0
Modoc County,2026-06-15,88.1,0.0,0.0
Modoc County,2026-06-16,89.5,0.0,0.0
Modoc County,2026-06-17,88.2,0.0,0.0
Modoc County,2026-06-18,88.8,0.012,0.0
Modoc County,2026-06-19,75.1,0.114,0.0
Modoc County,2026-06-20,75.4,0.091,0.0
Modoc County,2026-06-21,78.6,0.0,0.0
Modoc County,2026-06-22,84.8,0.0,0.0
Modoc County,2026-06-23,86.9,0.0,0.0
Modoc County,2026-06-24,84.3,0.0,0.0
Modoc County,2026-06-25,81.2,0.0,0.0
Modoc County,2026-06-26,69.0,0.472,0.0
Modoc County,2026-06-27,59.4,0.051,0.0
Modoc County,2026-06-28,59.4,0.0,0.0
Modoc County,2026-06-29,66.6,0.0,0.0
Modoc County,2026-06-30,71.2,0.0,0.0
Modoc County,2026-07-01,73.1,0.0,0.0
Modoc County,2026-07-02,79.4,0.0,0.0
Modoc County,2026-07-03,85.0,0.0,0.0
Modoc County,2026-07-04,89.1,0.0,0.0
Modoc County,2026-07-05,85.8,0.012,0.0
Modoc County,2026-07-06,84.1,0.063,0.0
Modoc County,2026-07-07,88.6,0.0,0.0
Modoc County,2026-07-08,86.1,0.0,0.0
Modoc County,2026-07-09,87.1,0.0,0.0
Modoc County,2026-07-10,86.9,0.0,0.0
Modoc County,2026-07-11,89.0,0.0,0.0
Modoc County,2026-07-12,84.4,0.0,0.0
Modoc County,2026-07-13,87.4,0.0,0.0
Modoc County,2026-07-14,83.6,0.028,0.0
Modoc County,2026-07-15,86.7,0.02,0.0
Modoc County,2026-07-16,86.2,0.0,0.0
Modoc County,2026-07-17,87.8,0.0,0.0
Modoc County,2026-07-18,88.0,0.0,0.0
Modoc County,2026-07-19,89.9,0.0,0.0
Modoc County,2026-07-20,83.3,0.035,0.0
Modoc County,2026-07-21,86.5,0.02,0.0
Modoc County,2026-07-22,86.9,0.0,0.0
Modoc County,2026-07-23,88.4,0.0,0.0
Modoc County,2026-07-24,90.1,0.0,0.0
Modoc County,2026-07-25,85.2,0.0,0.0
Modoc County,2026-07-26,85.0,0.0,0.0
Modoc County,2026-07-27,85.8,0.0,0.0
Modoc County,2026-07-28,85.4,0.0,0.0
Modoc County,2026-07-29,88.0,0.0,0.0
Mono County,2023-07-30,80.5,0.0,0.0
Mono County,2023-07-31,81.1,0.0,0.0
Mono County,2023-08-01,77.9,0.0,0.0
Mono County,2023-08-02,78.2,0.0,0.0
Mono County,2023-08-03,74.6,0.0,0.0
Mono County,2023-08-04,78.0,0.0,0.0
Mono County,2023-08-05,77.7,0.0,0.0
Mono County,2023-08-06,77.9,0.0,0.0
Mono County,2023-08-07,80.0,0.0,0.0
Mono County,2023-08-08,78.4,0.0,0.0
Mono County,2023-08-09,77.7,0.0,0.0
Mono County,2023-08-10,77.5,0.0,0.0
Mono County,2023-08-11,71.2,0.098,0.0
Mono County,2023-08-12,73.2,0.098,0.0
Mono County,2023-08-13,75.3,0.024,0.0
Mono County,2023-08-14,73.2,0.307,0.0
Mono County,2023-08-15,74.2,0.0,0.0
Mono County,2023-08-16,74.8,0.063,0.0
Mono County,2023-08-17,72.7,0.028,0.0
Mono County,2023-08-18,72.1,0.004,0.0
Mono County,2023-08-19,69.7,0.016,0.0
Mono County,2023-08-20,52.9,1.067,0.0
Mono County,2023-08-21,63.9,0.189,0.0
Mono County,2023-08-22,63.8,0.0,0.0
Mono County,2023-08-23,67.6,0.0,0.0
Mono County,2023-08-24,67.3,0.0,0.0
Mono County,2023-08-25,71.1,0.0,0.0
Mono County,2023-08-26,72.1,0.0,0.0
Mono County,2023-08-27,74.0,0.0,0.0
Mono County,2023-08-28,77.6,0.0,0.0
Mono County,2023-08-29,78.7,0.0,0.0
Mono County,2023-08-30,80.5,0.0,0.0
Mono County,2023-08-31,74.0,0.0,0.0
Mono County,2023-09-01,66.1,0.0,0.0
Mono County,2023-09-02,63.8,0.008,0.0
Mono County,2023-09-03,58.1,0.02,0.0
Mono County,2023-09-04,62.3,0.0,0.0
Mono County,2023-09-05,70.2,0.0,0.0
Mono County,2023-09-06,71.2,0.0,0.0
Mono County,2023-09-07,73.1,0.0,0.0
Mono County,2023-09-08,72.5,0.0,0.0
Mono County,2023-09-09,67.6,0.114,0.0
Mono County,2023-09-10,64.7,0.118,0.0
Mono County,2023-09-11,69.0,0.0,0.0
Mono County,2023-09-12,67.6,0.008,0.0
Mono County,2023-09-13,67.3,0.008,0.0
Mono County,2023-09-14,68.2,0.0,0.0
Mono County,2023-09-15,70.4,0.0,0.0
Mono County,2023-09-16,69.8,0.0,0.0
Mono County,2023-09-17,69.2,0.0,0.0
Mono County,2023-09-18,70.0,0.004,0.0
Mono County,2023-09-19,67.1,0.02,0.0
Mono County,2023-09-20,64.9,0.0,0.0
Mono County,2023-09-21,57.2,0.012,0.0
Mono County,2023-09-22,59.8,0.0,0.0
Mono County,2023-09-23,66.0,0.0,0.0
Mono County,2023-09-24,69.0,0.0,0.0
Mono County,2023-09-25,68.5,0.0,0.0
Mono County,2023-09-26,70.1,0.0,0.0
Mono County,2023-09-27,71.7,0.0,0.0
Mono County,2023-09-28,69.7,0.0,0.0
Mono County,2023-09-29,65.5,0.0,0.0
Mono County,2023-09-30,51.0,0.142,0.413
Mono County,2023-10-01,45.1,0.114,0.055
Mono County,2023-10-02,49.8,0.0,0.0
Mono County,2023-10-03,56.6,0.0,0.0
Mono County,2023-10-04,56.3,0.0,0.0
Mono County,2023-10-05,61.3,0.0,0.0
Mono County,2023-10-06,65.6,0.0,0.0
Mono County,2023-10-07,67.3,0.0,0.0
Mono County,2023-10-08,69.2,0.0,0.0
Mono County,2023-10-09,62.5,0.0,0.0
Mono County,2023-10-10,61.8,0.0,0.0
Mono County,2023-10-11,49.0,0.0,0.0
Mono County,2023-10-12,49.6,0.0,0.0
Mono County,2023-10-13,61.2,0.0,0.0
Mono County,2023-10-14,63.3,0.0,0.0
Mono County,2023-10-15,68.9,0.0,0.0
Mono County,2023-10-16,69.8,0.0,0.0
Mono County,2023-10-17,65.8,0.0,0.0
Mono County,2023-10-18,67.6,0.0,0.0
Mono County,2023-10-19,69.4,0.0,0.0
Mono County,2023-10-20,65.1,0.0,0.0
Mono County,2023-10-21,65.9,0.0,0.0
Mono County,2023-10-22,57.3,0.0,0.0
Mono County,2023-10-23,54.4,0.0,0.0
Mono County,2023-10-24,57.7,0.0,0.0
Mono County,2023-10-25,55.6,0.039,0.0
Mono County,2023-10-26,44.8,0.0,0.0
Mono County,2023-10-27,52.3,0.0,0.0
Mono County,2023-10-28,38.5,0.0,0.0
Mono County,2023-10-29,41.5,0.0,0.0
Mono County,2023-10-30,51.1,0.0,0.0
Mono County,2023-10-31,54.1,0.0,0.0
Mono County,2023-11-01,56.4,0.0,0.0
Mono County,2023-11-02,60.0,0.0,0.0
Mono County,2023-11-03,60.2,0.0,0.0
Mono County,2023-11-04,62.0,0.0,0.0
Mono County,2023-11-05,58.1,0.0,0.0
Mono County,2023-11-06,48.2,0.0,0.0
Mono County,2023-11-07,40.0,0.051,0.0
Mono County,2023-11-08,36.8,0.0,0.0
Mono County,2023-11-09,43.3,0.0,0.0
Mono County,2023-11-10,46.9,0.0,0.0
Mono County,2023-11-11,50.3,0.0,0.0
Mono County,2023-11-12,54.6,0.0,0.0
Mono County,2023-11-13,50.9,0.0,0.0
Mono County,2023-11-14,51.6,0.0,0.0
Mono County,2023-11-15,47.8,0.035,0.11
Mono County,2023-11-16,44.9,0.0,0.0
Mono County,2023-11-17,43.6,0.004,0.028
Mono County,2023-11-18,42.4,0.079,0.276
Mono County,2023-11-19,41.4,0.016,0.083
Mono County,2023-11-20,41.7,0.0,0.0
Mono County,2023-11-21,48.7,0.0,0.0
Mono County,2023-11-22,51.4,0.0,0.0
Mono County,2023-11-23,44.9,0.024,0.165
Mono County,2023-11-24,29.8,0.0,0.0
Mono County,2023-11-25,29.1,0.0,0.0
Mono County,2023-11-26,34.1,0.0,0.0
Mono County,2023-11-27,38.8,0.0,0.0
Mono County,2023-11-28,40.2,0.0,0.0
Mono County,2023-11-29,36.1,0.0,0.0
Mono County,2023-11-30,34.5,0.004,0.028
Mono County,2023-12-01,37.9,0.0,0.0
Mono County,2023-12-02,39.4,0.0,0.0
Mono County,2023-12-03,44.7,0.0,0.0
Mono County,2023-12-04,45.1,0.0,0.0
Mono County,2023-12-05,47.2,0.0,0.0
Mono County,2023-12-06,47.1,0.083,0.524
Mono County,2023-12-07,36.8,0.0,0.0
Mono County,2023-12-08,33.8,0.0,0.0
Mono County,2023-12-09,37.8,0.0,0.0
Mono County,2023-12-10,46.7,0.0,0.0
Mono County,2023-12-11,44.3,0.0,0.0
Mono County,2023-12-12,34.8,0.0,0.0
Mono County,2023-12-13,32.6,0.0,0.0
Mono County,2023-12-14,39.7,0.0,0.0
Mono County,2023-12-15,41.8,0.0,0.0
Mono County,2023-12-16,44.2,0.0,0.0
Mono County,2023-12-17,44.4,0.0,0.0
Mono County,2023-12-18,43.1,0.091,0.083
Mono County,2023-12-19,40.9,0.012,0.0
Mono County,2023-12-20,37.2,0.004,0.0
Mono County,2023-12-21,38.8,0.012,0.083
Mono County,2023-12-22,38.7,0.0,0.0
Mono County,2023-12-23,35.0,0.0,0.0
Mono County,2023-12-24,40.5,0.0,0.0
Mono County,2023-12-25,41.3,0.0,0.0
Mono County,2023-12-26,44.2,0.0,0.0
Mono County,2023-12-27,46.0,0.0,0.0
Mono County,2023-12-28,45.9,0.0,0.0
Mono County,2023-12-29,47.2,0.0,0.0
Mono County,2023-12-30,30.8,0.016,0.138
Mono County,2023-12-31,33.0,0.0,0.0
Mono County,2024-01-01,33.4,0.0,0.0
Mono County,2024-01-02,38.0,0.0,0.0
Mono County,2024-01-03,29.5,0.354,2.48
Mono County,2024-01-04,26.2,0.0,0.0
Mono County,2024-01-05,27.6,0.0,0.0
Mono County,2024-01-06,28.2,0.224,1.571
Mono County,2024-01-07,18.3,0.0,0.0
Mono County,2024-01-08,28.2,0.0,0.0
Mono County,2024-01-09,34.7,0.0,0.0
Mono County,2024-01-10,28.9,0.079,0.551
Mono County,2024-01-11,22.6,0.122,0.854
Mono County,2024-01-12,32.8,0.0,0.0
Mono County,2024-01-13,34.4,0.067,0.22
Mono County,2024-01-14,33.2,0.0,0.0
Mono County,2024-01-15,34.6,0.0,0.0
Mono County,2024-01-16,42.2,0.012,0.0
Mono County,2024-01-17,39.5,0.146,0.193
Mono County,2024-01-18,39.8,0.0,0.0
Mono County,2024-01-19,43.7,0.0,0.0
Mono County,2024-01-20,37.4,0.035,0.22
Mono County,2024-01-21,40.3,0.0,0.0
Mono County,2024-01-22,32.7,0.161,1.13
Mono County,2024-01-23,33.9,0.004,0.028
Mono County,2024-01-24,39.2,0.0,0.0
Mono County,2024-01-25,34.5,0.0,0.0
Mono County,2024-01-26,43.0,0.0,0.0
Mono County,2024-01-27,45.8,0.0,0.0
Mono County,2024-01-28,47.0,0.0,0.0
Mono County,2024-01-29,47.6,0.0,0.0
Mono County,2024-01-30,46.5,0.0,0.0
Mono County,2024-01-31,47.5,0.098,0.689
Mono County,2024-02-01,32.2,0.421,2.949
Mono County,2024-02-02,28.3,0.0,0.0
Mono County,2024-02-03,25.2,0.02,0.138
Mono County,2024-02-04,32.1,1.398,9.783
Mono County,2024-02-05,31.8,0.264,1.791
Mono County,2024-02-06,25.4,0.067,0.469
Mono County,2024-02-07,26.2,0.106,0.744
Mono County,2024-02-08,22.8,0.311,2.15
Mono County,2024-02-09,23.6,0.008,0.055
Mono County,2024-02-10,21.1,0.0,0.0
Mono County,2024-02-11,32.3,0.0,0.0
Mono County,2024-02-12,31.8,0.0,0.0
Mono County,2024-02-13,32.4,0.0,0.0
Mono County,2024-02-14,35.2,0.047,0.331
Mono County,2024-02-15,31.6,0.224,1.571
Mono County,2024-02-16,33.3,0.0,0.0
Mono County,2024-02-17,33.9,0.114,0.799
Mono County,2024-02-18,34.7,0.0,0.0
Mono County,2024-02-19,32.9,0.953,6.642
Mono County,2024-02-20,33.3,0.016,0.11
Mono County,2024-02-21,28.1,0.012,0.083
Mono County,2024-02-22,26.9,0.0,0.0
Mono County,2024-02-23,30.4,0.0,0.0
Mono County,2024-02-24,34.5,0.0,0.0
Mono County,2024-02-25,36.9,0.0,0.0
Mono County,2024-02-26,35.2,0.0,0.0
Mono County,2024-02-27,29.9,0.0,0.0
Mono County,2024-02-28,36.9,0.0,0.0
Mono County,2024-02-29,34.2,0.008,0.055
Mono County,2024-03-01,31.9,0.894,6.256
Mono County,2024-03-02,31.1,0.984,6.89
Mono County,2024-03-03,26.9,0.098,0.689
Mono County,2024-03-04,31.0,0.0,0.0
Mono County,2024-03-05,32.5,0.0,0.0
Mono County,2024-03-06,28.0,0.0,0.0
Mono County,2024-03-07,26.5,0.0,0.0
Mono County,2024-03-08,29.2,0.0,0.0
Mono County,2024-03-09,38.1,0.0,0.0
Mono County,2024-03-10,37.9,0.0,0.0
Mono County,2024-03-11,35.0,0.0,0.0
Mono County,2024-03-12,36.9,0.063,0.441
Mono County,2024-03-13,29.1,0.0,0.0
Mono County,2024-03-14,27.8,0.004,0.028
Mono County,2024-03-15,31.3,0.012,0.083
Mono County,2024-03-16,36.7,0.0,0.0
Mono County,2024-03-17,37.9,0.0,0.0
Mono County,2024-03-18,42.9,0.0,0.0
Mono County,2024-03-19,46.4,0.0,0.0
Mono County,2024-03-20,46.6,0.0,0.0
Mono County,2024-03-21,45.0,0.0,0.0
Mono County,2024-03-22,46.3,0.004,0.028
Mono County,2024-03-23,33.7,0.295,2.067
Mono County,2024-03-24,30.4,0.079,0.551
Mono County,2024-03-25,37.0,0.0,0.0
Mono County,2024-03-26,38.9,0.0,0.0
Mono County,2024-03-27,45.1,0.031,0.22
Mono County,2024-03-28,36.9,0.067,0.469
Mono County,2024-03-29,33.0,0.126,0.882
Mono County,2024-03-30,31.5,0.283,1.984
Mono County,2024-03-31,32.3,0.083,0.579
Mono County,2024-04-01,37.0,0.0,0.0
Mono County,2024-04-02,49.2,0.0,0.0
Mono County,2024-04-03,52.3,0.0,0.0
Mono County,2024-04-04,35.6,0.197,1.378
Mono County,2024-04-05,25.2,0.047,0.331
Mono County,2024-04-06,35.4,0.0,0.0
Mono County,2024-04-07,34.0,0.035,0.248
Mono County,2024-04-08,37.8,0.0,0.0
Mono County,2024-04-09,49.0,0.0,0.0
Mono County,2024-04-10,52.3,0.0,0.0
Mono County,2024-04-11,56.0,0.035,0.0
Mono County,2024-04-12,51.4,0.0,0.0
Mono County,2024-04-13,47.2,0.051,0.276
Mono County,2024-04-14,37.5,0.079,0.551
Mono County,2024-04-15,47.4,0.0,0.0
Mono County,2024-04-16,55.1,0.0,0.0
Mono County,2024-04-17,57.8,0.0,0.0
Mono County,2024-04-18,57.3,0.0,0.0
Mono County,2024-04-19,56.1,0.0,0.0
Mono County,2024-04-20,60.1,0.0,0.0
Mono County,2024-04-21,64.1,0.0,0.0
Mono County,2024-04-22,62.2,0.0,0.0
Mono County,2024-04-23,58.9,0.004,0.0
Mono County,2024-04-24,54.2,0.004,0.0
Mono County,2024-04-25,53.8,0.0,0.0
Mono County,2024-04-26,43.5,0.063,0.441
Mono County,2024-04-27,52.4,0.0,0.0
Mono County,2024-04-28,55.5,0.0,0.0
Mono County,2024-04-29,57.7,0.0,0.0
Mono County,2024-04-30,58.5,0.0,0.0
Mono County,2024-05-01,55.6,0.0,0.0
Mono County,2024-05-02,57.8,0.0,0.0
Mono County,2024-05-03,57.6,0.0,0.0
Mono County,2024-05-04,48.0,0.52,3.142
Mono County,2024-05-05,35.4,0.004,0.0
Mono County,2024-05-06,54.2,0.0,0.0
Mono County,2024-05-07,54.1,0.0,0.0
Mono County,2024-05-08,47.5,0.0,0.0
Mono County,2024-05-09,55.2,0.0,0.0
Mono County,2024-05-10,56.2,0.051,0.0
Mono County,2024-05-11,60.6,0.0,0.0
Mono County,2024-05-12,65.8,0.0,0.0
Mono County,2024-05-13,66.7,0.114,0.0
Mono County,2024-05-14,67.5,0.051,0.0
Mono County,2024-05-15,67.0,0.0,0.0
Mono County,2024-05-16,70.3,0.0,0.0
Mono County,2024-05-17,71.0,0.0,0.0
Mono County,2024-05-18,64.0,0.13,0.0
Mono County,2024-05-19,63.3,0.0,0.0
Mono County,2024-05-20,58.4,0.0,0.0
Mono County,2024-05-21,56.4,0.0,0.0
Mono County,2024-05-22,63.3,0.0,0.0
Mono County,2024-05-23,59.5,0.0,0.0
Mono County,2024-05-24,56.8,0.008,0.0
Mono County,2024-05-25,60.7,0.0,0.0
Mono County,2024-05-26,66.8,0.0,0.0
Mono County,2024-05-27,69.6,0.071,0.0
Mono County,2024-05-28,68.5,0.024,0.0
Mono County,2024-05-29,67.6,0.0,0.0
Mono County,2024-05-30,69.1,0.0,0.0
Mono County,2024-05-31,71.2,0.0,0.0
Mono County,2024-06-01,69.4,0.0,0.0
Mono County,2024-06-02,74.9,0.0,0.0
Mono County,2024-06-03,67.4,0.0,0.0
Mono County,2024-06-04,73.9,0.0,0.0
Mono County,2024-06-05,81.3,0.0,0.0
Mono County,2024-06-06,80.8,0.0,0.0
Mono County,2024-06-07,81.1,0.0,0.0
Mono County,2024-06-08,82.0,0.079,0.0
Mono County,2024-06-09,72.0,0.303,0.0
Mono County,2024-06-10,74.3,0.0,0.0
Mono County,2024-06-11,77.5,0.0,0.0
Mono County,2024-06-12,80.5,0.0,0.0
Mono County,2024-06-13,76.9,0.016,0.0
Mono County,2024-06-14,77.2,0.0,0.0
Mono County,2024-06-15,75.9,0.0,0.0
Mono County,2024-06-16,73.4,0.0,0.0
Mono County,2024-06-17,65.6,0.0,0.0
Mono County,2024-06-18,67.0,0.0,0.0
Mono County,2024-06-19,67.7,0.0,0.0
Mono County,2024-06-20,72.1,0.0,0.0
Mono County,2024-06-21,76.7,0.0,0.0
Mono County,2024-06-22,83.3,0.0,0.0
Mono County,2024-06-23,79.3,0.0,0.0
Mono County,2024-06-24,79.3,0.016,0.0
Mono County,2024-06-25,74.4,0.264,0.0
Mono County,2024-06-26,76.9,0.0,0.0
Mono County,2024-06-27,77.3,0.0,0.0
Mono County,2024-06-28,80.0,0.0,0.0
Mono County,2024-06-29,78.7,0.0,0.0
Mono County,2024-06-30,77.1,0.0,0.0
Mono County,2024-07-01,79.5,0.0,0.0
Mono County,2024-07-02,79.7,0.0,0.0
Mono County,2024-07-03,85.0,0.0,0.0
Mono County,2024-07-04,83.6,0.0,0.0
Mono County,2024-07-05,84.8,0.0,0.0
Mono County,2024-07-06,85.9,0.0,0.0
Mono County,2024-07-07,86.7,0.0,0.0
Mono County,2024-07-08,88.0,0.0,0.0
Mono County,2024-07-09,89.3,0.0,0.0
Mono County,2024-07-10,87.7,0.0,0.0
Mono County,2024-07-11,86.3,0.0,0.0
Mono County,2024-07-12,85.7,0.0,0.0
Mono County,2024-07-13,81.0,0.039,0.0
Mono County,2024-07-14,70.5,0.047,0.0
Mono County,2024-07-15,73.9,0.0,0.0
Mono County,2024-07-16,78.9,0.0,0.0
Mono County,2024-07-17,81.3,0.0,0.0
Mono County,2024-07-18,78.4,0.012,0.0
Mono County,2024-07-19,80.0,0.0,0.0
Mono County,2024-07-20,82.8,0.094,0.0
Mono County,2024-07-21,81.6,0.008,0.0
Mono County,2024-07-22,79.5,0.067,0.0
Mono County,2024-07-23,80.5,0.004,0.0
Mono County,2024-07-24,78.3,0.126,0.0
Mono County,2024-07-25,76.8,0.031,0.0
Mono County,2024-07-26,77.4,0.0,0.0
Mono County,2024-07-27,71.8,0.0,0.0
Mono County,2024-07-28,76.4,0.0,0.0
Mono County,2024-07-29,75.6,0.0,0.0
Mono County,2024-07-30,78.2,0.0,0.0
Mono County,2024-07-31,82.0,0.0,0.0
Mono County,2024-08-01,84.2,0.0,0.0
Mono County,2024-08-02,79.7,0.02,0.0
Mono County,2024-08-03,75.4,0.0,0.0
Mono County,2024-08-04,82.5,0.0,0.0
Mono County,2024-08-05,82.5,0.0,0.0
Mono County,2024-08-06,82.3,0.0,0.0
Mono County,2024-08-07,82.7,0.0,0.0
Mono County,2024-08-08,80.5,0.012,0.0
Mono County,2024-08-09,82.1,0.0,0.0
Mono County,2024-08-10,83.8,0.0,0.0
Mono County,2024-08-11,81.9,0.0,0.0
Mono County,2024-08-12,75.0,0.0,0.0
Mono County,2024-08-13,75.1,0.0,0.0
Mono County,2024-08-14,77.8,0.0,0.0
Mono County,2024-08-15,77.1,0.0,0.0
Mono County,2024-08-16,78.5,0.0,0.0
Mono County,2024-08-17,73.9,0.0,0.0
Mono County,2024-08-18,75.9,0.0,0.0
Mono County,2024-08-19,76.3,0.0,0.0
Mono County,2024-08-20,76.2,0.0,0.0
Mono County,2024-08-21,74.4,0.0,0.0
Mono County,2024-08-22,71.7,0.0,0.0
Mono County,2024-08-23,63.6,0.0,0.0
Mono County,2024-08-24,58.8,0.004,0.0
Mono County,2024-08-25,61.5,0.0,0.0
Mono County,2024-08-26,71.2,0.0,0.0
Mono County,2024-08-27,76.3,0.0,0.0
Mono County,2024-08-28,77.5,0.0,0.0
Mono County,2024-08-29,78.9,0.0,0.0
Mono County,2024-08-30,78.7,0.008,0.0
Mono County,2024-08-31,76.2,0.004,0.0
Mono County,2024-09-01,77.1,0.0,0.0
Mono County,2024-09-02,72.9,0.0,0.0
Mono County,2024-09-03,76.0,0.0,0.0
Mono County,2024-09-04,77.8,0.0,0.0
Mono County,2024-09-05,80.3,0.0,0.0
Mono County,2024-09-06,76.6,0.055,0.0
Mono County,2024-09-07,76.9,0.0,0.0
Mono County,2024-09-08,74.3,0.0,0.0
Mono County,2024-09-09,75.0,0.0,0.0
Mono County,2024-09-10,74.6,0.0,0.0
Mono County,2024-09-11,71.0,0.0,0.0
Mono County,2024-09-12,64.4,0.0,0.0
Mono County,2024-09-13,71.1,0.0,0.0
Mono County,2024-09-14,73.5,0.0,0.0
Mono County,2024-09-15,64.8,0.0,0.0
Mono County,2024-09-16,47.4,0.02,0.028
Mono County,2024-09-17,57.6,0.0,0.0
Mono County,2024-09-18,53.4,0.421,0.11
Mono County,2024-09-19,51.9,0.264,0.0
Mono County,2024-09-20,57.1,0.098,0.0
Mono County,2024-09-21,62.0,0.0,0.0
Mono County,2024-09-22,64.0,0.0,0.0
Mono County,2024-09-23,65.8,0.0,0.0
Mono County,2024-09-24,70.8,0.0,0.0
Mono County,2024-09-25,72.1,0.0,0.0
Mono County,2024-09-26,72.2,0.0,0.0
Mono County,2024-09-27,73.7,0.0,0.0
Mono County,2024-09-28,76.0,0.0,0.0
Mono County,2024-09-29,72.4,0.0,0.0
Mono County,2024-09-30,73.8,0.0,0.0
Mono County,2024-10-01,75.1,0.0,0.0
Mono County,2024-10-02,74.7,0.0,0.0
Mono County,2024-10-03,75.5,0.0,0.0
Mono County,2024-10-04,69.0,0.0,0.0
Mono County,2024-10-05,69.7,0.0,0.0
Mono County,2024-10-06,67.8,0.067,0.0
Mono County,2024-10-07,68.3,0.0,0.0
Mono County,2024-10-08,67.4,0.0,0.0
Mono County,2024-10-09,70.9,0.0,0.0
Mono County,2024-10-10,68.2,0.0,0.0
Mono County,2024-10-11,68.6,0.0,0.0
Mono County,2024-10-12,67.0,0.0,0.0
Mono County,2024-10-13,61.7,0.0,0.0
Mono County,2024-10-14,64.1,0.0,0.0
Mono County,2024-10-15,68.7,0.0,0.0
Mono County,2024-10-16,60.2,0.205,0.11
Mono County,2024-10-17,53.0,0.004,0.028
Mono County,2024-10-18,40.4,0.0,0.0
Mono County,2024-10-19,51.0,0.0,0.0
Mono County,2024-10-20,59.8,0.0,0.0
Mono County,2024-10-21,60.2,0.0,0.0
Mono County,2024-10-22,63.8,0.0,0.0
Mono County,2024-10-23,67.6,0.0,0.0
Mono County,2024-10-24,58.9,0.0,0.0
Mono County,2024-10-25,65.7,0.0,0.0
Mono County,2024-10-26,64.6,0.0,0.0
Mono County,2024-10-27,61.5,0.0,0.0
Mono County,2024-10-28,44.9,0.0,0.0
Mono County,2024-10-29,35.5,0.059,0.413
Mono County,2024-10-30,48.4,0.0,0.0
Mono County,2024-10-31,44.2,0.0,0.0
Mono County,2024-11-01,50.0,0.0,0.0
Mono County,2024-11-02,41.6,0.035,0.248
Mono County,2024-11-03,37.1,0.0,0.0
Mono County,2024-11-04,45.5,0.0,0.0
Mono County,2024-11-05,45.1,0.0,0.0
Mono County,2024-11-06,36.6,0.0,0.0
Mono County,2024-11-07,45.1,0.0,0.0
Mono County,2024-11-08,53.2,0.0,0.0
Mono County,2024-11-09,56.6,0.0,0.0
Mono County,2024-11-10,57.4,0.0,0.0
Mono County,2024-11-11,46.4,0.142,0.992
Mono County,2024-11-12,36.8,0.0,0.0
Mono County,2024-11-13,50.1,0.0,0.0
Mono County,2024-11-14,46.9,0.0,0.0
Mono County,2024-11-15,30.0,0.004,0.028
Mono County,2024-11-16,31.4,0.0,0.0
Mono County,2024-11-17,43.8,0.0,0.0
Mono County,2024-11-18,38.2,0.0,0.0
Mono County,2024-11-19,39.7,0.0,0.0
Mono County,2024-11-20,47.5,0.0,0.0
Mono County,2024-11-21,51.4,0.0,0.0
Mono County,2024-11-22,52.8,0.024,0.165
Mono County,2024-11-23,37.4,0.602,4.024
Mono County,2024-11-24,36.8,0.0,0.0
Mono County,2024-11-25,37.0,0.26,1.13
Mono County,2024-11-26,33.4,0.402,2.783
Mono County,2024-11-27,24.6,0.0,0.0
Mono County,2024-11-28,32.8,0.0,0.0
Mono County,2024-11-29,38.8,0.0,0.0
Mono County,2024-11-30,40.2,0.0,0.0
Mono County,2024-12-01,41.2,0.0,0.0
Mono County,2024-12-02,39.7,0.0,0.0
Mono County,2024-12-03,38.9,0.0,0.0
Mono County,2024-12-04,40.2,0.0,0.0
Mono County,2024-12-05,38.5,0.0,0.0
Mono County,2024-12-06,38.9,0.0,0.0
Mono County,2024-12-07,42.9,0.0,0.0
Mono County,2024-12-08,39.9,0.0,0.0
Mono County,2024-12-09,31.3,0.0,0.0
Mono County,2024-12-10,42.4,0.0,0.0
Mono County,2024-12-11,45.1,0.0,0.0
Mono County,2024-12-12,34.8,0.051,0.358
Mono County,2024-12-13,37.4,0.075,0.441
Mono County,2024-12-14,36.1,0.268,1.819
Mono County,2024-12-15,32.5,0.0,0.0
Mono County,2024-12-16,42.6,0.031,0.22
Mono County,2024-12-17,40.3,0.0,0.0
Mono County,2024-12-18,46.3,0.0,0.0
Mono County,2024-12-19,46.9,0.0,0.0
Mono County,2024-12-20,46.2,0.0,0.0
Mono County,2024-12-21,49.0,0.024,0.083
Mono County,2024-12-22,44.3,0.02,0.0
Mono County,2024-12-23,46.8,0.0,0.0
Mono County,2024-12-24,39.3,0.22,1.268
Mono County,2024-12-25,32.5,0.0,0.0
Mono County,2024-12-26,41.3,0.016,0.11
Mono County,2024-12-27,43.4,0.102,0.386
Mono County,2024-12-28,46.5,0.0,0.0
Mono County,2024-12-29,42.7,0.161,0.441
Mono County,2024-12-30,38.1,0.0,0.0
Mono County,2024-12-31,39.7,0.0,0.0
Mono County,2025-01-01,43.0,0.0,0.0
Mono County,2025-01-02,44.0,0.0,0.0
Mono County,2025-01-03,41.9,0.134,0.937
Mono County,2025-01-04,33.4,0.0,0.0
Mono County,2025-01-05,39.7,0.0,0.0
Mono County,2025-01-06,39.3,0.028,0.193
Mono County,2025-01-07,26.6,0.098,0.689
Mono County,2025-01-08,33.6,0.0,0.0
Mono County,2025-01-09,35.5,0.0,0.0
Mono County,2025-01-10,47.8,0.0,0.0
Mono County,2025-01-11,30.7,0.028,0.193
Mono County,2025-01-12,28.0,0.0,0.0
Mono County,2025-01-13,28.0,0.0,0.0
Mono County,2025-01-14,36.2,0.0,0.0
Mono County,2025-01-15,38.7,0.0,0.0
Mono County,2025-01-16,38.8,0.0,0.0
Mono County,2025-01-17,40.6,0.0,0.0
Mono County,2025-01-18,37.8,0.0,0.0
Mono County,2025-01-19,40.4,0.0,0.0
Mono County,2025-01-20,29.8,0.0,0.0
Mono County,2025-01-21,42.9,0.0,0.0
Mono County,2025-01-22,37.9,0.0,0.0
Mono County,2025-01-23,40.6,0.0,0.0
Mono County,2025-01-24,44.2,0.0,0.0
Mono County,2025-01-25,30.8,0.087,0.606
Mono County,2025-01-26,19.0,0.043,0.303
Mono County,2025-01-27,21.0,0.012,0.083
Mono County,2025-01-28,25.6,0.0,0.0
Mono County,2025-01-29,32.2,0.0,0.0
Mono County,2025-01-30,42.1,0.0,0.0
Mono County,2025-01-31,44.4,0.075,0.386
Mono County,2025-02-01,42.0,0.264,0.0
Mono County,2025-02-02,47.8,0.0,0.0
Mono County,2025-02-03,48.9,0.0,0.0
Mono County,2025-02-04,44.0,0.457,2.673
Mono County,2025-02-05,40.4,0.283,0.992
Mono County,2025-02-06,36.1,0.449,2.508
Mono County,2025-02-07,36.0,0.031,0.055
Mono County,2025-02-08,34.7,0.0,0.0
Mono County,2025-02-09,33.3,0.0,0.0
Mono County,2025-02-10,36.9,0.0,0.0
Mono County,2025-02-11,29.5,0.0,0.0
Mono County,2025-02-12,30.8,0.0,0.0
Mono County,2025-02-13,32.9,2.622,18.299
Mono County,2025-02-14,29.6,0.201,1.406
Mono County,2025-02-15,32.4,0.0,0.0
Mono County,2025-02-16,36.3,0.0,0.0
Mono County,2025-02-17,33.8,0.0,0.0
Mono County,2025-02-18,31.3,0.0,0.0
Mono County,2025-02-19,40.1,0.0,0.0
Mono County,2025-02-20,27.7,0.0,0.0
Mono County,2025-02-21,31.4,0.0,0.0
Mono County,2025-02-22,38.4,0.0,0.0
Mono County,2025-02-23,42.4,0.0,0.0
Mono County,2025-02-24,43.9,0.0,0.0
Mono County,2025-02-25,39.5,0.0,0.0
Mono County,2025-02-26,44.2,0.0,0.0
Mono County,2025-02-27,46.7,0.0,0.0
Mono County,2025-02-28,45.1,0.0,0.0
Mono County,2025-03-01,47.0,0.0,0.0
Mono County,2025-03-02,32.6,0.051,0.358
Mono County,2025-03-03,36.5,0.004,0.028
Mono County,2025-03-04,42.4,0.0,0.0
Mono County,2025-03-05,31.0,0.287,2.039
Mono County,2025-03-06,27.1,0.169,1.185
Mono County,2025-03-07,24.9,0.0,0.0
Mono County,2025-03-08,41.2,0.0,0.0
Mono County,2025-03-09,49.4,0.0,0.0
Mono County,2025-03-10,45.3,0.0,0.0
Mono County,2025-03-11,43.9,0.0,0.0
Mono County,2025-03-12,40.3,0.358,2.508
Mono County,2025-03-13,28.2,0.598,4.189
Mono County,2025-03-14,27.9,0.181,1.268
Mono County,2025-03-15,35.1,0.0,0.0
Mono County,2025-03-16,40.0,0.0,0.0
Mono County,2025-03-17,34.6,0.295,2.067
Mono County,2025-03-18,31.6,0.0,0.0
Mono County,2025-03-19,40.8,0.0,0.0
Mono County,2025-03-20,42.0,0.0,0.0
Mono County,2025-03-21,47.8,0.0,0.0
Mono County,2025-03-22,43.8,0.047,0.0
Mono County,2025-03-23,51.1,0.0,0.0
Mono County,2025-03-24,55.8,0.0,0.0
Mono County,2025-03-25,58.6,0.0,0.0
Mono County,2025-03-26,58.3,0.0,0.0
Mono County,2025-03-27,49.3,0.0,0.0
Mono County,2025-03-28,44.6,0.0,0.0
Mono County,2025-03-29,43.1,0.0,0.0
Mono County,2025-03-30,43.1,0.012,0.055
Mono County,2025-03-31,37.9,0.134,0.937
Mono County,2025-04-01,29.6,0.075,0.524
Mono County,2025-04-02,28.8,0.0,0.0
Mono County,2025-04-03,34.9,0.004,0.028
Mono County,2025-04-04,38.8,0.043,0.303
Mono County,2025-04-05,47.5,0.0,0.0
Mono County,2025-04-06,55.9,0.0,0.0
Mono County,2025-04-07,53.3,0.0,0.0
Mono County,2025-04-08,57.9,0.0,0.0
Mono County,2025-04-09,62.0,0.0,0.0
Mono County,2025-04-10,63.7,0.0,0.0
Mono County,2025-04-11,61.1,0.0,0.0
Mono County,2025-04-12,56.8,0.0,0.0
Mono County,2025-04-13,53.0,0.0,0.0
Mono County,2025-04-14,57.7,0.016,0.0
Mono County,2025-04-15,57.6,0.0,0.0
Mono County,2025-04-16,54.1,0.083,0.055
Mono County,2025-04-17,48.7,0.0,0.0
Mono County,2025-04-18,41.4,0.0,0.0
Mono County,2025-04-19,55.0,0.0,0.0
Mono County,2025-04-20,56.7,0.0,0.0
Mono County,2025-04-21,55.9,0.0,0.0
Mono County,2025-04-22,54.7,0.047,0.0
Mono County,2025-04-23,52.3,0.0,0.0
Mono County,2025-04-24,54.1,0.004,0.0
Mono County,2025-04-25,44.7,0.114,0.717
Mono County,2025-04-26,32.2,0.323,2.205
Mono County,2025-04-27,38.9,0.008,0.055
Mono County,2025-04-28,48.1,0.0,0.0
Mono County,2025-04-29,52.2,0.0,0.0
Mono County,2025-04-30,49.7,0.051,0.0
Mono County,2025-05-01,55.0,0.02,0.0
Mono County,2025-05-02,57.7,0.26,0.0
Mono County,2025-05-03,50.8,0.173,0.11
Mono County,2025-05-04,45.6,0.354,0.799
Mono County,2025-05-05,48.7,0.028,0.0
Mono County,2025-05-06,48.4,0.0,0.0
Mono County,2025-05-07,58.6,0.0,0.0
Mono County,2025-05-08,61.4,0.0,0.0
Mono County,2025-05-09,67.5,0.0,0.0
Mono County,2025-05-10,67.6,0.008,0.0
Mono County,2025-05-11,60.1,0.0,0.0
Mono County,2025-05-12,53.7,0.0,0.0
Mono County,2025-05-13,39.3,0.059,0.413
Mono County,2025-05-14,49.3,0.0,0.0
Mono County,2025-05-15,58.3,0.0,0.0
Mono County,2025-05-16,58.5,0.0,0.0
Mono County,2025-05-17,50.7,0.024,0.0
Mono County,2025-05-18,54.6,0.0,0.0
Mono County,2025-05-19,60.9,0.0,0.0
Mono County,2025-05-20,65.4,0.0,0.0
Mono County,2025-05-21,68.2,0.0,0.0
Mono County,2025-05-22,65.5,0.0,0.0
Mono County,2025-05-23,64.8,0.0,0.0
Mono County,2025-05-24,64.3,0.008,0.0
Mono County,2025-05-25,69.0,0.0,0.0
Mono County,2025-05-26,66.6,0.0,0.0
Mono County,2025-05-27,69.6,0.004,0.0
Mono County,2025-05-28,72.2,0.004,0.0
Mono County,2025-05-29,73.4,0.0,0.0
Mono County,2025-05-30,77.6,0.0,0.0
Mono County,2025-05-31,78.7,0.008,0.0
Mono County,2025-06-01,77.5,0.0,0.0
Mono County,2025-06-02,70.7,0.004,0.0
Mono County,2025-06-03,71.1,0.0,0.0
Mono County,2025-06-04,67.3,0.059,0.0
Mono County,2025-06-05,66.0,0.067,0.0
Mono County,2025-06-06,67.4,0.079,0.0
Mono County,2025-06-07,71.5,0.11,0.0
Mono County,2025-06-08,72.5,0.02,0.0
Mono County,2025-06-09,75.6,0.0,0.0
Mono County,2025-06-10,77.5,0.0,0.0
Mono County,2025-06-11,76.3,0.0,0.0
Mono County,2025-06-12,74.1,0.0,0.0
Mono County,2025-06-13,72.0,0.0,0.0
Mono County,2025-06-14,74.9,0.0,0.0
Mono County,2025-06-15,76.6,0.0,0.0
Mono County,2025-06-16,72.6,0.0,0.0
Mono County,2025-06-17,75.5,0.0,0.0
Mono County,2025-06-18,82.7,0.0,0.0
Mono County,2025-06-19,76.6,0.0,0.0
Mono County,2025-06-20,68.7,0.0,0.0
Mono County,2025-06-21,58.6,0.0,0.0
Mono County,2025-06-22,63.5,0.0,0.0
Mono County,2025-06-23,62.0,0.004,0.0
Mono County,2025-06-24,66.4,0.0,0.0
Mono County,2025-06-25,74.7,0.0,0.0
Mono County,2025-06-26,75.8,0.0,0.0
Mono County,2025-06-27,77.5,0.0,0.0
Mono County,2025-06-28,79.2,0.004,0.0
Mono County,2025-06-29,81.5,0.0,0.0
Mono County,2025-06-30,79.6,0.0,0.0
Mono County,2025-07-01,78.0,0.0,0.0
Mono County,2025-07-02,73.0,0.004,0.0
Mono County,2025-07-03,73.3,0.193,0.0
Mono County,2025-07-04,70.9,0.0,0.0
Mono County,2025-07-05,76.2,0.0,0.0
Mono County,2025-07-06,78.8,0.0,0.0
Mono County,2025-07-07,79.4,0.0,0.0
Mono County,2025-07-08,78.4,0.0,0.0
Mono County,2025-07-09,78.5,0.0,0.0
Mono County,2025-07-10,79.8,0.0,0.0
Mono County,2025-07-11,82.1,0.0,0.0
Mono County,2025-07-12,84.7,0.0,0.0
Mono County,2025-07-13,88.9,0.0,0.0
Mono County,2025-07-14,86.8,0.0,0.0
Mono County,2025-07-15,81.7,0.0,0.0
Mono County,2025-07-16,82.5,0.0,0.0
Mono County,2025-07-17,80.5,0.0,0.0
Mono County,2025-07-18,77.9,0.0,0.0
Mono County,2025-07-19,78.2,0.0,0.0
Mono County,2025-07-20,80.5,0.0,0.0
Mono County,2025-07-21,75.3,0.0,0.0
Mono County,2025-07-22,74.8,0.0,0.0
Mono County,2025-07-23,73.9,0.0,0.0
Mono County,2025-07-24,73.1,0.004,0.0
Mono County,2025-07-25,71.2,0.126,0.0
Mono County,2025-07-26,66.5,0.165,0.0
Mono County,2025-07-27,71.8,0.0,0.0
Mono County,2025-07-28,75.7,0.0,0.0
Mono County,2025-07-29,77.4,0.024,0.0
Mono County,2025-07-30,68.8,0.008,0.0
Mono County,2025-07-31,74.1,0.0,0.0
Mono County,2025-08-01,76.9,0.0,0.0
Mono County,2025-08-02,77.6,0.0,0.0
Mono County,2025-08-03,77.9,0.0,0.0
Mono County,2025-08-04,75.2,0.0,0.0
Mono County,2025-08-05,77.8,0.0,0.0
Mono County,2025-08-06,79.4,0.0,0.0
Mono County,2025-08-07,79.3,0.0,0.0
Mono County,2025-08-08,80.9,0.0,0.0
Mono County,2025-08-09,82.4,0.0,0.0
Mono County,2025-08-10,82.7,0.0,0.0
Mono County,2025-08-11,83.1,0.0,0.0
Mono County,2025-08-12,82.6,0.0,0.0
Mono County,2025-08-13,79.3,0.083,0.0
Mono County,2025-08-14,79.7,0.0,0.0
Mono County,2025-08-15,78.1,0.0,0.0
Mono County,2025-08-16,75.2,0.0,0.0
Mono County,2025-08-17,73.7,0.0,0.0
Mono County,2025-08-18,79.3,0.0,0.0
Mono County,2025-08-19,78.2,0.0,0.0
Mono County,2025-08-20,80.1,0.0,0.0
Mono County,2025-08-21,84.8,0.0,0.0
Mono County,2025-08-22,79.3,0.126,0.0
Mono County,2025-08-23,73.0,0.205,0.0
Mono County,2025-08-24,67.8,0.051,0.0
Mono County,2025-08-25,69.6,0.358,0.0
Mono County,2025-08-26,63.4,0.028,0.0
Mono County,2025-08-27,65.5,0.067,0.0
Mono County,2025-08-28,67.2,0.0,0.0
Mono County,2025-08-29,66.8,0.0,0.0
Mono County,2025-08-30,71.8,0.0,0.0
Mono County,2025-08-31,73.0,0.0,0.0
Mono County,2025-09-01,74.9,0.0,0.0
Mono County,2025-09-02,72.8,0.087,0.0
Mono County,2025-09-03,66.7,0.0,0.0
Mono County,2025-09-04,71.7,0.047,0.0
Mono County,2025-09-05,69.0,0.146,0.0
Mono County,2025-09-06,71.0,0.0,0.0
Mono County,2025-09-07,70.3,0.0,0.0
Mono County,2025-09-08,69.1,0.0,0.0
Mono County,2025-09-09,66.3,0.0,0.0
Mono County,2025-09-10,60.9,0.004,0.0
Mono County,2025-09-11,58.3,0.091,0.0
Mono County,2025-09-12,56.6,0.047,0.0
Mono County,2025-09-13,63.8,0.0,0.0
Mono County,2025-09-14,70.0,0.0,0.0
Mono County,2025-09-15,71.7,0.0,0.0
Mono County,2025-09-16,72.9,0.0,0.0
Mono County,2025-09-17,73.7,0.0,0.0
Mono County,2025-09-18,64.5,0.039,0.0
Mono County,2025-09-19,61.3,0.366,0.0
Mono County,2025-09-20,65.5,0.004,0.0
Mono County,2025-09-21,65.5,0.0,0.0
Mono County,2025-09-22,66.2,0.0,0.0
Mono County,2025-09-23,69.3,0.0,0.0
Mono County,2025-09-24,70.5,0.0,0.0
Mono County,2025-09-25,65.0,0.358,0.0
Mono County,2025-09-26,65.3,0.031,0.0
Mono County,2025-09-27,66.4,0.0,0.0
Mono County,2025-09-28,64.0,0.11,0.0
Mono County,2025-09-29,63.1,0.008,0.0
Mono County,2025-09-30,57.5,0.0,0.0
Mono County,2025-10-01,62.6,0.0,0.0
Mono County,2025-10-02,62.7,0.0,0.0
Mono County,2025-10-03,47.7,0.012,0.0
Mono County,2025-10-04,52.9,0.0,0.0
Mono County,2025-10-05,53.6,0.0,0.0
Mono County,2025-10-06,56.5,0.0,0.0
Mono County,2025-10-07,59.6,0.0,0.0
Mono County,2025-10-08,64.3,0.0,0.0
Mono County,2025-10-09,65.8,0.0,0.0
Mono County,2025-10-10,63.2,0.0,0.0
Mono County,2025-10-11,52.4,0.0,0.0
Mono County,2025-10-12,55.0,0.0,0.0
Mono County,2025-10-13,44.2,0.008,0.055
Mono County,2025-10-14,33.2,0.606,4.189
Mono County,2025-10-15,36.1,0.028,0.193
Mono County,2025-10-16,41.9,0.0,0.0
Mono County,2025-10-17,52.2,0.0,0.0
Mono County,2025-10-18,57.3,0.0,0.0
Mono County,2025-10-19,60.5,0.0,0.0
Mono County,2025-10-20,54.1,0.0,0.0
Mono County,2025-10-21,59.4,0.0,0.0
Mono County,2025-10-22,49.4,0.142,0.0
Mono County,2025-10-23,52.0,0.0,0.0
Mono County,2025-10-24,59.2,0.0,0.0
Mono County,2025-10-25,52.5,0.0,0.0
Mono County,2025-10-26,49.8,0.0,0.0
Mono County,2025-10-27,52.9,0.0,0.0
Mono County,2025-10-28,54.1,0.0,0.0
Mono County,2025-10-29,56.7,0.0,0.0
Mono County,2025-10-30,58.4,0.0,0.0
Mono County,2025-10-31,56.9,0.0,0.0
Mono County,2025-11-01,60.0,0.0,0.0
Mono County,2025-11-02,59.3,0.0,0.0
Mono County,2025-11-03,58.7,0.0,0.0
Mono County,2025-11-04,60.2,0.0,0.0
Mono County,2025-11-05,49.3,0.035,0.0
Mono County,2025-11-06,53.2,0.0,0.0
Mono County,2025-11-07,53.2,0.0,0.0
Mono County,2025-11-08,54.8,0.0,0.0
Mono County,2025-11-09,57.6,0.0,0.0
Mono County,2025-11-10,58.9,0.0,0.0
Mono County,2025-11-11,55.7,0.0,0.0
Mono County,2025-11-12,55.6,0.0,0.0
Mono County,2025-11-13,51.9,0.413,0.0
Mono County,2025-11-14,45.4,0.189,0.0
Mono County,2025-11-15,42.5,0.252,0.055
Mono County,2025-11-16,37.0,0.13,0.469
Mono County,2025-11-17,35.6,0.406,2.783
Mono County,2025-11-18,32.5,0.197,1.323
Mono County,2025-11-19,39.9,0.012,0.028
Mono County,2025-11-20,33.4,0.303,2.122
Mono County,2025-11-21,31.9,0.012,0.083
Mono County,2025-11-22,36.2,0.0,0.0
Mono County,2025-11-23,43.0,0.0,0.0
Mono County,2025-11-24,44.6,0.0,0.0
Mono County,2025-11-25,44.0,0.0,0.0
Mono County,2025-11-26,46.2,0.0,0.0
Mono County,2025-11-27,47.5,0.0,0.0
Mono County,2025-11-28,44.7,0.0,0.0
Mono County,2025-11-29,40.6,0.0,0.0
Mono County,2025-11-30,38.8,0.0,0.0
Mono County,2025-12-01,36.8,0.0,0.0
Mono County,2025-12-02,45.4,0.0,0.0
Mono County,2025-12-03,29.1,0.0,0.0
Mono County,2025-12-04,35.7,0.0,0.0
Mono County,2025-12-05,43.4,0.0,0.0
Mono County,2025-12-06,44.5,0.0,0.0
Mono County,2025-12-07,43.8,0.0,0.0
Mono County,2025-12-08,43.8,0.0,0.0
Mono County,2025-12-09,48.7,0.0,0.0
Mono County,2025-12-10,47.7,0.0,0.0
Mono County,2025-12-11,47.0,0.0,0.0
Mono County,2025-12-12,44.2,0.0,0.0
Mono County,2025-12-13,44.4,0.0,0.0
Mono County,2025-12-14,42.4,0.0,0.0
Mono County,2025-12-15,43.3,0.0,0.0
Mono County,2025-12-16,45.9,0.0,0.0
Mono County,2025-12-17,48.0,0.0,0.0
Mono County,2025-12-18,49.6,0.0,0.0
Mono County,2025-12-19,51.7,0.035,0.0
Mono County,2025-12-20,45.5,0.02,0.0
Mono County,2025-12-21,47.7,0.055,0.0
Mono County,2025-12-22,49.3,0.0,0.0
Mono County,2025-12-23,44.5,0.035,0.138
Mono County,2025-12-24,35.1,2.256,15.571
Mono County,2025-12-25,33.4,0.783,5.484
Mono County,2025-12-26,32.7,0.126,0.882
Mono County,2025-12-27,20.8,0.0,0.0
Mono County,2025-12-28,22.8,0.0,0.0
Mono County,2025-12-29,26.3,0.0,0.0
Mono County,2025-12-30,32.8,0.0,0.0
Mono County,2025-12-31,35.0,0.035,0.0
Mono County,2026-01-01,34.0,0.323,1.543
Mono County,2026-01-02,34.5,0.0,0.0
Mono County,2026-01-03,34.9,0.047,0.303
Mono County,2026-01-04,31.3,0.587,4.106
Mono County,2026-01-05,30.5,0.0,0.0
Mono County,2026-01-06,27.4,0.0,0.0
Mono County,2026-01-07,28.7,0.0,0.0
Mono County,2026-01-08,22.2,0.031,0.22
Mono County,2026-01-09,23.1,0.0,0.0
Mono County,2026-01-10,28.5,0.0,0.0
Mono County,2026-01-11,31.6,0.0,0.0
Mono County,2026-01-12,32.4,0.0,0.0
Mono County,2026-01-13,36.3,0.0,0.0
Mono County,2026-01-14,37.7,0.0,0.0
Mono County,2026-01-15,36.2,0.0,0.0
Mono County,2026-01-16,34.3,0.0,0.0
Mono County,2026-01-17,35.4,0.0,0.0
Mono County,2026-01-18,38.2,0.0,0.0
Mono County,2026-01-19,34.3,0.0,0.0
Mono County,2026-01-20,36.2,0.0,0.0
Mono County,2026-01-21,38.5,0.0,0.0
Mono County,2026-01-22,35.9,0.02,0.138
Mono County,2026-01-23,35.9,0.0,0.0
Mono County,2026-01-24,27.8,0.0,0.0
Mono County,2026-01-25,30.9,0.0,0.0
Mono County,2026-01-26,35.1,0.0,0.0
Mono County,2026-01-27,36.6,0.0,0.0
Mono County,2026-01-28,33.8,0.0,0.0
Mono County,2026-01-29,37.7,0.0,0.0
Mono County,2026-01-30,38.7,0.0,0.0
Mono County,2026-01-31,38.8,0.0,0.0
Mono County,2026-02-01,42.4,0.0,0.0
Mono County,2026-02-02,39.3,0.0,0.0
Mono County,2026-02-03,41.5,0.0,0.0
Mono County,2026-02-04,39.3,0.0,0.0
Mono County,2026-02-05,39.8,0.0,0.0
Mono County,2026-02-06,37.1,0.0,0.0
Mono County,2026-02-07,37.6,0.0,0.0
Mono County,2026-02-08,43.3,0.0,0.0
Mono County,2026-02-09,37.1,0.012,0.083
Mono County,2026-02-10,34.5,0.094,0.661
Mono County,2026-02-11,34.0,0.228,1.598
Mono County,2026-02-12,30.4,0.0,0.0
Mono County,2026-02-13,35.6,0.0,0.0
Mono County,2026-02-14,43.3,0.0,0.0
Mono County,2026-02-15,42.4,0.0,0.0
Mono County,2026-02-16,32.4,0.65,4.52
Mono County,2026-02-17,24.4,1.307,9.15
Mono County,2026-02-18,21.4,0.098,0.689
Mono County,2026-02-19,22.2,0.236,1.654
Mono County,2026-02-20,18.8,0.0,0.0
Mono County,2026-02-21,30.9,0.0,0.0
Mono County,2026-02-22,38.4,0.0,0.0
Mono County,2026-02-23,47.2,0.0,0.0
Mono County,2026-02-24,49.5,0.043,0.0
Mono County,2026-02-25,49.6,0.004,0.0
Mono County,2026-02-26,50.9,0.0,0.0
Mono County,2026-02-27,53.7,0.0,0.0
Mono County,2026-02-28,55.8,0.0,0.0
Mono County,2026-03-01,49.8,0.008,0.0
Mono County,2026-03-02,42.4,0.008,0.0
Mono County,2026-03-03,45.8,0.0,0.0
Mono County,2026-03-04,49.5,0.0,0.0
Mono County,2026-03-05,33.4,0.0,0.0
Mono County,2026-03-06,36.9,0.0,0.0
Mono County,2026-03-07,41.9,0.0,0.0
Mono County,2026-03-08,51.6,0.0,0.0
Mono County,2026-03-09,53.5,0.0,0.0
Mono County,2026-03-10,52.1,0.0,0.0
Mono County,2026-03-11,52.1,0.0,0.0
Mono County,2026-03-12,54.2,0.0,0.0
Mono County,2026-03-13,59.1,0.0,0.0
Mono County,2026-03-14,53.8,0.0,0.0
Mono County,2026-03-15,54.2,0.0,0.0
Mono County,2026-03-16,60.6,0.0,0.0
Mono County,2026-03-17,65.1,0.0,0.0
Mono County,2026-03-18,69.3,0.0,0.0
Mono County,2026-03-19,68.2,0.0,0.0
Mono County,2026-03-20,69.6,0.0,0.0
Mono County,2026-03-21,62.9,0.0,0.0
Mono County,2026-03-22,64.9,0.0,0.0
Mono County,2026-03-23,64.4,0.0,0.0
Mono County,2026-03-24,69.4,0.0,0.0
Mono County,2026-03-25,68.8,0.0,0.0
Mono County,2026-03-26,63.7,0.0,0.0
Mono County,2026-03-27,64.9,0.0,0.0
Mono County,2026-03-28,63.4,0.0,0.0
Mono County,2026-03-29,61.0,0.0,0.0
Mono County,2026-03-30,58.2,0.0,0.0
Mono County,2026-03-31,45.1,0.098,0.276
Mono County,2026-04-01,47.2,0.047,0.331
Mono County,2026-04-02,48.7,0.0,0.0
Mono County,2026-04-03,47.5,0.0,0.0
Mono County,2026-04-04,54.9,0.0,0.0
Mono County,2026-04-05,59.1,0.0,0.0
Mono County,2026-04-06,58.4,0.0,0.0
Mono County,2026-04-07,61.4,0.0,0.0
Mono County,2026-04-08,59.9,0.0,0.0
Mono County,2026-04-09,55.9,0.0,0.0
Mono County,2026-04-10,51.0,0.004,0.0
Mono County,2026-04-11,46.8,0.016,0.11
Mono County,2026-04-12,32.8,0.551,3.858
Mono County,2026-04-13,35.8,0.0,0.0
Mono County,2026-04-14,48.1,0.0,0.0
Mono County,2026-04-15,52.6,0.0,0.0
Mono County,2026-04-16,49.3,0.0,0.0
Mono County,2026-04-17,46.7,0.0,0.0
Mono County,2026-04-18,57.7,0.0,0.0
Mono County,2026-04-19,59.5,0.0,0.0
Mono County,2026-04-20,58.6,0.0,0.0
Mono County,2026-04-21,42.5,0.165,1.047
Mono County,2026-04-22,42.4,0.0,0.0
Mono County,2026-04-23,49.8,0.0,0.0
Mono County,2026-04-24,50.9,0.0,0.0
Mono County,2026-04-25,47.0,0.181,0.827
Mono County,2026-04-26,43.0,0.185,1.213
Mono County,2026-04-27,41.8,0.0,0.0
Mono County,2026-04-28,45.0,0.004,0.028
Mono County,2026-04-29,52.4,0.0,0.0
Mono County,2026-04-30,55.6,0.0,0.0
Mono County,2026-05-01,58.4,0.0,0.0
Mono County,2026-05-02,61.4,0.118,0.0
Mono County,2026-05-03,54.7,0.15,0.138
Mono County,2026-05-04,42.5,0.346,1.764
Mono County,2026-05-05,45.3,0.327,0.854
Mono County,2026-05-06,59.3,0.008,0.0
Mono County,2026-05-07,65.0,0.0,0.0
Mono County,2026-05-08,66.6,0.0,0.0
Mono County,2026-05-09,66.5,0.0,0.0
Mono County,2026-05-10,72.3,0.0,0.0
Mono County,2026-05-11,73.0,0.004,0.0
Mono County,2026-05-12,72.1,0.016,0.0
Mono County,2026-05-13,67.6,0.0,0.0
Mono County,2026-05-14,68.5,0.0,0.0
Mono County,2026-05-15,65.8,0.0,0.0
Mono County,2026-05-16,58.4,0.0,0.0
Mono County,2026-05-17,55.0,0.004,0.028
Mono County,2026-05-18,47.6,0.0,0.0
Mono County,2026-05-19,53.3,0.0,0.0
Mono County,2026-05-20,59.4,0.0,0.0
Mono County,2026-05-21,64.2,0.0,0.0
Mono County,2026-05-22,62.7,0.02,0.0
Mono County,2026-05-23,67.0,0.004,0.0
Mono County,2026-05-24,66.7,0.059,0.0
Mono County,2026-05-25,66.7,0.016,0.0
Mono County,2026-05-26,48.8,0.0,0.0
Mono County,2026-05-27,46.2,0.059,0.22
Mono County,2026-05-28,42.2,0.157,0.469
Mono County,2026-05-29,49.6,0.016,0.0
Mono County,2026-05-30,56.9,0.0,0.0
Mono County,2026-05-31,61.4,0.0,0.0
Mono County,2026-06-01,66.0,0.004,0.0
Mono County,2026-06-02,68.4,0.0,0.0
Mono County,2026-06-03,70.4,0.0,0.0
Mono County,2026-06-04,74.4,0.0,0.0
Mono County,2026-06-05,77.2,0.0,0.0
Mono County,2026-06-06,69.6,0.0,0.0
Mono County,2026-06-07,67.5,0.0,0.0
Mono County,2026-06-08,66.8,0.0,0.0
Mono County,2026-06-09,72.1,0.0,0.0
Mono County,2026-06-10,78.7,0.0,0.0
Mono County,2026-06-11,75.6,0.004,0.0
Mono County,2026-06-12,78.4,0.004,0.0
Mono County,2026-06-13,77.8,0.091,0.0
Mono County,2026-06-14,74.8,0.02,0.0
Mono County,2026-06-15,78.0,0.0,0.0
Mono County,2026-06-16,80.1,0.0,0.0
Mono County,2026-06-17,80.2,0.055,0.0
Mono County,2026-06-18,79.3,0.028,0.0
Mono County,2026-06-19,76.6,0.008,0.0
Mono County,2026-06-20,75.1,0.0,0.0
Mono County,2026-06-21,76.5,0.0,0.0
Mono County,2026-06-22,79.4,0.0,0.0
Mono County,2026-06-23,82.9,0.0,0.0
Mono County,2026-06-24,79.0,0.0,0.0
Mono County,2026-06-25,78.4,0.0,0.0
Mono County,2026-06-26,68.4,0.0,0.0
Mono County,2026-06-27,65.7,0.0,0.0
Mono County,2026-06-28,59.6,0.0,0.0
Mono County,2026-06-29,60.5,0.169,0.0
Mono County,2026-06-30,68.0,0.0,0.0
Mono County,2026-07-01,69.0,0.0,0.0
Mono County,2026-07-02,71.2,0.0,0.0
Mono County,2026-07-03,76.1,0.0,0.0
Mono County,2026-07-04,79.2,0.0,0.0
Mono County,2026-07-05,71.4,0.016,0.0
Mono County,2026-07-06,76.2,0.0,0.0
Mono County,2026-07-07,79.2,0.008,0.0
Mono County,2026-07-08,82.6,0.0,0.0
Mono County,2026-07-09,80.8,0.0,0.0
Mono County,2026-07-10,82.9,0.0,0.0
Mono County,2026-07-11,86.9,0.0,0.0
Mono County,2026-07-12,79.3,0.0,0.0
Mono County,2026-07-13,70.4,0.354,0.0
Mono County,2026-07-14,67.9,0.102,0.0
Mono County,2026-07-15,73.3,0.075,0.0
Mono County,2026-07-16,78.4,0.0,0.0
Mono County,2026-07-17,79.6,0.0,0.0
Mono County,2026-07-18,78.4,0.051,0.0
Mono County,2026-07-19,79.4,0.28,0.0
Mono County,2026-07-20,71.7,0.362,0.0
Mono County,2026-07-21,68.7,0.894,0.0
Mono County,2026-07-22,74.7,0.004,0.0
Mono County,2026-07-23,80.1,0.0,0.0
Mono County,2026-07-24,80.9,0.0,0.0
Mono County,2026-07-25,78.6,0.004,0.0
Mono County,2026-07-26,81.7,0.0,0.0
Mono County,2026-07-27,82.9,0.0,0.0
Mono County,2026-07-28,83.7,0.0,0.0
Mono County,2026-07-29,80.2,0.0,0.0
Trinity County,2023-07-30,82.1,0.0,0.0
Trinity County,2023-07-31,86.1,0.0,0.0
Trinity County,2023-08-01,87.2,0.0,0.0
Trinity County,2023-08-02,81.8,0.0,0.0
Trinity County,2023-08-03,80.4,0.0,0.0
Trinity County,2023-08-04,80.9,0.0,0.0
Trinity County,2023-08-05,80.8,0.0,0.0
Trinity County,2023-08-06,82.7,0.0,0.0
Trinity County,2023-08-07,80.0,0.0,0.0
Trinity County,2023-08-08,84.3,0.0,0.0
Trinity County,2023-08-09,84.0,0.0,0.0
Trinity County,2023-08-10,85.5,0.0,0.0
Trinity County,2023-08-11,86.5,0.0,0.0
Trinity County,2023-08-12,90.6,0.0,0.0
Trinity County,2023-08-13,94.6,0.0,0.0
Trinity County,2023-08-14,93.6,0.0,0.0
Trinity County,2023-08-15,93.3,0.024,0.0
Trinity County,2023-08-16,92.7,0.0,0.0
Trinity County,2023-08-17,84.3,0.024,0.0
Trinity County,2023-08-18,87.8,0.0,0.0
Trinity County,2023-08-19,81.9,0.0,0.0
Trinity County,2023-08-20,78.7,0.047,0.0
Trinity County,2023-08-21,59.5,0.701,0.0
Trinity County,2023-08-22,65.8,0.13,0.0
Trinity County,2023-08-23,75.4,0.0,0.0
Trinity County,2023-08-24,78.4,0.075,0.0
Trinity County,2023-08-25,77.1,0.0,0.0
Trinity County,2023-08-26,77.7,0.0,0.0
Trinity County,2023-08-27,80.2,0.0,0.0
Trinity County,2023-08-28,79.0,0.0,0.0
Trinity County,2023-08-29,69.0,0.0,0.0
Trinity County,2023-08-30,78.2,0.0,0.0
Trinity County,2023-08-31,66.6,0.0,0.0
Trinity County,2023-09-01,53.5,0.823,0.0
Trinity County,2023-09-02,57.4,0.071,0.0
Trinity County,2023-09-03,61.5,0.008,0.0
Trinity County,2023-09-04,65.6,0.0,0.0
Trinity County,2023-09-05,73.5,0.0,0.0
Trinity County,2023-09-06,71.4,0.0,0.0
Trinity County,2023-09-07,74.1,0.0,0.0
Trinity County,2023-09-08,71.8,0.0,0.0
Trinity County,2023-09-09,75.0,0.0,0.0
Trinity County,2023-09-10,74.4,0.0,0.0
Trinity County,2023-09-11,73.5,0.0,0.0
Trinity County,2023-09-12,73.0,0.0,0.0
Trinity County,2023-09-13,76.7,0.0,0.0
Trinity County,2023-09-14,81.6,0.0,0.0
Trinity County,2023-09-15,82.2,0.0,0.0
Trinity County,2023-09-16,79.4,0.146,0.0
Trinity County,2023-09-17,79.7,0.0,0.0
Trinity County,2023-09-18,75.3,0.004,0.0
Trinity County,2023-09-19,74.9,0.0,0.0
Trinity County,2023-09-20,66.1,0.0,0.0
Trinity County,2023-09-21,64.3,0.0,0.0
Trinity County,2023-09-22,65.2,0.0,0.0
Trinity County,2023-09-23,68.1,0.0,0.0
Trinity County,2023-09-24,61.7,0.0,0.0
Trinity County,2023-09-25,53.9,0.677,0.0
Trinity County,2023-09-26,55.4,0.118,0.0
Trinity County,2023-09-27,55.6,0.008,0.0
Trinity County,2023-09-28,60.1,0.0,0.0
Trinity County,2023-09-29,56.6,0.035,0.0
Trinity County,2023-09-30,53.7,0.205,0.0
Trinity County,2023-10-01,58.4,0.0,0.0
Trinity County,2023-10-02,63.4,0.0,0.0
Trinity County,2023-10-03,64.5,0.0,0.0
Trinity County,2023-10-04,70.4,0.0,0.0
Trinity County,2023-10-05,72.9,0.0,0.0
Trinity County,2023-10-06,75.7,0.0,0.0
Trinity County,2023-10-07,75.3,0.0,0.0
Trinity County,2023-10-08,75.3,0.0,0.0
Trinity County,2023-10-09,52.6,0.276,0.0
Trinity County,2023-10-10,46.5,0.327,0.0
Trinity County,2023-10-11,46.7,0.004,0.0
Trinity County,2023-10-12,58.2,0.0,0.0
Trinity County,2023-10-13,51.8,0.039,0.0
Trinity County,2023-10-14,61.8,0.004,0.0
Trinity County,2023-10-15,64.4,0.0,0.0
Trinity County,2023-10-16,52.4,0.094,0.0
Trinity County,2023-10-17,64.7,0.0,0.0
Trinity County,2023-10-18,72.9,0.0,0.0
Trinity County,2023-10-19,73.6,0.0,0.0
Trinity County,2023-10-20,73.5,0.0,0.0
Trinity County,2023-10-21,64.4,0.0,0.0
Trinity County,2023-10-22,52.8,0.094,0.0
Trinity County,2023-10-23,60.0,0.0,0.0
Trinity County,2023-10-24,61.7,0.0,0.0
Trinity County,2023-10-25,41.1,0.071,0.0
Trinity County,2023-10-26,48.3,0.0,0.0
Trinity County,2023-10-27,50.2,0.0,0.0
Trinity County,2023-10-28,47.0,0.0,0.0
Trinity County,2023-10-29,54.8,0.0,0.0
Trinity County,2023-10-30,60.5,0.0,0.0
Trinity County,2023-10-31,61.1,0.0,0.0
Trinity County,2023-11-01,63.8,0.0,0.0
Trinity County,2023-11-02,47.1,0.366,0.0
Trinity County,2023-11-03,61.5,0.0,0.0
Trinity County,2023-11-04,57.4,0.067,0.0
Trinity County,2023-11-05,52.5,0.106,0.0
Trinity County,2023-11-06,44.0,0.429,0.0
Trinity County,2023-11-07,44.1,0.0,0.0
Trinity County,2023-11-08,48.3,0.0,0.0
Trinity County,2023-11-09,48.8,0.0,0.0
Trinity County,2023-11-10,51.0,0.0,0.0
Trinity County,2023-11-11,51.0,0.0,0.0
Trinity County,2023-11-12,51.7,0.0,0.0
Trinity County,2023-11-13,49.3,0.0,0.0
Trinity County,2023-11-14,38.6,0.366,0.0
Trinity County,2023-11-15,47.1,0.012,0.0
Trinity County,2023-11-16,47.7,0.24,0.0
Trinity County,2023-11-17,52.8,0.028,0.0
Trinity County,2023-11-18,40.9,0.681,0.0
Trinity County,2023-11-19,40.0,0.024,0.0
Trinity County,2023-11-20,53.7,0.0,0.0
Trinity County,2023-11-21,52.7,0.0,0.0
Trinity County,2023-11-22,53.1,0.0,0.0
Trinity County,2023-11-23,48.0,0.0,0.0
Trinity County,2023-11-24,40.1,0.0,0.0
Trinity County,2023-11-25,42.1,0.0,0.0
Trinity County,2023-11-26,43.3,0.0,0.0
Trinity County,2023-11-27,46.7,0.0,0.0
Trinity County,2023-11-28,45.8,0.0,0.0
Trinity County,2023-11-29,44.7,0.0,0.0
Trinity County,2023-11-30,35.3,0.035,0.0
Trinity County,2023-12-01,32.8,0.197,0.386
Trinity County,2023-12-02,36.6,0.965,0.0
Trinity County,2023-12-03,43.4,0.157,0.0
Trinity County,2023-12-04,49.3,0.0,0.0
Trinity County,2023-12-05,54.2,0.0,0.0
Trinity County,2023-12-06,38.2,0.559,0.0
Trinity County,2023-12-07,32.5,0.433,1.378
Trinity County,2023-12-08,35.7,0.0,0.0
Trinity County,2023-12-09,44.7,0.0,0.0
Trinity County,2023-12-10,43.4,0.0,0.0
Trinity County,2023-12-11,45.8,0.0,0.0
Trinity County,2023-12-12,44.8,0.0,0.0
Trinity County,2023-12-13,44.7,0.0,0.0
Trinity County,2023-12-14,43.5,0.0,0.0
Trinity County,2023-12-15,48.3,0.0,0.0
Trinity County,2023-12-16,51.7,0.0,0.0
Trinity County,2023-12-17,37.5,0.157,0.0
Trinity County,2023-12-18,34.3,0.508,0.11
Trinity County,2023-12-19,40.8,1.169,0.028
Trinity County,2023-12-20,44.1,0.35,0.0
Trinity County,2023-12-21,48.9,0.0,0.0
Trinity County,2023-12-22,40.5,0.0,0.0
Trinity County,2023-12-23,40.4,0.0,0.0
Trinity County,2023-12-24,41.9,0.012,0.0
Trinity County,2023-12-25,43.5,0.059,0.0
Trinity County,2023-12-26,45.4,0.012,0.0
Trinity County,2023-12-27,32.4,0.882,0.055
Trinity County,2023-12-28,37.8,0.035,0.0
Trinity County,2023-12-29,39.3,1.157,0.0
Trinity County,2023-12-30,38.7,0.327,0.0
Trinity County,2023-12-31,37.5,0.035,0.0
Trinity County,2024-01-01,42.1,0.0,0.0
Trinity County,2024-01-02,31.4,0.654,1.02
Trinity County,2024-01-03,33.6,0.075,0.193
Trinity County,2024-01-04,40.0,0.02,0.028
Trinity County,2024-01-05,42.6,0.004,0.0
Trinity County,2024-01-06,28.1,0.697,4.823
Trinity County,2024-01-07,29.0,0.0,0.0
Trinity County,2024-01-08,33.7,0.004,0.0
Trinity County,2024-01-09,30.3,0.248,0.055
Trinity County,2024-01-10,28.4,1.409,7.606
Trinity County,2024-01-11,26.9,0.0,0.0
Trinity County,2024-01-12,29.4,0.138,0.331
Trinity County,2024-01-13,29.4,2.35,1.213
Trinity County,2024-01-14,38.8,0.02,0.0
Trinity County,2024-01-15,44.0,0.0,0.0
Trinity County,2024-01-16,31.7,0.669,0.0
Trinity County,2024-01-17,39.7,0.055,0.0
Trinity County,2024-01-18,41.4,0.02,0.0
Trinity County,2024-01-19,44.6,0.26,0.0
Trinity County,2024-01-20,36.2,1.874,0.772
Trinity County,2024-01-21,37.1,0.921,0.248
Trinity County,2024-01-22,41.4,0.524,0.0
Trinity County,2024-01-23,45.4,0.0,0.0
Trinity County,2024-01-24,35.5,0.559,0.165
Trinity County,2024-01-25,42.3,0.0,0.0
Trinity County,2024-01-26,37.6,0.201,0.0
Trinity County,2024-01-27,41.2,0.496,0.0
Trinity County,2024-01-28,56.5,0.024,0.0
Trinity County,2024-01-29,56.4,0.0,0.0
Trinity County,2024-01-30,52.6,0.024,0.0
Trinity County,2024-01-31,39.7,2.087,0.441
Trinity County,2024-02-01,38.6,0.11,0.0
Trinity County,2024-02-02,34.3,0.118,0.358
Trinity County,2024-02-03,33.1,0.012,0.055
Trinity County,2024-02-04,28.6,1.02,5.815
Trinity County,2024-02-05,32.6,0.575,0.606
Trinity County,2024-02-06,35.5,0.0,0.0
Trinity County,2024-02-07,29.6,0.339,2.15
Trinity County,2024-02-08,35.4,0.0,0.0
Trinity County,2024-02-09,36.3,0.0,0.0
Trinity County,2024-02-10,43.9,0.0,0.0
Trinity County,2024-02-11,46.5,0.0,0.0
Trinity County,2024-02-12,45.6,0.0,0.0
Trinity County,2024-02-13,38.8,0.177,0.524
Trinity County,2024-02-14,31.9,1.508,3.307
Trinity County,2024-02-15,38.0,0.157,0.138
Trinity County,2024-02-16,42.6,0.039,0.0
Trinity County,2024-02-17,33.4,1.157,1.24
Trinity County,2024-02-18,36.3,0.437,0.083
Trinity County,2024-02-19,37.6,0.654,0.138
Trinity County,2024-02-20,35.0,0.232,0.055
Trinity County,2024-02-21,36.1,0.173,0.0
Trinity County,2024-02-22,44.0,0.012,0.0
Trinity County,2024-02-23,51.3,0.0,0.0
Trinity County,2024-02-24,54.5,0.0,0.0
Trinity County,2024-02-25,52.4,0.0,0.0
Trinity County,2024-02-26,33.9,0.024,0.0
Trinity County,2024-02-27,41.3,0.0,0.0
Trinity County,2024-02-28,51.5,0.0,0.0
Trinity County,2024-02-29,33.2,1.248,1.929
Trinity County,2024-03-01,30.7,1.303,8.543
Trinity County,2024-03-02,26.1,0.335,2.343
Trinity County,2024-03-03,28.0,0.134,0.937
Trinity County,2024-03-04,29.5,0.244,1.295
Trinity County,2024-03-05,27.9,1.354,3.996
Trinity County,2024-03-06,35.4,0.272,0.028
Trinity County,2024-03-07,37.3,0.0,0.0
Trinity County,2024-03-08,44.4,0.0,0.0
Trinity County,2024-03-09,40.0,0.177,0.689
Trinity County,2024-03-10,32.7,0.606,2.26
Trinity County,2024-03-11,36.0,0.303,0.744
Trinity County,2024-03-12,39.1,0.268,0.386
Trinity County,2024-03-13,47.1,0.0,0.0
Trinity County,2024-03-14,48.2,0.0,0.0
Trinity County,2024-03-15,52.2,0.0,0.0
Trinity County,2024-03-16,57.3,0.0,0.0
Trinity County,2024-03-17,59.3,0.0,0.0
Trinity County,2024-03-18,62.2,0.0,0.0
Trinity County,2024-03-19,62.4,0.0,0.0
Trinity County,2024-03-20,53.9,0.0,0.0
Trinity County,2024-03-21,55.7,0.0,0.0
Trinity County,2024-03-22,39.3,0.823,0.0
Trinity County,2024-03-23,36.5,0.421,0.386
Trinity County,2024-03-24,42.4,0.047,0.0
Trinity County,2024-03-25,46.6,0.0,0.0
Trinity County,2024-03-26,49.2,0.0,0.0
Trinity County,2024-03-27,37.4,1.008,0.0
Trinity County,2024-03-28,38.3,0.177,0.551
Trinity County,2024-03-29,30.3,0.323,0.634
Trinity County,2024-03-30,42.2,0.157,0.606
Trinity County,2024-03-31,53.5,0.0,0.0
Trinity County,2024-04-01,61.1,0.0,0.0
Trinity County,2024-04-02,66.5,0.0,0.0
Trinity County,2024-04-03,44.4,0.13,0.0
Trinity County,2024-04-04,31.6,0.098,0.579
Trinity County,2024-04-05,36.7,0.094,0.661
Trinity County,2024-04-06,42.3,0.0,0.0
Trinity County,2024-04-07,44.0,0.008,0.0
Trinity County,2024-04-08,53.0,0.0,0.0
Trinity County,2024-04-09,59.9,0.0,0.0
Trinity County,2024-04-10,64.5,0.0,0.0
Trinity County,2024-04-11,63.1,0.0,0.0
Trinity County,2024-04-12,50.7,0.591,0.0
Trinity County,2024-04-13,39.2,0.626,0.0
Trinity County,2024-04-14,36.6,0.492,2.012
Trinity County,2024-04-15,53.8,0.0,0.0
Trinity County,2024-04-16,55.6,0.0,0.0
Trinity County,2024-04-17,59.9,0.0,0.0
Trinity County,2024-04-18,64.2,0.0,0.0
Trinity County,2024-04-19,63.6,0.0,0.0
Trinity County,2024-04-20,62.2,0.0,0.0
Trinity County,2024-04-21,65.5,0.0,0.0
Trinity County,2024-04-22,68.7,0.0,0.0
Trinity County,2024-04-23,59.8,0.287,0.0
Trinity County,2024-04-24,55.7,0.071,0.0
Trinity County,2024-04-25,42.4,0.043,0.0
Trinity County,2024-04-26,41.6,0.075,0.0
Trinity County,2024-04-27,50.0,0.0,0.0
Trinity County,2024-04-28,51.0,0.0,0.0
Trinity County,2024-04-29,44.5,0.0,0.0
Trinity County,2024-04-30,46.8,0.0,0.0
Trinity County,2024-05-01,52.5,0.0,0.0
Trinity County,2024-05-02,44.7,0.004,0.0
Trinity County,2024-05-03,62.1,0.008,0.0
Trinity County,2024-05-04,40.2,0.937,0.358
Trinity County,2024-05-05,38.8,0.0,0.0
Trinity County,2024-05-06,45.8,0.004,0.0
Trinity County,2024-05-07,54.0,0.0,0.0
Trinity County,2024-05-08,61.4,0.0,0.0
Trinity County,2024-05-09,63.2,0.0,0.0
Trinity County,2024-05-10,69.0,0.0,0.0
Trinity County,2024-05-11,73.6,0.0,0.0
Trinity County,2024-05-12,72.8,0.0,0.0
Trinity County,2024-05-13,74.2,0.0,0.0
Trinity County,2024-05-14,75.1,0.0,0.0
Trinity County,2024-05-15,77.5,0.0,0.0
Trinity County,2024-05-16,75.7,0.0,0.0
Trinity County,2024-05-17,71.4,0.0,0.0
Trinity County,2024-05-18,69.6,0.0,0.0
Trinity County,2024-05-19,57.9,0.0,0.0
Trinity County,2024-05-20,62.7,0.0,0.0
Trinity County,2024-05-21,65.4,0.0,0.0
Trinity County,2024-05-22,55.8,0.0,0.0
Trinity County,2024-05-23,62.7,0.0,0.0
Trinity County,2024-05-24,61.5,0.0,0.0
Trinity County,2024-05-25,59.1,0.0,0.0
Trinity County,2024-05-26,67.0,0.0,0.0
Trinity County,2024-05-27,71.7,0.0,0.0
Trinity County,2024-05-28,62.6,0.0,0.0
Trinity County,2024-05-29,64.9,0.0,0.0
Trinity County,2024-05-30,74.3,0.0,0.0
Trinity County,2024-05-31,77.9,0.0,0.0
Trinity County,2024-06-01,66.0,0.0,0.0
Trinity County,2024-06-02,68.8,0.004,0.0
Trinity County,2024-06-03,60.0,0.102,0.0
Trinity County,2024-06-04,72.6,0.0,0.0
Trinity County,2024-06-05,80.4,0.0,0.0
Trinity County,2024-06-06,84.3,0.0,0.0
Trinity County,2024-06-07,87.8,0.0,0.0
Trinity County,2024-06-08,76.2,0.0,0.0
Trinity County,2024-06-09,74.0,0.0,0.0
Trinity County,2024-06-10,82.5,0.0,0.0
Trinity County,2024-06-11,78.4,0.0,0.0
Trinity County,2024-06-12,81.4,0.0,0.0
Trinity County,2024-06-13,80.1,0.0,0.0
Trinity County,2024-06-14,66.1,0.0,0.0
Trinity County,2024-06-15,58.6,0.0,0.0
Trinity County,2024-06-16,60.0,0.0,0.0
Trinity County,2024-06-17,63.9,0.0,0.0
Trinity County,2024-06-18,70.0,0.0,0.0
Trinity County,2024-06-19,77.1,0.0,0.0
Trinity County,2024-06-20,81.6,0.0,0.0
Trinity County,2024-06-21,86.5,0.0,0.0
Trinity County,2024-06-22,85.6,0.0,0.0
Trinity County,2024-06-23,84.8,0.0,0.0
Trinity County,2024-06-24,88.2,0.0,0.0
Trinity County,2024-06-25,87.2,0.0,0.0
Trinity County,2024-06-26,75.2,0.0,0.0
Trinity County,2024-06-27,72.0,0.0,0.0
Trinity County,2024-06-28,79.4,0.0,0.0
Trinity County,2024-06-29,74.1,0.0,0.0
Trinity County,2024-06-30,75.8,0.0,0.0
Trinity County,2024-07-01,80.0,0.0,0.0
Trinity County,2024-07-02,89.8,0.0,0.0
Trinity County,2024-07-03,93.2,0.0,0.0
Trinity County,2024-07-04,96.7,0.0,0.0
Trinity County,2024-07-05,99.0,0.0,0.0
Trinity County,2024-07-06,102.7,0.0,0.0
Trinity County,2024-07-07,99.6,0.0,0.0
Trinity County,2024-07-08,100.0,0.0,0.0
Trinity County,2024-07-09,95.9,0.0,0.0
Trinity County,2024-07-10,94.2,0.0,0.0
Trinity County,2024-07-11,97.8,0.0,0.0
Trinity County,2024-07-12,97.5,0.0,0.0
Trinity County,2024-07-13,99.2,0.0,0.0
Trinity County,2024-07-14,90.6,0.012,0.0
Trinity County,2024-07-15,89.5,0.0,0.0
Trinity County,2024-07-16,85.3,0.0,0.0
Trinity County,2024-07-17,83.4,0.0,0.0
Trinity County,2024-07-18,85.6,0.0,0.0
Trinity County,2024-07-19,86.1,0.0,0.0
Trinity County,2024-07-20,89.7,0.0,0.0
Trinity County,2024-07-21,84.8,0.0,0.0
Trinity County,2024-07-22,90.9,0.0,0.0
Trinity County,2024-07-23,97.8,0.0,0.0
Trinity County,2024-07-24,92.8,0.0,0.0
Trinity County,2024-07-25,88.1,0.0,0.0
Trinity County,2024-07-26,86.8,0.0,0.0
Trinity County,2024-07-27,81.0,0.0,0.0
Trinity County,2024-07-28,81.8,0.0,0.0
Trinity County,2024-07-29,82.6,0.0,0.0
Trinity County,2024-07-30,86.1,0.0,0.0
Trinity County,2024-07-31,90.8,0.0,0.0
Trinity County,2024-08-01,89.2,0.0,0.0
Trinity County,2024-08-02,91.8,0.0,0.0
Trinity County,2024-08-03,84.6,0.0,0.0
Trinity County,2024-08-04,88.9,0.0,0.0
Trinity County,2024-08-05,91.5,0.0,0.0
Trinity County,2024-08-06,91.5,0.0,0.0
Trinity County,2024-08-07,93.6,0.0,0.0
Trinity County,2024-08-08,90.6,0.0,0.0
Trinity County,2024-08-09,88.8,0.0,0.0
Trinity County,2024-08-10,85.1,0.0,0.0
Trinity County,2024-08-11,88.1,0.0,0.0
Trinity County,2024-08-12,77.7,0.0,0.0
Trinity County,2024-08-13,73.4,0.0,0.0
Trinity County,2024-08-14,73.2,0.0,0.0
Trinity County,2024-08-15,70.8,0.0,0.0
Trinity County,2024-08-16,77.1,0.0,0.0
Trinity County,2024-08-17,67.5,0.331,0.0
Trinity County,2024-08-18,70.9,0.0,0.0
Trinity County,2024-08-19,71.8,0.0,0.0
Trinity County,2024-08-20,74.6,0.0,0.0
Trinity County,2024-08-21,75.2,0.0,0.0
Trinity County,2024-08-22,66.8,0.012,0.0
Trinity County,2024-08-23,54.7,0.323,0.0
Trinity County,2024-08-24,60.6,0.22,0.0
Trinity County,2024-08-25,69.0,0.0,0.0
Trinity County,2024-08-26,77.5,0.0,0.0
Trinity County,2024-08-27,79.1,0.0,0.0
Trinity County,2024-08-28,83.4,0.0,0.0
Trinity County,2024-08-29,85.7,0.0,0.0
Trinity County,2024-08-30,86.6,0.0,0.0
Trinity County,2024-08-31,86.2,0.0,0.0
Trinity County,2024-09-01,79.6,0.0,0.0
Trinity County,2024-09-02,73.4,0.0,0.0
Trinity County,2024-09-03,81.6,0.0,0.0
Trinity County,2024-09-04,86.1,0.0,0.0
Trinity County,2024-09-05,87.2,0.0,0.0
Trinity County,2024-09-06,86.7,0.0,0.0
Trinity County,2024-09-07,82.1,0.0,0.0
Trinity County,2024-09-08,81.0,0.0,0.0
Trinity County,2024-09-09,82.5,0.0,0.0
Trinity County,2024-09-10,78.4,0.0,0.0
Trinity County,2024-09-11,58.5,0.047,0.0
Trinity County,2024-09-12,68.0,0.0,0.0
Trinity County,2024-09-13,76.6,0.0,0.0
Trinity County,2024-09-14,71.2,0.016,0.0
Trinity County,2024-09-15,57.3,0.008,0.0
Trinity County,2024-09-16,58.5,0.063,0.0
Trinity County,2024-09-17,60.6,0.004,0.0
Trinity County,2024-09-18,64.5,0.016,0.0
Trinity County,2024-09-19,70.9,0.0,0.0
Trinity County,2024-09-20,76.9,0.0,0.0
Trinity County,2024-09-21,76.3,0.0,0.0
Trinity County,2024-09-22,79.4,0.0,0.0
Trinity County,2024-09-23,81.0,0.0,0.0
Trinity County,2024-09-24,84.1,0.0,0.0
Trinity County,2024-09-25,74.5,0.0,0.0
Trinity County,2024-09-26,76.6,0.0,0.0
Trinity County,2024-09-27,82.5,0.0,0.0
Trinity County,2024-09-28,81.8,0.0,0.0
Trinity County,2024-09-29,74.4,0.0,0.0
Trinity County,2024-09-30,78.3,0.0,0.0
Trinity County,2024-10-01,87.0,0.0,0.0
Trinity County,2024-10-02,83.4,0.0,0.0
Trinity County,2024-10-03,85.2,0.0,0.0
Trinity County,2024-10-04,74.8,0.0,0.0
Trinity County,2024-10-05,78.6,0.0,0.0
Trinity County,2024-10-06,79.4,0.0,0.0
Trinity County,2024-10-07,78.2,0.0,0.0
Trinity County,2024-10-08,75.9,0.0,0.0
Trinity County,2024-10-09,68.4,0.0,0.0
Trinity County,2024-10-10,72.8,0.0,0.0
Trinity County,2024-10-11,69.2,0.0,0.0
Trinity County,2024-10-12,58.4,0.197,0.0
Trinity County,2024-10-13,66.4,0.0,0.0
Trinity County,2024-10-14,67.9,0.0,0.0
Trinity County,2024-10-15,66.2,0.004,0.0
Trinity County,2024-10-16,55.1,0.016,0.0
Trinity County,2024-10-17,49.4,0.0,0.0
Trinity County,2024-10-18,57.2,0.0,0.0
Trinity County,2024-10-19,68.1,0.0,0.0
Trinity County,2024-10-20,63.2,0.0,0.0
Trinity County,2024-10-21,54.2,0.008,0.0
Trinity County,2024-10-22,58.8,0.0,0.0
Trinity County,2024-10-23,52.7,0.0,0.0
Trinity County,2024-10-24,59.0,0.0,0.0
Trinity County,2024-10-25,65.2,0.0,0.0
Trinity County,2024-10-26,64.5,0.0,0.0
Trinity County,2024-10-27,46.3,0.177,0.0
Trinity County,2024-10-28,42.4,0.016,0.0
Trinity County,2024-10-29,47.9,0.0,0.0
Trinity County,2024-10-30,47.4,0.354,0.138
Trinity County,2024-10-31,40.3,0.102,0.0
Trinity County,2024-11-01,39.8,0.913,0.0
Trinity County,2024-11-02,40.2,0.008,0.0
Trinity County,2024-11-03,47.4,0.012,0.0
Trinity County,2024-11-04,50.7,0.0,0.0
Trinity County,2024-11-05,50.3,0.0,0.0
Trinity County,2024-11-06,47.4,0.0,0.0
Trinity County,2024-11-07,56.0,0.0,0.0
Trinity County,2024-11-08,55.6,0.0,0.0
Trinity County,2024-11-09,49.6,0.0,0.0
Trinity County,2024-11-10,52.3,0.012,0.0
Trinity County,2024-11-11,39.2,0.665,0.0
Trinity County,2024-11-12,45.7,0.0,0.0
Trinity County,2024-11-13,34.2,1.13,0.496
Trinity County,2024-11-14,35.7,0.181,0.028
Trinity County,2024-11-15,38.4,0.0,0.0
Trinity County,2024-11-16,35.4,0.0,0.0
Trinity County,2024-11-17,33.9,0.272,0.0
Trinity County,2024-11-18,33.5,0.024,0.055
Trinity County,2024-11-19,27.7,0.409,2.811
Trinity County,2024-11-20,27.7,3.378,17.831
Trinity County,2024-11-21,31.7,3.252,0.165
Trinity County,2024-11-22,36.6,1.614,0.0
Trinity County,2024-11-23,35.8,0.118,0.0
Trinity County,2024-11-24,31.6,0.362,0.854
Trinity County,2024-11-25,32.4,0.173,0.0
Trinity County,2024-11-26,35.3,0.043,0.083
Trinity County,2024-11-27,39.0,0.0,0.0
Trinity County,2024-11-28,43.7,0.0,0.0
Trinity County,2024-11-29,47.4,0.0,0.0
Trinity County,2024-11-30,49.8,0.0,0.0
Trinity County,2024-12-01,51.8,0.0,0.0
Trinity County,2024-12-02,54.6,0.0,0.0
Trinity County,2024-12-03,53.5,0.0,0.0
Trinity County,2024-12-04,53.0,0.0,0.0
Trinity County,2024-12-05,52.9,0.0,0.0
Trinity County,2024-12-06,51.7,0.0,0.0
Trinity County,2024-12-07,50.0,0.0,0.0
Trinity County,2024-12-08,42.1,0.0,0.0
Trinity County,2024-12-09,42.9,0.0,0.0
Trinity County,2024-12-10,45.5,0.0,0.0
Trinity County,2024-12-11,42.3,0.161,0.992
Trinity County,2024-12-12,28.1,1.047,6.917
Trinity County,2024-12-13,28.6,2.051,7.524
Trinity County,2024-12-14,34.3,1.118,6.146
Trinity County,2024-12-15,31.6,0.024,0.055
Trinity County,2024-12-16,30.7,0.547,3.087
Trinity County,2024-12-17,41.6,0.0,0.0
Trinity County,2024-12-18,44.5,0.0,0.0
Trinity County,2024-12-19,48.2,0.0,0.0
Trinity County,2024-12-20,39.5,0.0,0.0
Trinity County,2024-12-21,36.5,0.433,0.083
Trinity County,2024-12-22,36.7,0.272,0.0
Trinity County,2024-12-23,39.0,0.106,0.0
Trinity County,2024-12-24,34.8,1.189,0.0
Trinity County,2024-12-25,33.6,0.075,0.028
Trinity County,2024-12-26,36.5,0.925,0.661
Trinity County,2024-12-27,42.0,0.583,0.661
Trinity County,2024-12-28,40.8,0.996,0.0
Trinity County,2024-12-29,35.9,0.913,0.579
Trinity County,2024-12-30,35.5,0.0,0.0
Trinity County,2024-12-31,36.8,0.016,0.028
Trinity County,2025-01-01,32.7,0.657,0.165
Trinity County,2025-01-02,38.4,0.378,0.0
Trinity County,2025-01-03,35.2,0.811,0.0
Trinity County,2025-01-04,36.3,0.012,0.0
Trinity County,2025-01-05,46.1,0.004,0.0
Trinity County,2025-01-06,45.7,0.126,0.0
Trinity County,2025-01-07,45.2,0.0,0.0
Trinity County,2025-01-08,50.2,0.0,0.0
Trinity County,2025-01-09,52.7,0.0,0.0
Trinity County,2025-01-10,52.8,0.0,0.0
Trinity County,2025-01-11,44.3,0.0,0.0
Trinity County,2025-01-12,43.2,0.0,0.0
Trinity County,2025-01-13,40.6,0.0,0.0
Trinity County,2025-01-14,48.6,0.0,0.0
Trinity County,2025-01-15,51.3,0.0,0.0
Trinity County,2025-01-16,48.3,0.0,0.0
Trinity County,2025-01-17,44.3,0.0,0.0
Trinity County,2025-01-18,48.2,0.0,0.0
Trinity County,2025-01-19,46.5,0.0,0.0
Trinity County,2025-01-20,42.1,0.0,0.0
Trinity County,2025-01-21,49.0,0.0,0.0
Trinity County,2025-01-22,50.6,0.0,0.0
Trinity County,2025-01-23,55.2,0.0,0.0
Trinity County,2025-01-24,48.4,0.0,0.0
Trinity County,2025-01-25,35.9,0.0,0.0
Trinity County,2025-01-26,37.5,0.0,0.0
Trinity County,2025-01-27,43.9,0.0,0.0
Trinity County,2025-01-28,48.6,0.0,0.0
Trinity County,2025-01-29,49.2,0.0,0.0
Trinity County,2025-01-30,47.5,0.0,0.0
Trinity County,2025-01-31,28.9,0.957,3.665
Trinity County,2025-02-01,33.4,0.866,0.0
Trinity County,2025-02-02,33.1,1.965,0.331
Trinity County,2025-02-03,36.0,2.138,0.0
Trinity County,2025-02-04,31.1,1.504,5.87
Trinity County,2025-02-05,31.7,0.083,0.551
Trinity County,2025-02-06,27.1,0.677,4.63
Trinity County,2025-02-07,32.1,0.024,0.11
Trinity County,2025-02-08,34.4,0.0,0.0
Trinity County,2025-02-09,38.1,0.0,0.0
Trinity County,2025-02-10,38.4,0.0,0.0
Trinity County,2025-02-11,32.5,0.0,0.0
Trinity County,2025-02-12,35.0,0.0,0.0
Trinity County,2025-02-13,28.8,1.63,9.618
Trinity County,2025-02-14,32.3,0.311,0.634
Trinity County,2025-02-15,46.0,0.157,0.744
Trinity County,2025-02-16,37.6,0.402,0.882
Trinity County,2025-02-17,34.0,0.004,0.0
Trinity County,2025-02-18,42.6,0.0,0.0
Trinity County,2025-02-19,36.0,0.331,0.0
Trinity County,2025-02-20,45.8,0.0,0.0
Trinity County,2025-02-21,53.0,0.0,0.0
Trinity County,2025-02-22,49.0,0.201,0.0
Trinity County,2025-02-23,43.8,0.571,0.0
Trinity County,2025-02-24,42.8,0.11,0.0
Trinity County,2025-02-25,47.9,0.0,0.0
Trinity County,2025-02-26,58.3,0.0,0.0
Trinity County,2025-02-27,62.1,0.0,0.0
Trinity County,2025-02-28,63.7,0.0,0.0
Trinity County,2025-03-01,55.5,0.11,0.0
Trinity County,2025-03-02,34.9,0.02,0.0
Trinity County,2025-03-03,41.3,0.0,0.0
Trinity County,2025-03-04,40.3,0.02,0.0
Trinity County,2025-03-05,41.8,0.0,0.0
Trinity County,2025-03-06,43.4,0.028,0.0
Trinity County,2025-03-07,48.1,0.0,0.0
Trinity County,2025-03-08,54.8,0.0,0.0
Trinity County,2025-03-09,48.1,0.0,0.0
Trinity County,2025-03-10,52.6,0.0,0.0
Trinity County,2025-03-11,51.6,0.0,0.0
Trinity County,2025-03-12,34.8,0.744,0.028
Trinity County,2025-03-13,32.9,0.063,0.413
Trinity County,2025-03-14,31.1,0.791,5.291
Trinity County,2025-03-15,32.4,0.122,0.138
Trinity County,2025-03-16,36.1,1.366,0.0
Trinity County,2025-03-17,35.5,0.154,0.358
Trinity County,2025-03-18,40.9,0.0,0.0
Trinity County,2025-03-19,41.1,0.35,1.213
Trinity County,2025-03-20,40.3,0.008,0.0
Trinity County,2025-03-21,35.5,0.181,0.028
Trinity County,2025-03-22,44.6,0.083,0.0
Trinity County,2025-03-23,60.9,0.0,0.0
Trinity County,2025-03-24,68.1,0.0,0.0
Trinity County,2025-03-25,67.8,0.0,0.0
Trinity County,2025-03-26,61.5,0.083,0.0
Trinity County,2025-03-27,40.3,0.571,0.0
Trinity County,2025-03-28,39.6,0.457,0.193
Trinity County,2025-03-29,46.5,0.0,0.0
Trinity County,2025-03-30,37.4,1.067,4.492
Trinity County,2025-03-31,33.2,0.787,4.272
Trinity County,2025-04-01,34.4,0.504,3.142
Trinity County,2025-04-02,40.0,0.0,0.0
Trinity County,2025-04-03,46.5,0.0,0.0
Trinity County,2025-04-04,52.5,0.0,0.0
Trinity County,2025-04-05,61.3,0.0,0.0
Trinity County,2025-04-06,59.9,0.417,0.0
Trinity County,2025-04-07,45.9,0.118,0.0
Trinity County,2025-04-08,54.2,0.0,0.0
Trinity County,2025-04-09,64.0,0.0,0.0
Trinity County,2025-04-10,61.9,0.0,0.0
Trinity County,2025-04-11,56.1,0.0,0.0
Trinity County,2025-04-12,55.4,0.0,0.0
Trinity County,2025-04-13,60.5,0.0,0.0
Trinity County,2025-04-14,68.1,0.0,0.0
Trinity County,2025-04-15,69.0,0.0,0.0
Trinity County,2025-04-16,65.8,0.0,0.0
Trinity County,2025-04-17,61.8,0.0,0.0
Trinity County,2025-04-18,58.1,0.0,0.0
Trinity County,2025-04-19,62.7,0.0,0.0
Trinity County,2025-04-20,61.4,0.0,0.0
Trinity County,2025-04-21,64.5,0.0,0.0
Trinity County,2025-04-22,60.0,0.0,0.0
Trinity County,2025-04-23,59.5,0.012,0.0
Trinity County,2025-04-24,56.5,0.134,0.0
Trinity County,2025-04-25,48.7,0.039,0.0
Trinity County,2025-04-26,42.5,0.079,0.0
Trinity County,2025-04-27,49.7,0.0,0.0
Trinity County,2025-04-28,61.6,0.0,0.0
Trinity County,2025-04-29,62.0,0.008,0.0
Trinity County,2025-04-30,68.0,0.0,0.0
Trinity County,2025-05-01,71.7,0.0,0.0
Trinity County,2025-05-02,62.2,0.004,0.0
Trinity County,2025-05-03,46.6,0.0,0.0
Trinity County,2025-05-04,59.1,0.0,0.0
Trinity County,2025-05-05,69.1,0.0,0.0
Trinity County,2025-05-06,68.0,0.0,0.0
Trinity County,2025-05-07,68.3,0.0,0.0
Trinity County,2025-05-08,70.9,0.0,0.0
Trinity County,2025-05-09,74.3,0.0,0.0
Trinity County,2025-05-10,68.4,0.0,0.0
Trinity County,2025-05-11,52.3,0.0,0.0
Trinity County,2025-05-12,45.1,0.476,0.524
Trinity County,2025-05-13,51.4,0.016,0.0
Trinity County,2025-05-14,54.6,0.0,0.0
Trinity County,2025-05-15,61.2,0.004,0.0
Trinity County,2025-05-16,62.5,0.0,0.0
Trinity County,2025-05-17,51.1,0.0,0.0
Trinity County,2025-05-18,60.3,0.0,0.0
Trinity County,2025-05-19,58.6,0.0,0.0
Trinity County,2025-05-20,59.2,0.0,0.0
Trinity County,2025-05-21,69.0,0.0,0.0
Trinity County,2025-05-22,59.4,0.0,0.0
Trinity County,2025-05-23,65.7,0.0,0.0
Trinity County,2025-05-24,73.4,0.0,0.0
Trinity County,2025-05-25,69.0,0.0,0.0
Trinity County,2025-05-26,63.3,0.0,0.0
Trinity County,2025-05-27,80.5,0.0,0.0
Trinity County,2025-05-28,77.0,0.0,0.0
Trinity County,2025-05-29,73.7,0.0,0.0
Trinity County,2025-05-30,87.7,0.0,0.0
Trinity County,2025-05-31,78.3,0.0,0.0
Trinity County,2025-06-01,77.6,0.0,0.0
Trinity County,2025-06-02,82.6,0.0,0.0
Trinity County,2025-06-03,82.6,0.0,0.0
Trinity County,2025-06-04,76.9,0.0,0.0
Trinity County,2025-06-05,80.6,0.0,0.0
Trinity County,2025-06-06,84.1,0.0,0.0
Trinity County,2025-06-07,86.8,0.0,0.0
Trinity County,2025-06-08,89.7,0.004,0.0
Trinity County,2025-06-09,88.8,0.063,0.0
Trinity County,2025-06-10,87.3,0.0,0.0
Trinity County,2025-06-11,75.2,0.0,0.0
Trinity County,2025-06-12,74.4,0.0,0.0
Trinity County,2025-06-13,66.5,0.0,0.0
Trinity County,2025-06-14,73.2,0.0,0.0
Trinity County,2025-06-15,76.6,0.0,0.0
Trinity County,2025-06-16,68.6,0.0,0.0
Trinity County,2025-06-17,77.8,0.0,0.0
Trinity County,2025-06-18,76.3,0.0,0.0
Trinity County,2025-06-19,68.9,0.0,0.0
Trinity County,2025-06-20,52.0,0.0,0.0
Trinity County,2025-06-21,59.9,0.0,0.0
Trinity County,2025-06-22,63.0,0.0,0.0
Trinity County,2025-06-23,75.2,0.0,0.0
Trinity County,2025-06-24,80.1,0.0,0.0
Trinity County,2025-06-25,75.3,0.0,0.0
Trinity County,2025-06-26,72.9,0.0,0.0
Trinity County,2025-06-27,77.4,0.0,0.0
Trinity County,2025-06-28,83.9,0.0,0.0
Trinity County,2025-06-29,90.4,0.0,0.0
Trinity County,2025-06-30,88.1,0.0,0.0
Trinity County,2025-07-01,84.4,0.083,0.0
Trinity County,2025-07-02,81.0,0.0,0.0
Trinity County,2025-07-03,75.1,0.0,0.0
Trinity County,2025-07-04,69.8,0.0,0.0
Trinity County,2025-07-05,78.3,0.0,0.0
Trinity County,2025-07-06,85.3,0.0,0.0
Trinity County,2025-07-07,88.8,0.0,0.0
Trinity County,2025-07-08,79.6,0.0,0.0
Trinity County,2025-07-09,79.3,0.0,0.0
Trinity County,2025-07-10,86.6,0.0,0.0
Trinity County,2025-07-11,91.1,0.0,0.0
Trinity County,2025-07-12,94.7,0.0,0.0
Trinity County,2025-07-13,96.7,0.0,0.0
Trinity County,2025-07-14,96.2,0.0,0.0
Trinity County,2025-07-15,91.4,0.0,0.0
Trinity County,2025-07-16,85.9,0.0,0.0
Trinity County,2025-07-17,86.4,0.0,0.0
Trinity County,2025-07-18,87.0,0.0,0.0
Trinity County,2025-07-19,85.3,0.0,0.0
Trinity County,2025-07-20,83.7,0.0,0.0
Trinity County,2025-07-21,69.4,0.091,0.0
Trinity County,2025-07-22,76.0,0.0,0.0
Trinity County,2025-07-23,81.4,0.0,0.0
Trinity County,2025-07-24,82.5,0.0,0.0
Trinity County,2025-07-25,75.3,0.012,0.0
Trinity County,2025-07-26,79.8,0.0,0.0
Trinity County,2025-07-27,80.5,0.0,0.0
Trinity County,2025-07-28,80.7,0.0,0.0
Trinity County,2025-07-29,83.8,0.0,0.0
Trinity County,2025-07-30,83.2,0.0,0.0
Trinity County,2025-07-31,83.0,0.0,0.0
Trinity County,2025-08-01,82.5,0.071,0.0
Trinity County,2025-08-02,80.7,0.0,0.0
Trinity County,2025-08-03,73.6,0.0,0.0
Trinity County,2025-08-04,72.0,0.0,0.0
Trinity County,2025-08-05,76.9,0.0,0.0
Trinity County,2025-08-06,75.6,0.0,0.0
Trinity County,2025-08-07,80.7,0.0,0.0
Trinity County,2025-08-08,86.4,0.0,0.0
Trinity County,2025-08-09,91.9,0.0,0.0
Trinity County,2025-08-10,94.4,0.0,0.0
Trinity County,2025-08-11,95.1,0.0,0.0
Trinity County,2025-08-12,92.6,0.0,0.0
Trinity County,2025-08-13,88.8,0.0,0.0
Trinity County,2025-08-14,78.1,0.0,0.0
Trinity County,2025-08-15,73.9,0.0,0.0
Trinity County,2025-08-16,67.8,0.213,0.0
Trinity County,2025-08-17,72.6,0.035,0.0
Trinity County,2025-08-18,74.3,0.0,0.0
Trinity County,2025-08-19,78.3,0.0,0.0
Trinity County,2025-08-20,79.6,0.0,0.0
Trinity County,2025-08-21,88.0,0.0,0.0
Trinity County,2025-08-22,89.3,0.0,0.0
Trinity County,2025-08-23,87.0,0.0,0.0
Trinity County,2025-08-24,88.0,0.0,0.0
Trinity County,2025-08-25,88.2,0.0,0.0
Trinity County,2025-08-26,82.1,0.0,0.0
Trinity County,2025-08-27,83.4,0.0,0.0
Trinity County,2025-08-28,83.6,0.0,0.0
Trinity County,2025-08-29,81.6,0.0,0.0
Trinity County,2025-08-30,84.6,0.0,0.0
Trinity County,2025-08-31,84.3,0.0,0.0
Trinity County,2025-09-01,85.2,0.0,0.0
Trinity County,2025-09-02,85.1,0.0,0.0
Trinity County,2025-09-03,84.2,0.0,0.0
Trinity County,2025-09-04,83.4,0.0,0.0
Trinity County,2025-09-05,81.9,0.0,0.0
Trinity County,2025-09-06,74.1,0.0,0.0
Trinity County,2025-09-07,73.8,0.0,0.0
Trinity County,2025-09-08,64.5,0.217,0.0
Trinity County,2025-09-09,61.0,0.5,0.0
Trinity County,2025-09-10,59.1,0.197,0.0
Trinity County,2025-09-11,64.5,0.035,0.0
Trinity County,2025-09-12,71.1,0.0,0.0
Trinity County,2025-09-13,74.4,0.0,0.0
Trinity County,2025-09-14,68.0,0.0,0.0
Trinity County,2025-09-15,77.3,0.0,0.0
Trinity County,2025-09-16,80.7,0.0,0.0
Trinity County,2025-09-17,80.8,0.0,0.0
Trinity County,2025-09-18,81.6,0.0,0.0
Trinity County,2025-09-19,68.0,0.0,0.0
Trinity County,2025-09-20,74.4,0.004,0.0
Trinity County,2025-09-21,72.1,0.0,0.0
Trinity County,2025-09-22,78.3,0.0,0.0
Trinity County,2025-09-23,83.4,0.0,0.0
Trinity County,2025-09-24,84.3,0.0,0.0
Trinity County,2025-09-25,77.9,0.0,0.0
Trinity County,2025-09-26,78.1,0.0,0.0
Trinity County,2025-09-27,80.5,0.0,0.0
Trinity County,2025-09-28,67.8,0.0,0.0
Trinity County,2025-09-29,50.2,0.654,0.0
Trinity County,2025-09-30,52.8,0.291,0.0
Trinity County,2025-10-01,55.5,0.331,0.0
Trinity County,2025-10-02,55.9,0.154,0.0
Trinity County,2025-10-03,53.7,0.012,0.0
Trinity County,2025-10-04,59.9,0.0,0.0
Trinity County,2025-10-05,60.9,0.0,0.0
Trinity County,2025-10-06,64.5,0.0,0.0
Trinity County,2025-10-07,70.5,0.0,0.0
Trinity County,2025-10-08,66.1,0.008,0.0
Trinity County,2025-10-09,50.8,0.157,0.0
Trinity County,2025-10-10,46.1,0.457,0.0
Trinity County,2025-10-11,46.7,0.024,0.0
Trinity County,2025-10-12,45.6,0.0,0.0
Trinity County,2025-10-13,36.3,0.929,0.331
Trinity County,2025-10-14,53.7,0.0,0.0
Trinity County,2025-10-15,51.8,0.0,0.0
Trinity County,2025-10-16,58.8,0.0,0.0
Trinity County,2025-10-17,64.5,0.039,0.0
Trinity County,2025-10-18,66.2,0.0,0.0
Trinity County,2025-10-19,53.9,0.0,0.0
Trinity County,2025-10-20,61.2,0.0,0.0
Trinity County,2025-10-21,64.8,0.0,0.0
Trinity County,2025-10-22,61.8,0.0,0.0
Trinity County,2025-10-23,63.7,0.0,0.0
Trinity County,2025-10-24,57.9,0.264,0.0
Trinity County,2025-10-25,42.4,0.705,0.0
Trinity County,2025-10-26,35.7,0.728,0.083
Trinity County,2025-10-27,49.7,0.0,0.0
Trinity County,2025-10-28,63.6,0.0,0.0
Trinity County,2025-10-29,63.3,0.0,0.0
Trinity County,2025-10-30,62.3,0.0,0.0
Trinity County,2025-10-31,61.5,0.0,0.0
Trinity County,2025-11-01,61.3,0.0,0.0
Trinity County,2025-11-02,58.4,0.0,0.0
Trinity County,2025-11-03,57.1,0.594,0.0
Trinity County,2025-11-04,43.0,0.886,0.0
Trinity County,2025-11-05,44.4,1.465,0.0
Trinity County,2025-11-06,47.4,0.469,0.0
Trinity County,2025-11-07,52.9,0.083,0.0
Trinity County,2025-11-08,62.0,0.0,0.0
Trinity County,2025-11-09,61.9,0.0,0.0
Trinity County,2025-11-10,64.4,0.0,0.0
Trinity County,2025-11-11,57.4,0.0,0.0
Trinity County,2025-11-12,50.1,0.039,0.0
Trinity County,2025-11-13,45.5,0.988,0.0
Trinity County,2025-11-14,48.9,0.004,0.0
Trinity County,2025-11-15,57.4,0.0,0.0
Trinity County,2025-11-16,45.6,0.268,0.0
Trinity County,2025-11-17,39.3,1.492,0.055
Trinity County,2025-11-18,50.6,0.0,0.0
Trinity County,2025-11-19,41.8,0.142,0.0
Trinity County,2025-11-20,38.6,0.11,0.0
Trinity County,2025-11-21,49.2,0.0,0.0
Trinity County,2025-11-22,52.7,0.0,0.0
Trinity County,2025-11-23,51.0,0.0,0.0
Trinity County,2025-11-24,47.5,0.0,0.0
Trinity County,2025-11-25,50.1,0.0,0.0
Trinity County,2025-11-26,52.2,0.0,0.0
Trinity County,2025-11-27,54.3,0.0,0.0
Trinity County,2025-11-28,48.3,0.0,0.0
Trinity County,2025-11-29,50.3,0.0,0.0
Trinity County,2025-11-30,44.4,0.0,0.0
Trinity County,2025-12-01,47.7,0.0,0.0
Trinity County,2025-12-02,50.1,0.0,0.0
Trinity County,2025-12-03,43.7,0.0,0.0
Trinity County,2025-12-04,50.1,0.0,0.0
Trinity County,2025-12-05,48.8,0.0,0.0
Trinity County,2025-12-06,49.3,0.0,0.0
Trinity County,2025-12-07,48.2,0.0,0.0
Trinity County,2025-12-08,54.1,0.0,0.0
Trinity County,2025-12-09,52.3,0.0,0.0
Trinity County,2025-12-10,59.5,0.0,0.0
Trinity County,2025-12-11,58.2,0.0,0.0
Trinity County,2025-12-12,52.8,0.0,0.0
Trinity County,2025-12-13,54.6,0.0,0.0
Trinity County,2025-12-14,50.8,0.0,0.0
Trinity County,2025-12-15,50.7,0.008,0.0
Trinity County,2025-12-16,43.5,1.606,0.0
Trinity County,2025-12-17,44.3,0.693,0.0
Trinity County,2025-12-18,43.9,0.031,0.0
Trinity County,2025-12-19,42.0,1.311,0.0
Trinity County,2025-12-20,40.9,0.311,0.0
Trinity County,2025-12-21,43.2,3.185,0.0
Trinity County,2025-12-22,43.5,0.012,0.0
Trinity County,2025-12-23,39.9,0.461,0.0
Trinity County,2025-12-24,43.2,0.976,0.055
Trinity County,2025-12-25,34.9,0.937,1.047
Trinity County,2025-12-26,31.3,0.728,1.185
Trinity County,2025-12-27,34.7,0.0,0.0
Trinity County,2025-12-28,40.9,0.0,0.0
Trinity County,2025-12-29,45.9,0.0,0.0
Trinity County,2025-12-30,50.5,0.0,0.0
Trinity County,2025-12-31,42.2,0.205,0.0
Trinity County,2026-01-01,35.6,0.465,0.0
Trinity County,2026-01-02,38.4,0.283,0.0
Trinity County,2026-01-03,37.3,1.319,0.469
Trinity County,2026-01-04,36.1,0.583,1.075
Trinity County,2026-01-05,30.3,0.567,0.854
Trinity County,2026-01-06,38.9,0.0,0.0
Trinity County,2026-01-07,37.9,0.224,1.047
Trinity County,2026-01-08,33.0,0.012,0.083
Trinity County,2026-01-09,45.0,0.0,0.0
Trinity County,2026-01-10,46.3,0.0,0.0
Trinity County,2026-01-11,53.7,0.0,0.0
Trinity County,2026-01-12,52.9,0.0,0.0
Trinity County,2026-01-13,57.4,0.0,0.0
Trinity County,2026-01-14,58.3,0.0,0.0
Trinity County,2026-01-15,59.8,0.0,0.0
Trinity County,2026-01-16,57.9,0.0,0.0
Trinity County,2026-01-17,54.6,0.0,0.0
Trinity County,2026-01-18,55.1,0.0,0.0
Trinity County,2026-01-19,54.8,0.0,0.0
Trinity County,2026-01-20,48.3,0.0,0.0
Trinity County,2026-01-21,47.2,0.0,0.0
Trinity County,2026-01-22,54.3,0.0,0.0
Trinity County,2026-01-23,46.3,0.0,0.0
Trinity County,2026-01-24,44.7,0.0,0.0
Trinity County,2026-01-25,45.0,0.0,0.0
Trinity County,2026-01-26,44.9,0.0,0.0
Trinity County,2026-01-27,42.0,0.713,2.618
Trinity County,2026-01-28,39.2,0.004,0.0
Trinity County,2026-01-29,48.9,0.0,0.0
Trinity County,2026-01-30,52.5,0.0,0.0
Trinity County,2026-01-31,52.4,0.0,0.0
Trinity County,2026-02-01,49.8,0.0,0.0
Trinity County,2026-02-02,52.4,0.0,0.0
Trinity County,2026-02-03,57.7,0.0,0.0
Trinity County,2026-02-04,59.8,0.0,0.0
Trinity County,2026-02-05,57.2,0.0,0.0
Trinity County,2026-02-06,55.5,0.0,0.0
Trinity County,2026-02-07,46.6,0.0,0.0
Trinity County,2026-02-08,40.7,0.618,0.0
Trinity County,2026-02-09,43.6,0.0,0.0
Trinity County,2026-02-10,46.5,0.063,0.0
Trinity County,2026-02-11,40.6,0.157,0.028
Trinity County,2026-02-12,47.4,0.0,0.0
Trinity County,2026-02-13,49.3,0.0,0.0
Trinity County,2026-02-14,39.8,0.059,0.0
Trinity County,2026-02-15,34.8,0.87,0.028
Trinity County,2026-02-16,36.8,0.311,0.551
Trinity County,2026-02-17,27.2,0.362,2.563
Trinity County,2026-02-18,30.5,0.169,1.185
Trinity County,2026-02-19,30.0,0.409,2.866
Trinity County,2026-02-20,33.7,0.004,0.028
Trinity County,2026-02-21,29.4,0.024,0.11
Trinity County,2026-02-22,34.4,0.161,0.0
Trinity County,2026-02-23,37.5,0.287,0.0
Trinity County,2026-02-24,38.4,2.382,0.0
Trinity County,2026-02-25,53.8,0.043,0.0
Trinity County,2026-02-26,54.8,0.004,0.0
Trinity County,2026-02-27,61.2,0.004,0.0
Trinity County,2026-02-28,52.8,0.331,0.0
Trinity County,2026-03-01,48.9,0.157,0.0
Trinity County,2026-03-02,50.3,0.0,0.0
Trinity County,2026-03-03,56.4,0.0,0.0
Trinity County,2026-03-04,40.4,0.067,0.0
Trinity County,2026-03-05,46.7,0.0,0.0
Trinity County,2026-03-06,54.3,0.0,0.0
Trinity County,2026-03-07,63.1,0.0,0.0
Trinity County,2026-03-08,62.0,0.0,0.0
Trinity County,2026-03-09,51.3,0.0,0.0
Trinity County,2026-03-10,45.0,0.0,0.0
Trinity County,2026-03-11,55.7,0.0,0.0
Trinity County,2026-03-12,59.6,0.0,0.0
Trinity County,2026-03-13,59.2,0.0,0.0
Trinity County,2026-03-14,51.5,0.0,0.0
Trinity County,2026-03-15,65.9,0.0,0.0
Trinity County,2026-03-16,71.8,0.0,0.0
Trinity County,2026-03-17,74.4,0.0,0.0
Trinity County,2026-03-18,73.9,0.0,0.0
Trinity County,2026-03-19,74.5,0.0,0.0
Trinity County,2026-03-20,72.6,0.0,0.0
Trinity County,2026-03-21,60.3,0.0,0.0
Trinity County,2026-03-22,66.2,0.0,0.0
Trinity County,2026-03-23,62.1,0.0,0.0
Trinity County,2026-03-24,63.1,0.0,0.0
Trinity County,2026-03-25,54.1,0.0,0.0
Trinity County,2026-03-26,59.3,0.0,0.0
Trinity County,2026-03-27,69.4,0.0,0.0
Trinity County,2026-03-28,63.3,0.0,0.0
Trinity County,2026-03-29,65.3,0.0,0.0
Trinity County,2026-03-30,56.3,0.0,0.0
Trinity County,2026-03-31,49.6,0.083,0.0
Trinity County,2026-04-01,37.1,0.571,0.055
Trinity County,2026-04-02,45.0,0.047,0.138
Trinity County,2026-04-03,60.0,0.0,0.0
Trinity County,2026-04-04,65.6,0.0,0.0
Trinity County,2026-04-05,66.6,0.0,0.0
Trinity County,2026-04-06,66.8,0.0,0.0
Trinity County,2026-04-07,64.7,0.0,0.0
Trinity County,2026-04-08,61.8,0.484,0.0
Trinity County,2026-04-09,53.0,1.134,0.0
Trinity County,2026-04-10,48.7,0.724,0.0
Trinity County,2026-04-11,39.2,0.661,0.0
Trinity County,2026-04-12,35.5,0.72,3.72
Trinity County,2026-04-13,46.4,0.008,0.0
Trinity County,2026-04-14,53.0,0.0,0.0
Trinity County,2026-04-15,42.4,0.047,0.0
Trinity County,2026-04-16,49.5,0.0,0.0
Trinity County,2026-04-17,56.9,0.0,0.0
Trinity County,2026-04-18,63.1,0.0,0.0
Trinity County,2026-04-19,54.9,0.0,0.0
Trinity County,2026-04-20,40.2,0.949,0.0
Trinity County,2026-04-21,39.2,0.48,0.11
Trinity County,2026-04-22,50.9,0.0,0.0
Trinity County,2026-04-23,57.7,0.0,0.0
Trinity County,2026-04-24,61.6,0.02,0.0
Trinity County,2026-04-25,58.6,0.004,0.0
Trinity County,2026-04-26,48.4,0.063,0.0
Trinity County,2026-04-27,50.1,0.02,0.0
Trinity County,2026-04-28,58.2,0.0,0.0
Trinity County,2026-04-29,62.8,0.0,0.0
Trinity County,2026-04-30,68.7,0.0,0.0
Trinity County,2026-05-01,69.8,0.016,0.0
Trinity County,2026-05-02,62.2,0.008,0.0
Trinity County,2026-05-03,64.3,0.102,0.0
Trinity County,2026-05-04,55.5,0.012,0.0
Trinity County,2026-05-05,64.0,0.004,0.0
Trinity County,2026-05-06,70.0,0.0,0.0
Trinity County,2026-05-07,72.4,0.0,0.0
Trinity County,2026-05-08,68.3,0.0,0.0
Trinity County,2026-05-09,77.4,0.0,0.0
Trinity County,2026-05-10,70.4,0.0,0.0
Trinity County,2026-05-11,80.8,0.0,0.0
Trinity County,2026-05-12,77.4,0.0,0.0
Trinity County,2026-05-13,57.8,0.0,0.0
Trinity County,2026-05-14,65.5,0.0,0.0
Trinity County,2026-05-15,60.2,0.0,0.0
Trinity County,2026-05-16,54.0,0.0,0.0
Trinity County,2026-05-17,56.4,0.0,0.0
Trinity County,2026-05-18,63.7,0.0,0.0
Trinity County,2026-05-19,68.4,0.0,0.0
Trinity County,2026-05-20,73.6,0.0,0.0
Trinity County,2026-05-21,77.1,0.043,0.0
Trinity County,2026-05-22,77.0,0.035,0.0
Trinity County,2026-05-23,73.9,0.012,0.0
Trinity County,2026-05-24,75.3,0.0,0.0
Trinity County,2026-05-25,69.2,0.0,0.0
Trinity County,2026-05-26,46.5,0.091,0.0
Trinity County,2026-05-27,57.0,0.732,0.0
Trinity County,2026-05-28,59.9,0.142,0.0
Trinity County,2026-05-29,58.6,0.02,0.0
Trinity County,2026-05-30,60.7,0.0,0.0
Trinity County,2026-05-31,68.1,0.0,0.0
Trinity County,2026-06-01,75.6,0.0,0.0
Trinity County,2026-06-02,77.9,0.0,0.0
Trinity County,2026-06-03,68.3,0.0,0.0
Trinity County,2026-06-04,73.1,0.0,0.0
Trinity County,2026-06-05,69.7,0.0,0.0
Trinity County,2026-06-06,58.1,0.0,0.0
Trinity County,2026-06-07,67.2,0.0,0.0
Trinity County,2026-06-08,50.0,0.185,0.0
Trinity County,2026-06-09,63.3,0.0,0.0
Trinity County,2026-06-10,75.3,0.0,0.0
Trinity County,2026-06-11,82.5,0.0,0.0
Trinity County,2026-06-12,85.2,0.0,0.0
Trinity County,2026-06-13,86.0,0.0,0.0
Trinity County,2026-06-14,89.0,0.0,0.0
Trinity County,2026-06-15,90.6,0.0,0.0
Trinity County,2026-06-16,91.0,0.0,0.0
Trinity County,2026-06-17,89.7,0.0,0.0
Trinity County,2026-06-18,88.7,0.0,0.0
Trinity County,2026-06-19,71.4,0.087,0.0
Trinity County,2026-06-20,75.3,0.035,0.0
Trinity County,2026-06-21,80.4,0.0,0.0
Trinity County,2026-06-22,85.3,0.0,0.0
Trinity County,2026-06-23,86.0,0.0,0.0
Trinity County,2026-06-24,83.6,0.0,0.0
Trinity County,2026-06-25,76.3,0.0,0.0
Trinity County,2026-06-26,63.6,0.071,0.0
Trinity County,2026-06-27,59.0,0.0,0.0
Trinity County,2026-06-28,65.1,0.0,0.0
Trinity County,2026-06-29,71.5,0.0,0.0
Trinity County,2026-06-30,73.2,0.0,0.0
Trinity County,2026-07-01,76.0,0.0,0.0
Trinity County,2026-07-02,79.1,0.0,0.0
Trinity County,2026-07-03,82.4,0.0,0.0
Trinity County,2026-07-04,87.0,0.0,0.0
Trinity County,2026-07-05,83.3,0.0,0.0
Trinity County,2026-07-06,84.4,0.0,0.0
Trinity County,2026-07-07,84.9,0.0,0.0
Trinity County,2026-07-08,83.5,0.0,0.0
Trinity County,2026-07-09,85.3,0.0,0.0
Trinity County,2026-07-10,84.6,0.0,0.0
Trinity County,2026-07-11,81.4,0.0,0.0
Trinity County,2026-07-12,85.3,0.0,0.0
Trinity County,2026-07-13,85.7,0.0,0.0
Trinity County,2026-07-14,86.3,0.0,0.0
Trinity County,2026-07-15,83.7,0.0,0.0
Trinity County,2026-07-16,76.2,0.0,0.0
Trinity County,2026-07-17,85.0,0.0,0.0
Trinity County,2026-07-18,86.3,0.0,0.0
Trinity County,2026-07-19,87.0,0.0,0.0
Trinity County,2026-07-20,82.7,0.0,0.0
Trinity County,2026-07-21,83.7,0.031,0.0
Trinity County,2026-07-22,79.9,0.0,0.0
Trinity County,2026-07-23,85.5,0.0,0.0
Trinity County,2026-07-24,84.2,0.0,0.0
Trinity County,2026-07-25,79.2,0.0,0.0
Trinity County,2026-07-26,80.2,0.0,0.0
Trinity County,2026-07-27,80.9,0.0,0.0
Trinity County,2026-07-28,79.8,0.0,0.0
Trinity County,2026-07-29,80.2,0.0,0.0
Mariposa County,2023-07-30,94.4,0.0,0.0
Mariposa County,2023-07-31,93.7,0.0,0.0
Mariposa County,2023-08-01,89.2,0.0,0.0
Mariposa County,2023-08-02,85.3,0.0,0.0
Mariposa County,2023-08-03,81.4,0.0,0.0
Mariposa County,2023-08-04,85.3,0.0,0.0
Mariposa County,2023-08-05,89.0,0.0,0.0
Mariposa County,2023-08-06,93.1,0.0,0.0
Mariposa County,2023-08-07,92.8,0.0,0.0
Mariposa County,2023-08-08,89.2,0.0,0.0
Mariposa County,2023-08-09,87.0,0.0,0.0
Mariposa County,2023-08-10,85.7,0.0,0.0
Mariposa County,2023-08-11,84.0,0.0,0.0
Mariposa County,2023-08-12,88.9,0.0,0.0
Mariposa County,2023-08-13,90.1,0.012,0.0
Mariposa County,2023-08-14,95.0,0.0,0.0
Mariposa County,2023-08-15,96.7,0.0,0.0
Mariposa County,2023-08-16,97.5,0.028,0.0
Mariposa County,2023-08-17,95.5,0.0,0.0
Mariposa County,2023-08-18,90.7,0.0,0.0
Mariposa County,2023-08-19,90.2,0.071,0.0
Mariposa County,2023-08-20,76.8,0.602,0.0
Mariposa County,2023-08-21,75.1,0.291,0.0
Mariposa County,2023-08-22,78.3,0.039,0.0
Mariposa County,2023-08-23,85.4,0.0,0.0
Mariposa County,2023-08-24,86.9,0.012,0.0
Mariposa County,2023-08-25,84.6,0.0,0.0
Mariposa County,2023-08-26,86.1,0.0,0.0
Mariposa County,2023-08-27,87.6,0.0,0.0
Mariposa County,2023-08-28,91.4,0.0,0.0
Mariposa County,2023-08-29,90.2,0.0,0.0
Mariposa County,2023-08-30,91.3,0.0,0.0
Mariposa County,2023-08-31,88.1,0.0,0.0
Mariposa County,2023-09-01,76.7,0.0,0.0
Mariposa County,2023-09-02,74.7,0.161,0.0
Mariposa County,2023-09-03,61.7,0.917,0.0
Mariposa County,2023-09-04,74.2,0.0,0.0
Mariposa County,2023-09-05,78.9,0.0,0.0
Mariposa County,2023-09-06,80.2,0.0,0.0
Mariposa County,2023-09-07,81.7,0.0,0.0
Mariposa County,2023-09-08,84.7,0.0,0.0
Mariposa County,2023-09-09,84.6,0.315,0.0
Mariposa County,2023-09-10,83.9,0.004,0.0
Mariposa County,2023-09-11,84.1,0.0,0.0
Mariposa County,2023-09-12,82.5,0.0,0.0
Mariposa County,2023-09-13,82.1,0.0,0.0
Mariposa County,2023-09-14,83.8,0.0,0.0
Mariposa County,2023-09-15,86.5,0.004,0.0
Mariposa County,2023-09-16,85.6,0.0,0.0
Mariposa County,2023-09-17,79.7,0.0,0.0
Mariposa County,2023-09-18,76.0,0.0,0.0
Mariposa County,2023-09-19,76.2,0.0,0.0
Mariposa County,2023-09-20,76.4,0.0,0.0
Mariposa County,2023-09-21,68.0,0.193,0.0
Mariposa County,2023-09-22,73.5,0.0,0.0
Mariposa County,2023-09-23,75.3,0.0,0.0
Mariposa County,2023-09-24,77.5,0.0,0.0
Mariposa County,2023-09-25,77.0,0.0,0.0
Mariposa County,2023-09-26,75.7,0.0,0.0
Mariposa County,2023-09-27,76.9,0.0,0.0
Mariposa County,2023-09-28,75.8,0.0,0.0
Mariposa County,2023-09-29,74.0,0.035,0.0
Mariposa County,2023-09-30,55.4,0.906,0.0
Mariposa County,2023-10-01,60.4,0.024,0.0
Mariposa County,2023-10-02,64.0,0.0,0.0
Mariposa County,2023-10-03,69.5,0.0,0.0
Mariposa County,2023-10-04,76.6,0.0,0.0
Mariposa County,2023-10-05,81.5,0.0,0.0
Mariposa County,2023-10-06,84.5,0.0,0.0
Mariposa County,2023-10-07,86.0,0.0,0.0
Mariposa County,2023-10-08,84.5,0.0,0.0
Mariposa County,2023-10-09,76.7,0.0,0.0
Mariposa County,2023-10-10,68.4,0.0,0.0
Mariposa County,2023-10-11,63.5,0.0,0.0
Mariposa County,2023-10-12,67.4,0.0,0.0
Mariposa County,2023-10-13,72.1,0.0,0.0
Mariposa County,2023-10-14,73.9,0.0,0.0
Mariposa County,2023-10-15,78.7,0.0,0.0
Mariposa County,2023-10-16,78.1,0.0,0.0
Mariposa County,2023-10-17,75.8,0.0,0.0
Mariposa County,2023-10-18,85.2,0.0,0.0
Mariposa County,2023-10-19,87.7,0.0,0.0
Mariposa County,2023-10-20,82.2,0.0,0.0
Mariposa County,2023-10-21,76.3,0.0,0.0
Mariposa County,2023-10-22,64.3,0.02,0.0
Mariposa County,2023-10-23,65.3,0.0,0.0
Mariposa County,2023-10-24,68.1,0.0,0.0
Mariposa County,2023-10-25,66.5,0.031,0.0
Mariposa County,2023-10-26,61.3,0.0,0.0
Mariposa County,2023-10-27,60.2,0.0,0.0
Mariposa County,2023-10-28,58.9,0.0,0.0
Mariposa County,2023-10-29,62.0,0.0,0.0
Mariposa County,2023-10-30,64.6,0.0,0.0
Mariposa County,2023-10-31,70.6,0.0,0.0
Mariposa County,2023-11-01,70.3,0.0,0.0
Mariposa County,2023-11-02,73.0,0.0,0.0
Mariposa County,2023-11-03,72.1,0.0,0.0
Mariposa County,2023-11-04,73.1,0.0,0.0
Mariposa County,2023-11-05,70.4,0.0,0.0
Mariposa County,2023-11-06,62.4,0.587,0.0
Mariposa County,2023-11-07,54.9,0.11,0.0
Mariposa County,2023-11-08,58.8,0.0,0.0
Mariposa County,2023-11-09,60.5,0.0,0.0
Mariposa County,2023-11-10,61.2,0.0,0.0
Mariposa County,2023-11-11,64.8,0.0,0.0
Mariposa County,2023-11-12,69.5,0.0,0.0
Mariposa County,2023-11-13,65.7,0.0,0.0
Mariposa County,2023-11-14,65.6,0.0,0.0
Mariposa County,2023-11-15,66.2,0.185,0.0
Mariposa County,2023-11-16,61.5,0.354,0.0
Mariposa County,2023-11-17,61.2,0.118,0.0
Mariposa County,2023-11-18,51.5,0.819,0.0
Mariposa County,2023-11-19,51.7,0.154,0.0
Mariposa County,2023-11-20,56.3,0.0,0.0
Mariposa County,2023-11-21,67.9,0.0,0.0
Mariposa County,2023-11-22,63.6,0.0,0.0
Mariposa County,2023-11-23,57.4,0.004,0.0
Mariposa County,2023-11-24,52.3,0.0,0.0
Mariposa County,2023-11-25,52.9,0.0,0.0
Mariposa County,2023-11-26,54.5,0.0,0.0
Mariposa County,2023-11-27,53.9,0.0,0.0
Mariposa County,2023-11-28,57.1,0.0,0.0
Mariposa County,2023-11-29,53.2,0.0,0.0
Mariposa County,2023-11-30,50.9,0.189,0.083
Mariposa County,2023-12-01,49.5,0.055,0.0
Mariposa County,2023-12-02,52.8,0.0,0.0
Mariposa County,2023-12-03,52.6,0.0,0.0
Mariposa County,2023-12-04,57.8,0.0,0.0
Mariposa County,2023-12-05,67.2,0.0,0.0
Mariposa County,2023-12-06,64.7,0.087,0.0
Mariposa County,2023-12-07,52.4,0.02,0.0
Mariposa County,2023-12-08,51.5,0.0,0.0
Mariposa County,2023-12-09,53.8,0.0,0.0
Mariposa County,2023-12-10,60.8,0.0,0.0
Mariposa County,2023-12-11,58.4,0.0,0.0
Mariposa County,2023-12-12,53.3,0.0,0.0
Mariposa County,2023-12-13,58.0,0.0,0.0
Mariposa County,2023-12-14,60.4,0.0,0.0
Mariposa County,2023-12-15,64.3,0.0,0.0
Mariposa County,2023-12-16,66.4,0.0,0.0
Mariposa County,2023-12-17,66.9,0.039,0.0
Mariposa County,2023-12-18,56.1,0.929,0.0
Mariposa County,2023-12-19,53.1,0.583,0.0
Mariposa County,2023-12-20,55.4,0.366,0.0
Mariposa County,2023-12-21,58.9,0.22,0.0
Mariposa County,2023-12-22,59.1,0.0,0.0
Mariposa County,2023-12-23,50.8,0.0,0.0
Mariposa County,2023-12-24,52.2,0.0,0.0
Mariposa County,2023-12-25,56.6,0.0,0.0
Mariposa County,2023-12-26,59.5,0.0,0.0
Mariposa County,2023-12-27,56.0,0.087,0.0
Mariposa County,2023-12-28,58.3,0.047,0.0
Mariposa County,2023-12-29,57.7,0.0,0.0
Mariposa County,2023-12-30,46.4,0.681,0.0
Mariposa County,2023-12-31,49.5,0.0,0.0
Mariposa County,2024-01-01,55.2,0.0,0.0
Mariposa County,2024-01-02,52.4,0.063,0.0
Mariposa County,2024-01-03,41.8,0.878,1.654
Mariposa County,2024-01-04,44.1,0.0,0.0
Mariposa County,2024-01-05,49.2,0.0,0.0
Mariposa County,2024-01-06,44.0,0.394,2.37
Mariposa County,2024-01-07,39.7,0.004,0.028
Mariposa County,2024-01-08,36.7,0.0,0.0
Mariposa County,2024-01-09,43.6,0.012,0.0
Mariposa County,2024-01-10,38.8,0.72,2.535
Mariposa County,2024-01-11,38.3,0.063,0.331
Mariposa County,2024-01-12,39.7,0.0,0.0
Mariposa County,2024-01-13,40.0,0.339,0.0
Mariposa County,2024-01-14,51.9,0.055,0.0
Mariposa County,2024-01-15,52.8,0.0,0.0
Mariposa County,2024-01-16,54.2,0.102,0.0
Mariposa County,2024-01-17,54.8,0.516,0.0
Mariposa County,2024-01-18,51.4,0.0,0.0
Mariposa County,2024-01-19,60.5,0.039,0.0
Mariposa County,2024-01-20,52.1,0.528,0.0
Mariposa County,2024-01-21,52.9,0.098,0.0
Mariposa County,2024-01-22,48.3,1.028,0.0
Mariposa County,2024-01-23,55.1,0.0,0.0
Mariposa County,2024-01-24,46.6,0.539,0.0
Mariposa County,2024-01-25,52.7,0.102,0.0
Mariposa County,2024-01-26,56.1,0.0,0.0
Mariposa County,2024-01-27,61.4,0.0,0.0
Mariposa County,2024-01-28,67.7,0.0,0.0
Mariposa County,2024-01-29,67.4,0.0,0.0
Mariposa County,2024-01-30,65.9,0.0,0.0
Mariposa County,2024-01-31,59.1,0.157,0.0
Mariposa County,2024-02-01,45.8,1.335,0.0
Mariposa County,2024-02-02,41.5,0.437,1.047
Mariposa County,2024-02-03,46.1,0.043,0.028
Mariposa County,2024-02-04,47.1,1.094,0.0
Mariposa County,2024-02-05,47.4,0.598,0.661
Mariposa County,2024-02-06,43.3,0.398,0.331
Mariposa County,2024-02-07,40.0,1.205,6.283
Mariposa County,2024-02-08,37.8,0.075,0.441
Mariposa County,2024-02-09,40.8,0.0,0.0
Mariposa County,2024-02-10,44.2,0.0,0.0
Mariposa County,2024-02-11,48.7,0.0,0.0
Mariposa County,2024-02-12,53.4,0.0,0.0
Mariposa County,2024-02-13,50.6,0.0,0.0
Mariposa County,2024-02-14,52.7,0.122,0.0
Mariposa County,2024-02-15,55.1,0.465,0.717
Mariposa County,2024-02-16,55.9,0.0,0.0
Mariposa County,2024-02-17,55.4,0.291,0.0
Mariposa County,2024-02-18,58.4,0.244,0.0
Mariposa County,2024-02-19,50.9,1.406,0.0
Mariposa County,2024-02-20,52.8,0.78,0.358
Mariposa County,2024-02-21,50.2,1.209,4.768
Mariposa County,2024-02-22,54.4,0.0,0.0
Mariposa County,2024-02-23,63.8,0.0,0.0
Mariposa County,2024-02-24,64.1,0.0,0.0
Mariposa County,2024-02-25,61.6,0.0,0.0
Mariposa County,2024-02-26,57.6,0.079,0.0
Mariposa County,2024-02-27,56.2,0.028,0.0
Mariposa County,2024-02-28,59.4,0.0,0.0
Mariposa County,2024-02-29,53.2,0.071,0.0
Mariposa County,2024-03-01,44.2,1.185,0.0
Mariposa County,2024-03-02,42.1,0.957,1.461
Mariposa County,2024-03-03,42.4,0.189,0.083
Mariposa County,2024-03-04,48.7,0.035,0.0
Mariposa County,2024-03-05,52.6,0.0,0.0
Mariposa County,2024-03-06,52.6,0.051,0.0
Mariposa County,2024-03-07,51.2,0.024,0.0
Mariposa County,2024-03-08,57.3,0.0,0.0
Mariposa County,2024-03-09,58.0,0.0,0.0
Mariposa County,2024-03-10,57.0,0.028,0.0
Mariposa County,2024-03-11,54.1,0.465,0.083
Mariposa County,2024-03-12,50.0,0.421,0.0
Mariposa County,2024-03-13,55.9,0.0,0.0
Mariposa County,2024-03-14,57.8,0.0,0.0
Mariposa County,2024-03-15,58.7,0.0,0.0
Mariposa County,2024-03-16,59.8,0.0,0.0
Mariposa County,2024-03-17,61.0,0.0,0.0
Mariposa County,2024-03-18,65.2,0.0,0.0
Mariposa County,2024-03-19,64.8,0.008,0.0
Mariposa County,2024-03-20,67.6,0.0,0.0
Mariposa County,2024-03-21,63.6,0.0,0.0
Mariposa County,2024-03-22,62.3,0.122,0.0
Mariposa County,2024-03-23,49.4,1.055,1.764
Mariposa County,2024-03-24,45.0,0.299,0.965
Mariposa County,2024-03-25,51.8,0.0,0.0
Mariposa County,2024-03-26,54.9,0.0,0.0
Mariposa County,2024-03-27,57.9,0.35,0.0
Mariposa County,2024-03-28,51.4,1.358,0.165
Mariposa County,2024-03-29,44.7,0.811,1.433
Mariposa County,2024-03-30,50.4,0.409,0.524
Mariposa County,2024-03-31,50.7,0.071,0.0
Mariposa County,2024-04-01,57.1,0.0,0.0
Mariposa County,2024-04-02,64.8,0.0,0.0
Mariposa County,2024-04-03,64.4,0.591,0.0
Mariposa County,2024-04-04,45.5,2.354,8.185
Mariposa County,2024-04-05,38.5,0.957,6.559
Mariposa County,2024-04-06,42.4,0.0,0.0
Mariposa County,2024-04-07,44.4,0.0,0.0
Mariposa County,2024-04-08,54.9,0.0,0.0
Mariposa County,2024-04-09,61.5,0.0,0.0
Mariposa County,2024-04-10,70.1,0.0,0.0
Mariposa County,2024-04-11,73.0,0.0,0.0
Mariposa County,2024-04-12,69.4,0.024,0.0
Mariposa County,2024-04-13,53.2,0.874,3.252
Mariposa County,2024-04-14,44.9,0.402,1.874
Mariposa County,2024-04-15,58.1,0.0,0.0
Mariposa County,2024-04-16,66.0,0.0,0.0
Mariposa County,2024-04-17,70.7,0.0,0.0
Mariposa County,2024-04-18,70.9,0.0,0.0
Mariposa County,2024-04-19,70.5,0.008,0.0
Mariposa County,2024-04-20,72.5,0.0,0.0
Mariposa County,2024-04-21,74.8,0.0,0.0
Mariposa County,2024-04-22,74.6,0.067,0.0
Mariposa County,2024-04-23,64.1,0.02,0.0
Mariposa County,2024-04-24,59.0,0.197,0.0
Mariposa County,2024-04-25,59.0,0.02,0.0
Mariposa County,2024-04-26,52.2,0.429,0.0
Mariposa County,2024-04-27,60.4,0.0,0.0
Mariposa County,2024-04-28,64.5,0.0,0.0
Mariposa County,2024-04-29,64.9,0.0,0.0
Mariposa County,2024-04-30,66.4,0.0,0.0
Mariposa County,2024-05-01,65.7,0.0,0.0
Mariposa County,2024-05-02,67.9,0.0,0.0
Mariposa County,2024-05-03,68.8,0.0,0.0
Mariposa County,2024-05-04,55.0,0.654,0.661
Mariposa County,2024-05-05,49.9,0.031,0.11
Mariposa County,2024-05-06,59.5,0.0,0.0
Mariposa County,2024-05-07,62.8,0.0,0.0
Mariposa County,2024-05-08,63.9,0.0,0.0
Mariposa County,2024-05-09,69.2,0.0,0.0
Mariposa County,2024-05-10,71.8,0.004,0.0
Mariposa County,2024-05-11,75.0,0.004,0.0
Mariposa County,2024-05-12,76.6,0.0,0.0
Mariposa County,2024-05-13,77.6,0.0,0.0
Mariposa County,2024-05-14,78.4,0.0,0.0
Mariposa County,2024-05-15,78.5,0.0,0.0
Mariposa County,2024-05-16,78.1,0.0,0.0
Mariposa County,2024-05-17,76.8,0.0,0.0
Mariposa County,2024-05-18,74.3,0.039,0.0
Mariposa County,2024-05-19,72.3,0.0,0.0
Mariposa County,2024-05-20,68.8,0.008,0.0
Mariposa County,2024-05-21,72.7,0.0,0.0
Mariposa County,2024-05-22,74.2,0.0,0.0
Mariposa County,2024-05-23,71.2,0.0,0.0
Mariposa County,2024-05-24,68.4,0.0,0.0
Mariposa County,2024-05-25,65.9,0.0,0.0
Mariposa County,2024-05-26,72.3,0.0,0.0
Mariposa County,2024-05-27,76.4,0.0,0.0
Mariposa County,2024-05-28,77.9,0.0,0.0
Mariposa County,2024-05-29,77.5,0.0,0.0
Mariposa County,2024-05-30,80.8,0.0,0.0
Mariposa County,2024-05-31,82.9,0.0,0.0
Mariposa County,2024-06-01,81.1,0.0,0.0
Mariposa County,2024-06-02,77.4,0.0,0.0
Mariposa County,2024-06-03,76.6,0.0,0.0
Mariposa County,2024-06-04,84.4,0.0,0.0
Mariposa County,2024-06-05,92.2,0.0,0.0
Mariposa County,2024-06-06,94.0,0.0,0.0
Mariposa County,2024-06-07,90.6,0.0,0.0
Mariposa County,2024-06-08,83.4,0.0,0.0
Mariposa County,2024-06-09,80.6,0.0,0.0
Mariposa County,2024-06-10,84.5,0.0,0.0
Mariposa County,2024-06-11,91.2,0.0,0.0
Mariposa County,2024-06-12,91.9,0.0,0.0
Mariposa County,2024-06-13,85.2,0.0,0.0
Mariposa County,2024-06-14,86.8,0.0,0.0
Mariposa County,2024-06-15,82.9,0.0,0.0
Mariposa County,2024-06-16,81.5,0.0,0.0
Mariposa County,2024-06-17,75.9,0.0,0.0
Mariposa County,2024-06-18,78.8,0.0,0.0
Mariposa County,2024-06-19,80.7,0.0,0.0
Mariposa County,2024-06-20,82.9,0.0,0.0
Mariposa County,2024-06-21,88.8,0.0,0.0
Mariposa County,2024-06-22,96.0,0.0,0.0
Mariposa County,2024-06-23,95.7,0.0,0.0
Mariposa County,2024-06-24,93.7,0.0,0.0
Mariposa County,2024-06-25,93.3,0.004,0.0
Mariposa County,2024-06-26,90.6,0.0,0.0
Mariposa County,2024-06-27,86.1,0.0,0.0
Mariposa County,2024-06-28,87.4,0.0,0.0
Mariposa County,2024-06-29,89.4,0.0,0.0
Mariposa County,2024-06-30,88.5,0.0,0.0
Mariposa County,2024-07-01,90.4,0.0,0.0
Mariposa County,2024-07-02,96.9,0.0,0.0
Mariposa County,2024-07-03,100.6,0.0,0.0
Mariposa County,2024-07-04,100.5,0.0,0.0
Mariposa County,2024-07-05,101.7,0.0,0.0
Mariposa County,2024-07-06,104.5,0.0,0.0
Mariposa County,2024-07-07,105.4,0.0,0.0
Mariposa County,2024-07-08,102.5,0.0,0.0
Mariposa County,2024-07-09,99.9,0.0,0.0
Mariposa County,2024-07-10,101.4,0.0,0.0
Mariposa County,2024-07-11,105.3,0.0,0.0
Mariposa County,2024-07-12,104.8,0.0,0.0
Mariposa County,2024-07-13,103.5,0.004,0.0
Mariposa County,2024-07-14,96.1,0.071,0.0
Mariposa County,2024-07-15,94.6,0.0,0.0
Mariposa County,2024-07-16,92.4,0.0,0.0
Mariposa County,2024-07-17,91.8,0.0,0.0
Mariposa County,2024-07-18,94.0,0.0,0.0
Mariposa County,2024-07-19,95.6,0.0,0.0
Mariposa County,2024-07-20,98.3,0.0,0.0
Mariposa County,2024-07-21,95.1,0.0,0.0
Mariposa County,2024-07-22,98.4,0.0,0.0
Mariposa County,2024-07-23,101.0,0.0,0.0
Mariposa County,2024-07-24,100.8,0.0,0.0
Mariposa County,2024-07-25,96.8,0.0,0.0
Mariposa County,2024-07-26,95.2,0.0,0.0
Mariposa County,2024-07-27,84.7,0.0,0.0
Mariposa County,2024-07-28,84.6,0.0,0.0
Mariposa County,2024-07-29,86.3,0.0,0.0
Mariposa County,2024-07-30,87.4,0.0,0.0
Mariposa County,2024-07-31,91.4,0.0,0.0
Mariposa County,2024-08-01,96.5,0.0,0.0
Mariposa County,2024-08-02,96.4,0.0,0.0
Mariposa County,2024-08-03,93.6,0.0,0.0
Mariposa County,2024-08-04,95.2,0.0,0.0
Mariposa County,2024-08-05,96.9,0.0,0.0
Mariposa County,2024-08-06,98.4,0.0,0.0
Mariposa County,2024-08-07,99.9,0.0,0.0
Mariposa County,2024-08-08,96.3,0.0,0.0
Mariposa County,2024-08-09,96.0,0.0,0.0
Mariposa County,2024-08-10,96.7,0.0,0.0
Mariposa County,2024-08-11,94.5,0.0,0.0
Mariposa County,2024-08-12,89.4,0.004,0.0
Mariposa County,2024-08-13,87.4,0.0,0.0
Mariposa County,2024-08-14,86.3,0.0,0.0
Mariposa County,2024-08-15,87.7,0.0,0.0
Mariposa County,2024-08-16,88.6,0.0,0.0
Mariposa County,2024-08-17,83.0,0.0,0.0
Mariposa County,2024-08-18,82.9,0.0,0.0
Mariposa County,2024-08-19,87.0,0.0,0.0
Mariposa County,2024-08-20,87.7,0.0,0.0
Mariposa County,2024-08-21,85.7,0.0,0.0
Mariposa County,2024-08-22,81.0,0.0,0.0
Mariposa County,2024-08-23,71.6,0.0,0.0
Mariposa County,2024-08-24,71.9,0.024,0.0
Mariposa County,2024-08-25,77.6,0.0,0.0
Mariposa County,2024-08-26,86.0,0.0,0.0
Mariposa County,2024-08-27,89.7,0.0,0.0
Mariposa County,2024-08-28,91.8,0.0,0.0
Mariposa County,2024-08-29,91.0,0.0,0.0
Mariposa County,2024-08-30,92.3,0.0,0.0
Mariposa County,2024-08-31,92.9,0.0,0.0
Mariposa County,2024-09-01,93.9,0.0,0.0
Mariposa County,2024-09-02,89.9,0.0,0.0
Mariposa County,2024-09-03,92.3,0.0,0.0
Mariposa County,2024-09-04,94.5,0.0,0.0
Mariposa County,2024-09-05,98.1,0.0,0.0
Mariposa County,2024-09-06,97.3,0.0,0.0
Mariposa County,2024-09-07,94.6,0.0,0.0
Mariposa County,2024-09-08,93.3,0.0,0.0
Mariposa County,2024-09-09,92.7,0.0,0.0
Mariposa County,2024-09-10,88.8,0.0,0.0
Mariposa County,2024-09-11,79.7,0.0,0.0
Mariposa County,2024-09-12,77.5,0.0,0.0
Mariposa County,2024-09-13,83.2,0.0,0.0
Mariposa County,2024-09-14,84.0,0.0,0.0
Mariposa County,2024-09-15,76.0,0.0,0.0
Mariposa County,2024-09-16,63.5,0.012,0.0
Mariposa County,2024-09-17,70.4,0.0,0.0
Mariposa County,2024-09-18,70.2,0.035,0.0
Mariposa County,2024-09-19,73.0,0.071,0.0
Mariposa County,2024-09-20,76.6,0.0,0.0
Mariposa County,2024-09-21,81.1,0.0,0.0
Mariposa County,2024-09-22,85.0,0.0,0.0
Mariposa County,2024-09-23,88.5,0.0,0.0
Mariposa County,2024-09-24,91.6,0.0,0.0
Mariposa County,2024-09-25,85.8,0.0,0.0
Mariposa County,2024-09-26,86.5,0.0,0.0
Mariposa County,2024-09-27,89.0,0.0,0.0
Mariposa County,2024-09-28,88.2,0.0,0.0
Mariposa County,2024-09-29,84.3,0.0,0.0
Mariposa County,2024-09-30,91.2,0.0,0.0
Mariposa County,2024-10-01,96.9,0.0,0.0
Mariposa County,2024-10-02,96.4,0.0,0.0
Mariposa County,2024-10-03,94.2,0.0,0.0
Mariposa County,2024-10-04,91.9,0.0,0.0
Mariposa County,2024-10-05,93.1,0.0,0.0
Mariposa County,2024-10-06,93.5,0.0,0.0
Mariposa County,2024-10-07,91.9,0.0,0.0
Mariposa County,2024-10-08,90.6,0.0,0.0
Mariposa County,2024-10-09,87.4,0.0,0.0
Mariposa County,2024-10-10,82.3,0.0,0.0
Mariposa County,2024-10-11,81.4,0.0,0.0
Mariposa County,2024-10-12,78.2,0.0,0.0
Mariposa County,2024-10-13,75.3,0.0,0.0
Mariposa County,2024-10-14,76.1,0.0,0.0
Mariposa County,2024-10-15,78.3,0.0,0.0
Mariposa County,2024-10-16,71.0,0.469,0.0
Mariposa County,2024-10-17,64.2,0.047,0.0
Mariposa County,2024-10-18,62.5,0.0,0.0
Mariposa County,2024-10-19,70.3,0.0,0.0
Mariposa County,2024-10-20,74.2,0.0,0.0
Mariposa County,2024-10-21,74.3,0.0,0.0
Mariposa County,2024-10-22,76.4,0.0,0.0
Mariposa County,2024-10-23,76.5,0.0,0.0
Mariposa County,2024-10-24,75.7,0.0,0.0
Mariposa County,2024-10-25,77.5,0.0,0.0
Mariposa County,2024-10-26,77.6,0.0,0.0
Mariposa County,2024-10-27,70.9,0.0,0.0
Mariposa County,2024-10-28,56.4,0.165,0.0
Mariposa County,2024-10-29,55.1,0.0,0.0
Mariposa County,2024-10-30,58.6,0.0,0.0
Mariposa County,2024-10-31,56.1,0.008,0.0
Mariposa County,2024-11-01,57.3,0.0,0.0
Mariposa County,2024-11-02,56.7,0.154,0.0
Mariposa County,2024-11-03,58.7,0.0,0.0
Mariposa County,2024-11-04,58.8,0.0,0.0
Mariposa County,2024-11-05,60.6,0.0,0.0
Mariposa County,2024-11-06,59.5,0.0,0.0
Mariposa County,2024-11-07,59.9,0.0,0.0
Mariposa County,2024-11-08,62.5,0.0,0.0
Mariposa County,2024-11-09,63.6,0.0,0.0
Mariposa County,2024-11-10,66.6,0.0,0.0
Mariposa County,2024-11-11,60.1,0.339,0.0
Mariposa County,2024-11-12,54.9,0.0,0.0
Mariposa County,2024-11-13,62.0,0.0,0.0
Mariposa County,2024-11-14,55.7,0.091,0.0
Mariposa County,2024-11-15,40.9,0.846,4.602
Mariposa County,2024-11-16,43.8,0.0,0.0
Mariposa County,2024-11-17,45.8,0.0,0.0
Mariposa County,2024-11-18,47.8,0.063,0.0
Mariposa County,2024-11-19,51.3,0.0,0.0
Mariposa County,2024-11-20,57.6,0.0,0.0
Mariposa County,2024-11-21,64.6,0.0,0.0
Mariposa County,2024-11-22,63.6,0.016,0.0
Mariposa County,2024-11-23,49.0,0.969,0.0
Mariposa County,2024-11-24,51.4,0.185,0.193
Mariposa County,2024-11-25,47.8,0.823,0.0
Mariposa County,2024-11-26,46.7,0.957,0.0
Mariposa County,2024-11-27,55.3,0.0,0.0
Mariposa County,2024-11-28,56.8,0.0,0.0
Mariposa County,2024-11-29,62.0,0.0,0.0
Mariposa County,2024-11-30,67.7,0.0,0.0
Mariposa County,2024-12-01,66.0,0.0,0.0
Mariposa County,2024-12-02,65.0,0.0,0.0
Mariposa County,2024-12-03,64.9,0.0,0.0
Mariposa County,2024-12-04,65.3,0.0,0.0
Mariposa County,2024-12-05,62.8,0.0,0.0
Mariposa County,2024-12-06,63.1,0.0,0.0
Mariposa County,2024-12-07,66.7,0.0,0.0
Mariposa County,2024-12-08,60.3,0.0,0.0
Mariposa County,2024-12-09,54.7,0.0,0.0
Mariposa County,2024-12-10,60.9,0.0,0.0
Mariposa County,2024-12-11,62.3,0.0,0.0
Mariposa County,2024-12-12,45.7,0.26,0.579
Mariposa County,2024-12-13,47.7,0.138,0.0
Mariposa County,2024-12-14,50.3,0.902,2.48
Mariposa County,2024-12-15,52.1,0.0,0.0
Mariposa County,2024-12-16,57.1,0.528,0.0
Mariposa County,2024-12-17,57.2,0.0,0.0
Mariposa County,2024-12-18,60.0,0.0,0.0
Mariposa County,2024-12-19,70.1,0.0,0.0
Mariposa County,2024-12-20,67.9,0.0,0.0
Mariposa County,2024-12-21,62.6,0.0,0.0
Mariposa County,2024-12-22,61.3,0.374,0.0
Mariposa County,2024-12-23,64.0,0.0,0.0
Mariposa County,2024-12-24,50.3,0.528,0.0
Mariposa County,2024-12-25,50.5,0.0,0.0
Mariposa County,2024-12-26,54.5,0.098,0.0
Mariposa County,2024-12-27,54.9,0.445,0.0
Mariposa County,2024-12-28,61.6,0.0,0.0
Mariposa County,2024-12-29,47.2,0.74,0.0
Mariposa County,2024-12-30,55.0,0.0,0.0
Mariposa County,2024-12-31,55.4,0.0,0.0
Mariposa County,2025-01-01,59.2,0.0,0.0
Mariposa County,2025-01-02,63.3,0.0,0.0
Mariposa County,2025-01-03,60.5,0.083,0.0
Mariposa County,2025-01-04,51.0,0.0,0.0
Mariposa County,2025-01-05,53.3,0.0,0.0
Mariposa County,2025-01-06,56.8,0.0,0.0
Mariposa County,2025-01-07,59.4,0.0,0.0
Mariposa County,2025-01-08,53.9,0.0,0.0
Mariposa County,2025-01-09,59.4,0.0,0.0
Mariposa County,2025-01-10,59.9,0.0,0.0
Mariposa County,2025-01-11,56.5,0.0,0.0
Mariposa County,2025-01-12,49.3,0.0,0.0
Mariposa County,2025-01-13,49.3,0.0,0.0
Mariposa County,2025-01-14,53.9,0.0,0.0
Mariposa County,2025-01-15,58.5,0.0,0.0
Mariposa County,2025-01-16,57.8,0.0,0.0
Mariposa County,2025-01-17,54.1,0.0,0.0
Mariposa County,2025-01-18,51.4,0.0,0.0
Mariposa County,2025-01-19,53.8,0.0,0.0
Mariposa County,2025-01-20,53.2,0.0,0.0
Mariposa County,2025-01-21,55.8,0.0,0.0
Mariposa County,2025-01-22,59.5,0.0,0.0
Mariposa County,2025-01-23,65.0,0.0,0.0
Mariposa County,2025-01-24,62.9,0.0,0.0
Mariposa County,2025-01-25,48.3,0.339,1.516
Mariposa County,2025-01-26,45.4,0.067,0.469
Mariposa County,2025-01-27,46.0,0.0,0.0
Mariposa County,2025-01-28,46.6,0.0,0.0
Mariposa County,2025-01-29,50.3,0.0,0.0
Mariposa County,2025-01-30,53.1,0.0,0.0
Mariposa County,2025-01-31,50.4,0.209,0.0
Mariposa County,2025-02-01,49.5,0.783,0.0
Mariposa County,2025-02-02,61.4,0.0,0.0
Mariposa County,2025-02-03,59.6,0.0,0.0
Mariposa County,2025-02-04,51.6,1.299,0.0
Mariposa County,2025-02-05,53.8,0.764,0.0
Mariposa County,2025-02-06,46.6,1.634,0.0
Mariposa County,2025-02-07,48.7,0.622,0.055
Mariposa County,2025-02-08,50.7,0.0,0.0
Mariposa County,2025-02-09,52.4,0.0,0.0
Mariposa County,2025-02-10,50.5,0.0,0.0
Mariposa County,2025-02-11,47.2,0.0,0.0
Mariposa County,2025-02-12,47.7,0.035,0.0
Mariposa County,2025-02-13,46.9,2.339,0.0
Mariposa County,2025-02-14,44.0,0.933,0.0
Mariposa County,2025-02-15,50.6,0.0,0.0
Mariposa County,2025-02-16,59.0,0.012,0.0
Mariposa County,2025-02-17,55.9,0.0,0.0
Mariposa County,2025-02-18,55.5,0.0,0.0
Mariposa County,2025-02-19,61.8,0.008,0.0
Mariposa County,2025-02-20,57.7,0.0,0.0
Mariposa County,2025-02-21,61.7,0.0,0.0
Mariposa County,2025-02-22,65.0,0.0,0.0
Mariposa County,2025-02-23,66.3,0.0,0.0
Mariposa County,2025-02-24,66.2,0.0,0.0
Mariposa County,2025-02-25,63.2,0.0,0.0
Mariposa County,2025-02-26,67.7,0.0,0.0
Mariposa County,2025-02-27,72.7,0.0,0.0
Mariposa County,2025-02-28,68.6,0.0,0.0
Mariposa County,2025-03-01,64.5,0.0,0.0
Mariposa County,2025-03-02,43.3,0.547,1.406
Mariposa County,2025-03-03,45.9,0.039,0.055
Mariposa County,2025-03-04,51.5,0.0,0.0
Mariposa County,2025-03-05,40.6,1.039,0.0
Mariposa County,2025-03-06,40.1,0.555,3.472
Mariposa County,2025-03-07,50.5,0.008,0.0
Mariposa County,2025-03-08,55.3,0.0,0.0
Mariposa County,2025-03-09,60.8,0.0,0.0
Mariposa County,2025-03-10,62.3,0.0,0.0
Mariposa County,2025-03-11,57.8,0.0,0.0
Mariposa County,2025-03-12,49.9,0.902,1.736
Mariposa County,2025-03-13,38.2,0.937,5.65
Mariposa County,2025-03-14,39.6,0.768,4.74
Mariposa County,2025-03-15,49.4,0.008,0.028
Mariposa County,2025-03-16,57.1,0.0,0.0
Mariposa County,2025-03-17,46.4,1.465,0.992
Mariposa County,2025-03-18,52.7,0.004,0.028
Mariposa County,2025-03-19,57.7,0.0,0.0
Mariposa County,2025-03-20,58.4,0.0,0.0
Mariposa County,2025-03-21,60.1,0.0,0.0
Mariposa County,2025-03-22,60.7,0.024,0.0
Mariposa County,2025-03-23,68.8,0.0,0.0
Mariposa County,2025-03-24,76.4,0.0,0.0
Mariposa County,2025-03-25,78.6,0.0,0.0
Mariposa County,2025-03-26,70.8,0.059,0.0
Mariposa County,2025-03-27,59.6,0.224,0.0
Mariposa County,2025-03-28,54.0,0.035,0.0
Mariposa County,2025-03-29,54.8,0.012,0.0
Mariposa County,2025-03-30,53.2,0.492,0.22
Mariposa County,2025-03-31,47.9,0.85,2.094
Mariposa County,2025-04-01,39.1,0.35,0.689
Mariposa County,2025-04-02,47.2,0.067,0.193
Mariposa County,2025-04-03,50.9,0.059,0.0
Mariposa County,2025-04-04,57.7,0.0,0.0
Mariposa County,2025-04-05,63.0,0.0,0.0
Mariposa County,2025-04-06,68.2,0.0,0.0
Mariposa County,2025-04-07,65.5,0.0,0.0
Mariposa County,2025-04-08,68.5,0.0,0.0
Mariposa County,2025-04-09,73.0,0.0,0.0
Mariposa County,2025-04-10,75.0,0.0,0.0
Mariposa County,2025-04-11,73.0,0.0,0.0
Mariposa County,2025-04-12,68.5,0.0,0.0
Mariposa County,2025-04-13,68.5,0.0,0.0
Mariposa County,2025-04-14,76.5,0.0,0.0
Mariposa County,2025-04-15,70.6,0.0,0.0
Mariposa County,2025-04-16,60.9,0.0,0.0
Mariposa County,2025-04-17,55.9,0.035,0.0
Mariposa County,2025-04-18,60.4,0.0,0.0
Mariposa County,2025-04-19,65.4,0.0,0.0
Mariposa County,2025-04-20,67.7,0.0,0.0
Mariposa County,2025-04-21,70.6,0.0,0.0
Mariposa County,2025-04-22,71.1,0.0,0.0
Mariposa County,2025-04-23,65.3,0.0,0.0
Mariposa County,2025-04-24,62.8,0.0,0.0
Mariposa County,2025-04-25,52.9,0.126,0.0
Mariposa County,2025-04-26,49.7,0.5,0.165
Mariposa County,2025-04-27,50.5,0.067,0.0
Mariposa County,2025-04-28,63.4,0.0,0.0
Mariposa County,2025-04-29,68.7,0.0,0.0
Mariposa County,2025-04-30,71.5,0.047,0.0
Mariposa County,2025-05-01,72.4,0.0,0.0
Mariposa County,2025-05-02,74.2,0.0,0.0
Mariposa County,2025-05-03,63.3,0.11,0.0
Mariposa County,2025-05-04,59.8,0.197,0.0
Mariposa County,2025-05-05,69.6,0.0,0.0
Mariposa County,2025-05-06,70.1,0.0,0.0
Mariposa County,2025-05-07,72.5,0.0,0.0
Mariposa County,2025-05-08,77.3,0.0,0.0
Mariposa County,2025-05-09,82.8,0.0,0.0
Mariposa County,2025-05-10,84.8,0.0,0.0
Mariposa County,2025-05-11,75.2,0.0,0.0
Mariposa County,2025-05-12,60.6,0.075,0.0
Mariposa County,2025-05-13,55.9,0.102,0.0
Mariposa County,2025-05-14,64.7,0.0,0.0
Mariposa County,2025-05-15,70.4,0.0,0.0
Mariposa County,2025-05-16,73.3,0.0,0.0
Mariposa County,2025-05-17,62.2,0.031,0.0
Mariposa County,2025-05-18,68.5,0.0,0.0
Mariposa County,2025-05-19,74.4,0.0,0.0
Mariposa County,2025-05-20,76.3,0.0,0.0
Mariposa County,2025-05-21,78.6,0.0,0.0
Mariposa County,2025-05-22,76.8,0.0,0.0
Mariposa County,2025-05-23,71.0,0.0,0.0
Mariposa County,2025-05-24,73.2,0.0,0.0
Mariposa County,2025-05-25,75.7,0.0,0.0
Mariposa County,2025-05-26,71.3,0.0,0.0
Mariposa County,2025-05-27,77.0,0.0,0.0
Mariposa County,2025-05-28,80.1,0.0,0.0
Mariposa County,2025-05-29,81.0,0.0,0.0
Mariposa County,2025-05-30,88.6,0.0,0.0
Mariposa County,2025-05-31,91.4,0.008,0.0
Mariposa County,2025-06-01,86.0,0.0,0.0
Mariposa County,2025-06-02,80.8,0.0,0.0
Mariposa County,2025-06-03,79.7,0.0,0.0
Mariposa County,2025-06-04,80.7,0.0,0.0
Mariposa County,2025-06-05,80.0,0.0,0.0
Mariposa County,2025-06-06,82.9,0.0,0.0
Mariposa County,2025-06-07,87.6,0.004,0.0
Mariposa County,2025-06-08,85.7,0.0,0.0
Mariposa County,2025-06-09,87.8,0.0,0.0
Mariposa County,2025-06-10,88.3,0.0,0.0
Mariposa County,2025-06-11,83.8,0.0,0.0
Mariposa County,2025-06-12,82.6,0.0,0.0
Mariposa County,2025-06-13,81.6,0.0,0.0
Mariposa County,2025-06-14,82.5,0.0,0.0
Mariposa County,2025-06-15,85.9,0.0,0.0
Mariposa County,2025-06-16,83.8,0.0,0.0
Mariposa County,2025-06-17,84.1,0.0,0.0
Mariposa County,2025-06-18,89.7,0.0,0.0
Mariposa County,2025-06-19,87.3,0.0,0.0
Mariposa County,2025-06-20,75.6,0.0,0.0
Mariposa County,2025-06-21,69.3,0.0,0.0
Mariposa County,2025-06-22,73.6,0.0,0.0
Mariposa County,2025-06-23,78.5,0.0,0.0
Mariposa County,2025-06-24,81.0,0.0,0.0
Mariposa County,2025-06-25,85.6,0.0,0.0
Mariposa County,2025-06-26,86.0,0.0,0.0
Mariposa County,2025-06-27,87.1,0.0,0.0
Mariposa County,2025-06-28,89.2,0.0,0.0
Mariposa County,2025-06-29,88.9,0.0,0.0
Mariposa County,2025-06-30,90.1,0.0,0.0
Mariposa County,2025-07-01,88.3,0.0,0.0
Mariposa County,2025-07-02,88.3,0.0,0.0
Mariposa County,2025-07-03,88.3,0.0,0.0
Mariposa County,2025-07-04,81.2,0.0,0.0
Mariposa County,2025-07-05,82.2,0.0,0.0
Mariposa County,2025-07-06,86.1,0.0,0.0
Mariposa County,2025-07-07,88.3,0.0,0.0
Mariposa County,2025-07-08,86.2,0.0,0.0
Mariposa County,2025-07-09,87.0,0.0,0.0
Mariposa County,2025-07-10,89.9,0.0,0.0
Mariposa County,2025-07-11,92.8,0.0,0.0
Mariposa County,2025-07-12,93.6,0.0,0.0
Mariposa County,2025-07-13,93.0,0.0,0.0
Mariposa County,2025-07-14,94.5,0.0,0.0
Mariposa County,2025-07-15,91.2,0.0,0.0
Mariposa County,2025-07-16,87.1,0.0,0.0
Mariposa County,2025-07-17,87.0,0.0,0.0
Mariposa County,2025-07-18,87.9,0.0,0.0
Mariposa County,2025-07-19,89.2,0.0,0.0
Mariposa County,2025-07-20,88.5,0.0,0.0
Mariposa County,2025-07-21,83.0,0.0,0.0
Mariposa County,2025-07-22,79.7,0.0,0.0
Mariposa County,2025-07-23,79.5,0.0,0.0
Mariposa County,2025-07-24,80.6,0.0,0.0
Mariposa County,2025-07-25,79.8,0.0,0.0
Mariposa County,2025-07-26,79.4,0.0,0.0
Mariposa County,2025-07-27,81.8,0.0,0.0
Mariposa County,2025-07-28,85.1,0.0,0.0
Mariposa County,2025-07-29,86.1,0.0,0.0
Mariposa County,2025-07-30,85.8,0.0,0.0
Mariposa County,2025-07-31,87.1,0.0,0.0
Mariposa County,2025-08-01,88.0,0.0,0.0
Mariposa County,2025-08-02,87.2,0.0,0.0
Mariposa County,2025-08-03,87.2,0.0,0.0
Mariposa County,2025-08-04,83.2,0.0,0.0
Mariposa County,2025-08-05,84.4,0.0,0.0
Mariposa County,2025-08-06,88.3,0.0,0.0
Mariposa County,2025-08-07,89.6,0.0,0.0
Mariposa County,2025-08-08,92.9,0.0,0.0
Mariposa County,2025-08-09,93.8,0.0,0.0
Mariposa County,2025-08-10,94.5,0.0,0.0
Mariposa County,2025-08-11,94.7,0.0,0.0
Mariposa County,2025-08-12,92.8,0.0,0.0
Mariposa County,2025-08-13,90.4,0.0,0.0
Mariposa County,2025-08-14,86.5,0.0,0.0
Mariposa County,2025-08-15,86.4,0.0,0.0
Mariposa County,2025-08-16,82.7,0.0,0.0
Mariposa County,2025-08-17,81.5,0.0,0.0
Mariposa County,2025-08-18,82.9,0.0,0.0
Mariposa County,2025-08-19,86.1,0.0,0.0
Mariposa County,2025-08-20,88.8,0.0,0.0
Mariposa County,2025-08-21,93.4,0.0,0.0
Mariposa County,2025-08-22,96.4,0.0,0.0
Mariposa County,2025-08-23,96.4,0.0,0.0
Mariposa County,2025-08-24,92.0,0.004,0.0
Mariposa County,2025-08-25,92.6,0.0,0.0
Mariposa County,2025-08-26,87.4,0.031,0.0
Mariposa County,2025-08-27,87.4,0.0,0.0
Mariposa County,2025-08-28,88.8,0.0,0.0
Mariposa County,2025-08-29,88.7,0.0,0.0
Mariposa County,2025-08-30,91.9,0.0,0.0
Mariposa County,2025-08-31,93.2,0.0,0.0
Mariposa County,2025-09-01,95.5,0.0,0.0
Mariposa County,2025-09-02,95.6,0.079,0.0
Mariposa County,2025-09-03,89.3,0.0,0.0
Mariposa County,2025-09-04,89.2,0.0,0.0
Mariposa County,2025-09-05,87.1,0.0,0.0
Mariposa County,2025-09-06,83.8,0.0,0.0
Mariposa County,2025-09-07,81.4,0.0,0.0
Mariposa County,2025-09-08,80.4,0.0,0.0
Mariposa County,2025-09-09,73.3,0.13,0.0
Mariposa County,2025-09-10,69.0,0.118,0.0
Mariposa County,2025-09-11,71.6,0.031,0.0
Mariposa County,2025-09-12,74.9,0.004,0.0
Mariposa County,2025-09-13,80.5,0.0,0.0
Mariposa County,2025-09-14,81.1,0.0,0.0
Mariposa County,2025-09-15,84.7,0.0,0.0
Mariposa County,2025-09-16,87.8,0.0,0.0
Mariposa County,2025-09-17,90.2,0.0,0.0
Mariposa County,2025-09-18,77.5,0.126,0.0
Mariposa County,2025-09-19,74.5,0.197,0.0
Mariposa County,2025-09-20,78.3,0.055,0.0
Mariposa County,2025-09-21,80.9,0.0,0.0
Mariposa County,2025-09-22,82.7,0.0,0.0
Mariposa County,2025-09-23,89.5,0.0,0.0
Mariposa County,2025-09-24,79.8,0.024,0.0
Mariposa County,2025-09-25,75.6,0.035,0.0
Mariposa County,2025-09-26,78.8,0.0,0.0
Mariposa County,2025-09-27,81.4,0.0,0.0
Mariposa County,2025-09-28,76.6,0.0,0.0
Mariposa County,2025-09-29,73.0,0.114,0.0
Mariposa County,2025-09-30,67.4,0.118,0.0
Mariposa County,2025-10-01,72.8,0.0,0.0
Mariposa County,2025-10-02,69.9,0.661,0.0
Mariposa County,2025-10-03,59.8,0.264,0.0
Mariposa County,2025-10-04,65.2,0.0,0.0
Mariposa County,2025-10-05,71.3,0.0,0.0
Mariposa County,2025-10-06,75.7,0.0,0.0
Mariposa County,2025-10-07,78.8,0.0,0.0
Mariposa County,2025-10-08,74.4,0.0,0.0
Mariposa County,2025-10-09,68.2,0.0,0.0
Mariposa County,2025-10-10,70.2,0.0,0.0
Mariposa County,2025-10-11,63.9,0.004,0.0
Mariposa County,2025-10-12,65.3,0.0,0.0
Mariposa County,2025-10-13,54.4,0.102,0.0
Mariposa County,2025-10-14,46.6,1.252,0.0
Mariposa County,2025-10-15,56.4,0.012,0.0
Mariposa County,2025-10-16,59.0,0.0,0.0
Mariposa County,2025-10-17,66.5,0.0,0.0
Mariposa County,2025-10-18,71.9,0.0,0.0
Mariposa County,2025-10-19,72.7,0.0,0.0
Mariposa County,2025-10-20,72.9,0.0,0.0
Mariposa County,2025-10-21,77.7,0.0,0.0
Mariposa County,2025-10-22,61.3,0.024,0.0
Mariposa County,2025-10-23,64.9,0.0,0.0
Mariposa County,2025-10-24,70.0,0.0,0.0
Mariposa County,2025-10-25,63.5,0.0,0.0
Mariposa County,2025-10-26,62.9,0.0,0.0
Mariposa County,2025-10-27,64.3,0.0,0.0
Mariposa County,2025-10-28,76.0,0.0,0.0
Mariposa County,2025-10-29,79.3,0.0,0.0
Mariposa County,2025-10-30,76.7,0.0,0.0
Mariposa County,2025-10-31,73.6,0.0,0.0
Mariposa County,2025-11-01,74.2,0.0,0.0
Mariposa County,2025-11-02,73.9,0.0,0.0
Mariposa County,2025-11-03,72.7,0.0,0.0
Mariposa County,2025-11-04,71.6,0.0,0.0
Mariposa County,2025-11-05,62.1,0.437,0.0
Mariposa County,2025-11-06,63.7,0.0,0.0
Mariposa County,2025-11-07,66.3,0.0,0.0
Mariposa County,2025-11-08,74.1,0.0,0.0
Mariposa County,2025-11-09,79.4,0.0,0.0
Mariposa County,2025-11-10,79.5,0.0,0.0
Mariposa County,2025-11-11,76.3,0.0,0.0
Mariposa County,2025-11-12,70.8,0.051,0.0
Mariposa County,2025-11-13,58.8,1.031,0.0
Mariposa County,2025-11-14,53.0,2.307,0.0
Mariposa County,2025-11-15,64.5,0.406,0.0
Mariposa County,2025-11-16,47.8,0.839,0.0
Mariposa County,2025-11-17,46.7,1.173,0.0
Mariposa County,2025-11-18,50.1,0.012,0.0
Mariposa County,2025-11-19,51.2,0.0,0.0
Mariposa County,2025-11-20,44.5,0.244,0.0
Mariposa County,2025-11-21,54.0,0.122,0.248
Mariposa County,2025-11-22,57.0,0.0,0.0
Mariposa County,2025-11-23,58.5,0.0,0.0
Mariposa County,2025-11-24,59.4,0.0,0.0
Mariposa County,2025-11-25,59.6,0.0,0.0
Mariposa County,2025-11-26,65.8,0.0,0.0
Mariposa County,2025-11-27,68.5,0.0,0.0
Mariposa County,2025-11-28,63.6,0.0,0.0
Mariposa County,2025-11-29,61.9,0.0,0.0
Mariposa County,2025-11-30,58.0,0.0,0.0
Mariposa County,2025-12-01,60.0,0.0,0.0
Mariposa County,2025-12-02,58.7,0.02,0.0
Mariposa County,2025-12-03,55.2,0.0,0.0
Mariposa County,2025-12-04,54.5,0.0,0.0
Mariposa County,2025-12-05,54.3,0.0,0.0
Mariposa County,2025-12-06,58.6,0.0,0.0
Mariposa County,2025-12-07,61.9,0.0,0.0
Mariposa County,2025-12-08,60.8,0.0,0.0
Mariposa County,2025-12-09,64.0,0.0,0.0
Mariposa County,2025-12-10,72.3,0.0,0.0
Mariposa County,2025-12-11,73.9,0.0,0.0
Mariposa County,2025-12-12,74.2,0.0,0.0
Mariposa County,2025-12-13,72.1,0.0,0.0
Mariposa County,2025-12-14,69.2,0.0,0.0
Mariposa County,2025-12-15,66.3,0.0,0.0
Mariposa County,2025-12-16,65.2,0.0,0.0
Mariposa County,2025-12-17,64.6,0.0,0.0
Mariposa County,2025-12-18,64.1,0.0,0.0
Mariposa County,2025-12-19,60.6,0.138,0.0
Mariposa County,2025-12-20,63.1,0.193,0.0
Mariposa County,2025-12-21,59.3,0.071,0.0
Mariposa County,2025-12-22,61.9,0.106,0.0
Mariposa County,2025-12-23,62.2,0.343,0.0
Mariposa County,2025-12-24,50.6,1.776,0.0
Mariposa County,2025-12-25,45.9,1.504,0.661
Mariposa County,2025-12-26,47.4,0.559,0.0
Mariposa County,2025-12-27,48.7,0.031,0.0
Mariposa County,2025-12-28,49.7,0.0,0.0
Mariposa County,2025-12-29,57.8,0.0,0.0
Mariposa County,2025-12-30,59.9,0.008,0.0
Mariposa County,2025-12-31,53.4,0.256,0.0
Mariposa County,2026-01-01,52.2,1.22,0.0
Mariposa County,2026-01-02,55.9,0.055,0.0
Mariposa County,2026-01-03,55.0,2.063,0.0
Mariposa County,2026-01-04,44.9,1.201,0.028
Mariposa County,2026-01-05,50.5,0.008,0.0
Mariposa County,2026-01-06,55.5,0.0,0.0
Mariposa County,2026-01-07,51.4,0.0,0.0
Mariposa County,2026-01-08,46.4,0.185,0.661
Mariposa County,2026-01-09,49.8,0.0,0.0
Mariposa County,2026-01-10,59.2,0.0,0.0
Mariposa County,2026-01-11,60.5,0.0,0.0
Mariposa County,2026-01-12,63.2,0.0,0.0
Mariposa County,2026-01-13,66.3,0.0,0.0
Mariposa County,2026-01-14,69.6,0.0,0.0
Mariposa County,2026-01-15,72.7,0.0,0.0
Mariposa County,2026-01-16,67.8,0.0,0.0
Mariposa County,2026-01-17,70.7,0.0,0.0
Mariposa County,2026-01-18,69.6,0.0,0.0
Mariposa County,2026-01-19,63.2,0.0,0.0
Mariposa County,2026-01-20,67.3,0.0,0.0
Mariposa County,2026-01-21,63.1,0.0,0.0
Mariposa County,2026-01-22,58.2,0.055,0.0
Mariposa County,2026-01-23,57.7,0.0,0.0
Mariposa County,2026-01-24,54.7,0.0,0.0
Mariposa County,2026-01-25,55.1,0.0,0.0
Mariposa County,2026-01-26,59.1,0.0,0.0
Mariposa County,2026-01-27,58.5,0.0,0.0
Mariposa County,2026-01-28,60.5,0.0,0.0
Mariposa County,2026-01-29,61.3,0.0,0.0
Mariposa County,2026-01-30,69.3,0.0,0.0
Mariposa County,2026-01-31,70.4,0.0,0.0
Mariposa County,2026-02-01,67.7,0.0,0.0
Mariposa County,2026-02-02,61.6,0.0,0.0
Mariposa County,2026-02-03,70.5,0.0,0.0
Mariposa County,2026-02-04,71.1,0.0,0.0
Mariposa County,2026-02-05,71.3,0.0,0.0
Mariposa County,2026-02-06,64.2,0.0,0.0
Mariposa County,2026-02-07,64.0,0.0,0.0
Mariposa County,2026-02-08,64.5,0.0,0.0
Mariposa County,2026-02-09,59.0,0.0,0.0
Mariposa County,2026-02-10,60.1,0.378,0.0
Mariposa County,2026-02-11,48.5,0.752,1.075
Mariposa County,2026-02-12,55.0,0.039,0.0
Mariposa County,2026-02-13,57.7,0.0,0.0
Mariposa County,2026-02-14,56.7,0.0,0.0
Mariposa County,2026-02-15,54.8,0.0,0.0
Mariposa County,2026-02-16,44.7,1.807,3.059
Mariposa County,2026-02-17,36.2,1.697,6.917
Mariposa County,2026-02-18,37.0,0.37,2.563
Mariposa County,2026-02-19,35.3,0.839,5.787
Mariposa County,2026-02-20,42.8,0.012,0.028
Mariposa County,2026-02-21,50.5,0.0,0.0
Mariposa County,2026-02-22,57.9,0.0,0.0
Mariposa County,2026-02-23,64.0,0.0,0.0
Mariposa County,2026-02-24,65.5,0.031,0.0
Mariposa County,2026-02-25,65.5,0.075,0.0
Mariposa County,2026-02-26,70.1,0.0,0.0
Mariposa County,2026-02-27,70.9,0.0,0.0
Mariposa County,2026-02-28,72.8,0.0,0.0
Mariposa County,2026-03-01,62.5,0.087,0.0
Mariposa County,2026-03-02,59.1,0.228,0.0
Mariposa County,2026-03-03,63.5,0.0,0.0
Mariposa County,2026-03-04,60.0,0.0,0.0
Mariposa County,2026-03-05,56.6,0.0,0.0
Mariposa County,2026-03-06,56.1,0.0,0.0
Mariposa County,2026-03-07,62.2,0.0,0.0
Mariposa County,2026-03-08,67.9,0.0,0.0
Mariposa County,2026-03-09,68.1,0.0,0.0
Mariposa County,2026-03-10,65.1,0.0,0.0
Mariposa County,2026-03-11,68.1,0.0,0.0
Mariposa County,2026-03-12,71.0,0.0,0.0
Mariposa County,2026-03-13,71.2,0.0,0.0
Mariposa County,2026-03-14,70.8,0.0,0.0
Mariposa County,2026-03-15,70.1,0.0,0.0
Mariposa County,2026-03-16,77.6,0.0,0.0
Mariposa County,2026-03-17,81.9,0.0,0.0
Mariposa County,2026-03-18,83.1,0.0,0.0
Mariposa County,2026-03-19,84.2,0.0,0.0
Mariposa County,2026-03-20,84.6,0.0,0.0
Mariposa County,2026-03-21,78.5,0.0,0.0
Mariposa County,2026-03-22,76.3,0.0,0.0
Mariposa County,2026-03-23,79.4,0.0,0.0
Mariposa County,2026-03-24,76.6,0.0,0.0
Mariposa County,2026-03-25,74.2,0.0,0.0
Mariposa County,2026-03-26,75.3,0.0,0.0
Mariposa County,2026-03-27,77.5,0.0,0.0
Mariposa County,2026-03-28,73.5,0.0,0.0
Mariposa County,2026-03-29,74.3,0.0,0.0
Mariposa County,2026-03-30,73.0,0.0,0.0
Mariposa County,2026-03-31,60.2,0.22,0.0
Mariposa County,2026-04-01,55.8,0.087,0.0
Mariposa County,2026-04-02,57.9,0.031,0.0
Mariposa County,2026-04-03,64.7,0.0,0.0
Mariposa County,2026-04-04,71.0,0.0,0.0
Mariposa County,2026-04-05,73.9,0.0,0.0
Mariposa County,2026-04-06,74.1,0.0,0.0
Mariposa County,2026-04-07,71.5,0.0,0.0
Mariposa County,2026-04-08,71.4,0.0,0.0
Mariposa County,2026-04-09,67.7,0.185,0.0
Mariposa County,2026-04-10,58.8,0.776,0.0
Mariposa County,2026-04-11,55.7,0.701,0.0
Mariposa County,2026-04-12,49.6,0.791,0.055
Mariposa County,2026-04-13,54.1,0.11,0.0
Mariposa County,2026-04-14,61.1,0.0,0.0
Mariposa County,2026-04-15,62.0,0.0,0.0
Mariposa County,2026-04-16,61.2,0.02,0.0
Mariposa County,2026-04-17,62.8,0.0,0.0
Mariposa County,2026-04-18,67.2,0.0,0.0
Mariposa County,2026-04-19,69.4,0.0,0.0
Mariposa County,2026-04-20,68.1,0.0,0.0
Mariposa County,2026-04-21,52.7,1.059,0.413
Mariposa County,2026-04-22,56.8,0.102,0.11
Mariposa County,2026-04-23,61.9,0.0,0.0
Mariposa County,2026-04-24,62.0,0.0,0.0
Mariposa County,2026-04-25,55.9,0.673,0.0
Mariposa County,2026-04-26,49.0,0.402,0.0
Mariposa County,2026-04-27,53.4,0.063,0.0
Mariposa County,2026-04-28,62.8,0.012,0.0
Mariposa County,2026-04-29,66.7,0.0,0.0
Mariposa County,2026-04-30,70.0,0.012,0.0
Mariposa County,2026-05-01,74.5,0.0,0.0
Mariposa County,2026-05-02,73.5,0.02,0.0
Mariposa County,2026-05-03,63.8,0.122,0.0
Mariposa County,2026-05-04,49.5,0.382,0.0
Mariposa County,2026-05-05,54.8,0.091,0.0
Mariposa County,2026-05-06,67.1,0.0,0.0
Mariposa County,2026-05-07,75.4,0.0,0.0
Mariposa County,2026-05-08,76.7,0.0,0.0
Mariposa County,2026-05-09,77.2,0.0,0.0
Mariposa County,2026-05-10,82.6,0.0,0.0
Mariposa County,2026-05-11,84.6,0.0,0.0
Mariposa County,2026-05-12,87.8,0.0,0.0
Mariposa County,2026-05-13,72.6,0.0,0.0
Mariposa County,2026-05-14,75.6,0.0,0.0
Mariposa County,2026-05-15,77.4,0.0,0.0
Mariposa County,2026-05-16,70.1,0.0,0.0
Mariposa County,2026-05-17,65.7,0.0,0.0
Mariposa County,2026-05-18,68.2,0.0,0.0
Mariposa County,2026-05-19,73.9,0.0,0.0
Mariposa County,2026-05-20,75.8,0.0,0.0
Mariposa County,2026-05-21,80.0,0.0,0.0
Mariposa County,2026-05-22,80.7,0.0,0.0
Mariposa County,2026-05-23,79.8,0.0,0.0
Mariposa County,2026-05-24,76.3,0.0,0.0
Mariposa County,2026-05-25,73.8,0.0,0.0
Mariposa County,2026-05-26,57.2,0.087,0.0
Mariposa County,2026-05-27,58.3,0.083,0.0
Mariposa County,2026-05-28,53.5,0.374,0.0
Mariposa County,2026-05-29,59.3,0.047,0.0
Mariposa County,2026-05-30,70.3,0.0,0.0
Mariposa County,2026-05-31,77.2,0.0,0.0
Mariposa County,2026-06-01,82.0,0.0,0.0
Mariposa County,2026-06-02,82.9,0.0,0.0
Mariposa County,2026-06-03,85.1,0.0,0.0
Mariposa County,2026-06-04,86.2,0.0,0.0
Mariposa County,2026-06-05,86.5,0.0,0.0
Mariposa County,2026-06-06,81.5,0.0,0.0
Mariposa County,2026-06-07,77.7,0.0,0.0
Mariposa County,2026-06-08,75.8,0.0,0.0
Mariposa County,2026-06-09,77.6,0.0,0.0
Mariposa County,2026-06-10,87.2,0.0,0.0
Mariposa County,2026-06-11,90.9,0.0,0.0
Mariposa County,2026-06-12,91.7,0.0,0.0
Mariposa County,2026-06-13,91.2,0.0,0.0
Mariposa County,2026-06-14,89.9,0.0,0.0
Mariposa County,2026-06-15,89.7,0.0,0.0
Mariposa County,2026-06-16,90.5,0.0,0.0
Mariposa County,2026-06-17,87.3,0.0,0.0
Mariposa County,2026-06-18,84.8,0.0,0.0
Mariposa County,2026-06-19,78.9,0.0,0.0
Mariposa County,2026-06-20,79.3,0.0,0.0
Mariposa County,2026-06-21,81.8,0.0,0.0
Mariposa County,2026-06-22,86.5,0.0,0.0
Mariposa County,2026-06-23,88.7,0.0,0.0
Mariposa County,2026-06-24,87.8,0.0,0.0
Mariposa County,2026-06-25,85.3,0.0,0.0
Mariposa County,2026-06-26,77.0,0.012,0.0
Mariposa County,2026-06-27,73.0,0.0,0.0
Mariposa County,2026-06-28,75.1,0.0,0.0
Mariposa County,2026-06-29,78.0,0.0,0.0
Mariposa County,2026-06-30,82.0,0.0,0.0
Mariposa County,2026-07-01,80.8,0.0,0.0
Mariposa County,2026-07-02,81.5,0.0,0.0
Mariposa County,2026-07-03,84.9,0.0,0.0
Mariposa County,2026-07-04,87.5,0.0,0.0
Mariposa County,2026-07-05,84.5,0.067,0.0
Mariposa County,2026-07-06,85.8,0.0,0.0
Mariposa County,2026-07-07,86.0,0.0,0.0
Mariposa County,2026-07-08,86.7,0.0,0.0
Mariposa County,2026-07-09,90.5,0.0,0.0
Mariposa County,2026-07-10,93.0,0.0,0.0
Mariposa County,2026-07-11,93.1,0.0,0.0
Mariposa County,2026-07-12,93.2,0.0,0.0
Mariposa County,2026-07-13,89.2,0.012,0.0
Mariposa County,2026-07-14,91.9,0.008,0.0
Mariposa County,2026-07-15,94.0,0.0,0.0
Mariposa County,2026-07-16,92.1,0.0,0.0
Mariposa County,2026-07-17,91.3,0.0,0.0
Mariposa County,2026-07-18,89.2,0.0,0.0
Mariposa County,2026-07-19,90.5,0.0,0.0
Mariposa County,2026-07-20,91.3,0.0,0.0
Mariposa County,2026-07-21,91.0,0.008,0.0
Mariposa County,2026-07-22,86.5,0.0,0.0
Mariposa County,2026-07-23,89.5,0.0,0.0
Mariposa County,2026-07-24,92.2,0.0,0.0
Mariposa County,2026-07-25,92.1,0.0,0.0
Mariposa County,2026-07-26,90.8,0.0,0.0
Mariposa County,2026-07-27,89.2,0.0,0.0
Mariposa County,2026-07-28,88.5,0.0,0.0
Mariposa County,2026-07-29,90.7,0.0,0.0
Inyo County,2023-07-30,93.7,0.0,0.0
Inyo County,2023-07-31,88.8,0.0,0.0
Inyo County,2023-08-01,86.3,0.004,0.0
Inyo County,2023-08-02,86.0,0.0,0.0
Inyo County,2023-08-03,84.4,0.0,0.0
Inyo County,2023-08-04,87.2,0.0,0.0
Inyo County,2023-08-05,89.1,0.0,0.0
Inyo County,2023-08-06,90.4,0.0,0.0
Inyo County,2023-08-07,87.3,0.0,0.0
Inyo County,2023-08-08,86.1,0.0,0.0
Inyo County,2023-08-09,84.1,0.0,0.0
Inyo County,2023-08-10,80.0,0.0,0.0
Inyo County,2023-08-11,82.3,0.0,0.0
Inyo County,2023-08-12,85.2,0.0,0.0
Inyo County,2023-08-13,86.7,0.0,0.0
Inyo County,2023-08-14,87.9,0.0,0.0
Inyo County,2023-08-15,88.5,0.016,0.0
Inyo County,2023-08-16,91.1,0.0,0.0
Inyo County,2023-08-17,87.8,0.0,0.0
Inyo County,2023-08-18,86.2,0.0,0.0
Inyo County,2023-08-19,76.2,0.228,0.0
Inyo County,2023-08-20,61.0,3.484,0.0
Inyo County,2023-08-21,65.0,1.012,0.0
Inyo County,2023-08-22,70.2,0.004,0.0
Inyo County,2023-08-23,79.4,0.0,0.0
Inyo County,2023-08-24,78.1,0.0,0.0
Inyo County,2023-08-25,78.7,0.0,0.0
Inyo County,2023-08-26,80.1,0.0,0.0
Inyo County,2023-08-27,81.7,0.0,0.0
Inyo County,2023-08-28,84.4,0.0,0.0
Inyo County,2023-08-29,86.7,0.0,0.0
Inyo County,2023-08-30,87.6,0.0,0.0
Inyo County,2023-08-31,88.0,0.0,0.0
Inyo County,2023-09-01,77.5,0.0,0.0
Inyo County,2023-09-02,68.2,0.087,0.0
Inyo County,2023-09-03,71.5,0.0,0.0
Inyo County,2023-09-04,71.5,0.0,0.0
Inyo County,2023-09-05,75.2,0.0,0.0
Inyo County,2023-09-06,78.3,0.0,0.0
Inyo County,2023-09-07,79.9,0.0,0.0
Inyo County,2023-09-08,82.2,0.0,0.0
Inyo County,2023-09-09,85.5,0.0,0.0
Inyo County,2023-09-10,77.2,0.02,0.0
Inyo County,2023-09-11,79.2,0.0,0.0
Inyo County,2023-09-12,79.1,0.0,0.0
Inyo County,2023-09-13,80.3,0.0,0.0
Inyo County,2023-09-14,78.2,0.0,0.0
Inyo County,2023-09-15,79.7,0.0,0.0
Inyo County,2023-09-16,80.4,0.0,0.0
Inyo County,2023-09-17,81.1,0.0,0.0
Inyo County,2023-09-18,78.2,0.0,0.0
Inyo County,2023-09-19,76.5,0.0,0.0
Inyo County,2023-09-20,76.0,0.0,0.0
Inyo County,2023-09-21,68.8,0.0,0.0
Inyo County,2023-09-22,70.0,0.0,0.0
Inyo County,2023-09-23,71.8,0.0,0.0
Inyo County,2023-09-24,74.3,0.0,0.0
Inyo County,2023-09-25,75.8,0.0,0.0
Inyo County,2023-09-26,76.5,0.0,0.0
Inyo County,2023-09-27,78.4,0.0,0.0
Inyo County,2023-09-28,76.7,0.0,0.0
Inyo County,2023-09-29,72.6,0.0,0.0
Inyo County,2023-09-30,57.7,0.169,0.0
Inyo County,2023-10-01,51.6,0.37,0.028
Inyo County,2023-10-02,57.7,0.02,0.0
Inyo County,2023-10-03,62.9,0.0,0.0
Inyo County,2023-10-04,67.3,0.0,0.0
Inyo County,2023-10-05,70.7,0.0,0.0
Inyo County,2023-10-06,73.9,0.0,0.0
Inyo County,2023-10-07,76.9,0.0,0.0
Inyo County,2023-10-08,78.8,0.0,0.0
Inyo County,2023-10-09,76.3,0.0,0.0
Inyo County,2023-10-10,71.8,0.0,0.0
Inyo County,2023-10-11,65.6,0.0,0.0
Inyo County,2023-10-12,60.3,0.0,0.0
Inyo County,2023-10-13,62.6,0.0,0.0
Inyo County,2023-10-14,67.5,0.0,0.0
Inyo County,2023-10-15,73.0,0.0,0.0
Inyo County,2023-10-16,77.1,0.0,0.0
Inyo County,2023-10-17,76.4,0.0,0.0
Inyo County,2023-10-18,78.1,0.0,0.0
Inyo County,2023-10-19,79.4,0.0,0.0
Inyo County,2023-10-20,78.7,0.0,0.0
Inyo County,2023-10-21,76.6,0.0,0.0
Inyo County,2023-10-22,68.3,0.0,0.0
Inyo County,2023-10-23,64.8,0.0,0.0
Inyo County,2023-10-24,67.3,0.0,0.0
Inyo County,2023-10-25,63.5,0.0,0.0
Inyo County,2023-10-26,59.7,0.0,0.0
Inyo County,2023-10-27,58.3,0.0,0.0
Inyo County,2023-10-28,56.5,0.0,0.0
Inyo County,2023-10-29,51.4,0.0,0.0
Inyo County,2023-10-30,57.4,0.0,0.0
Inyo County,2023-10-31,59.6,0.0,0.0
Inyo County,2023-11-01,63.3,0.0,0.0
Inyo County,2023-11-02,66.4,0.0,0.0
Inyo County,2023-11-03,68.6,0.0,0.0
Inyo County,2023-11-04,67.5,0.0,0.0
Inyo County,2023-11-05,66.2,0.0,0.0
Inyo County,2023-11-06,63.5,0.0,0.0
Inyo County,2023-11-07,53.9,0.0,0.0
Inyo County,2023-11-08,51.0,0.0,0.0
Inyo County,2023-11-09,52.0,0.0,0.0
Inyo County,2023-11-10,54.5,0.0,0.0
Inyo County,2023-11-11,59.0,0.0,0.0
Inyo County,2023-11-12,59.1,0.0,0.0
Inyo County,2023-11-13,57.0,0.0,0.0
Inyo County,2023-11-14,58.2,0.0,0.0
Inyo County,2023-11-15,56.7,0.268,0.22
Inyo County,2023-11-16,51.1,0.0,0.0
Inyo County,2023-11-17,51.8,0.0,0.0
Inyo County,2023-11-18,50.8,0.0,0.0
Inyo County,2023-11-19,49.7,0.0,0.0
Inyo County,2023-11-20,48.5,0.0,0.0
Inyo County,2023-11-21,52.8,0.0,0.0
Inyo County,2023-11-22,56.0,0.0,0.0
Inyo County,2023-11-23,52.2,0.0,0.0
Inyo County,2023-11-24,42.8,0.0,0.0
Inyo County,2023-11-25,41.1,0.0,0.0
Inyo County,2023-11-26,42.9,0.0,0.0
Inyo County,2023-11-27,47.0,0.0,0.0
Inyo County,2023-11-28,48.0,0.0,0.0
Inyo County,2023-11-29,47.0,0.0,0.0
Inyo County,2023-11-30,46.4,0.0,0.0
Inyo County,2023-12-01,47.2,0.0,0.0
Inyo County,2023-12-02,48.2,0.0,0.0
Inyo County,2023-12-03,53.8,0.0,0.0
Inyo County,2023-12-04,56.6,0.0,0.0
Inyo County,2023-12-05,59.2,0.0,0.0
Inyo County,2023-12-06,55.4,0.0,0.0
Inyo County,2023-12-07,52.1,0.0,0.0
Inyo County,2023-12-08,47.0,0.0,0.0
Inyo County,2023-12-09,42.6,0.0,0.0
Inyo County,2023-12-10,53.5,0.0,0.0
Inyo County,2023-12-11,55.8,0.0,0.0
Inyo County,2023-12-12,51.1,0.0,0.0
Inyo County,2023-12-13,46.6,0.0,0.0
Inyo County,2023-12-14,49.8,0.0,0.0
Inyo County,2023-12-15,52.9,0.0,0.0
Inyo County,2023-12-16,56.6,0.0,0.0
Inyo County,2023-12-17,58.3,0.0,0.0
Inyo County,2023-12-18,53.3,0.0,0.0
Inyo County,2023-12-19,48.9,0.004,0.0
Inyo County,2023-12-20,49.9,0.035,0.0
Inyo County,2023-12-21,49.2,0.11,0.0
Inyo County,2023-12-22,47.1,0.047,0.0
Inyo County,2023-12-23,51.1,0.0,0.0
Inyo County,2023-12-24,47.5,0.0,0.0
Inyo County,2023-12-25,50.6,0.0,0.0
Inyo County,2023-12-26,51.0,0.0,0.0
Inyo County,2023-12-27,49.4,0.0,0.0
Inyo County,2023-12-28,52.9,0.0,0.0
Inyo County,2023-12-29,51.1,0.0,0.0
Inyo County,2023-12-30,42.7,0.181,0.909
Inyo County,2023-12-31,43.4,0.0,0.0
Inyo County,2024-01-01,44.8,0.0,0.0
Inyo County,2024-01-02,46.2,0.0,0.0
Inyo County,2024-01-03,40.0,0.043,0.276
Inyo County,2024-01-04,42.1,0.0,0.0
Inyo County,2024-01-05,46.6,0.0,0.0
Inyo County,2024-01-06,40.2,0.0,0.0
Inyo County,2024-01-07,34.8,0.004,0.028
Inyo County,2024-01-08,37.3,0.0,0.0
Inyo County,2024-01-09,41.5,0.0,0.0
Inyo County,2024-01-10,40.2,0.0,0.0
Inyo County,2024-01-11,37.1,0.012,0.083
Inyo County,2024-01-12,42.2,0.0,0.0
Inyo County,2024-01-13,45.2,0.0,0.0
Inyo County,2024-01-14,51.4,0.0,0.0
Inyo County,2024-01-15,50.0,0.0,0.0
Inyo County,2024-01-16,50.2,0.0,0.0
Inyo County,2024-01-17,52.2,0.0,0.0
Inyo County,2024-01-18,53.8,0.0,0.0
Inyo County,2024-01-19,52.0,0.0,0.0
Inyo County,2024-01-20,46.6,0.146,0.606
Inyo County,2024-01-21,45.6,0.075,0.0
Inyo County,2024-01-22,39.7,0.402,0.028
Inyo County,2024-01-23,48.1,0.094,0.0
Inyo County,2024-01-24,46.6,0.0,0.0
Inyo County,2024-01-25,48.8,0.0,0.0
Inyo County,2024-01-26,47.8,0.0,0.0
Inyo County,2024-01-27,55.6,0.0,0.0
Inyo County,2024-01-28,60.0,0.0,0.0
Inyo County,2024-01-29,59.5,0.0,0.0
Inyo County,2024-01-30,56.9,0.0,0.0
Inyo County,2024-01-31,52.4,0.0,0.0
Inyo County,2024-02-01,41.7,0.378,2.287
Inyo County,2024-02-02,42.3,0.024,0.11
Inyo County,2024-02-03,39.4,0.004,0.028
Inyo County,2024-02-04,35.8,1.74,10.445
Inyo County,2024-02-05,38.3,0.909,1.295
Inyo County,2024-02-06,34.6,0.504,3.28
Inyo County,2024-02-07,33.8,0.331,2.26
Inyo County,2024-02-08,34.7,0.154,1.075
Inyo County,2024-02-09,34.4,0.016,0.11
Inyo County,2024-02-10,34.4,0.067,0.469
Inyo County,2024-02-11,39.4,0.0,0.0
Inyo County,2024-02-12,43.4,0.0,0.0
Inyo County,2024-02-13,41.9,0.0,0.0
Inyo County,2024-02-14,43.4,0.0,0.0
Inyo County,2024-02-15,48.1,0.0,0.0
Inyo County,2024-02-16,50.1,0.0,0.0
Inyo County,2024-02-17,48.9,0.047,0.0
Inyo County,2024-02-18,48.3,0.0,0.0
Inyo County,2024-02-19,45.2,0.252,0.0
Inyo County,2024-02-20,42.5,0.051,0.0
Inyo County,2024-02-21,46.3,0.012,0.0
Inyo County,2024-02-22,48.4,0.0,0.0
Inyo County,2024-02-23,49.9,0.0,0.0
Inyo County,2024-02-24,52.5,0.0,0.0
Inyo County,2024-02-25,53.9,0.0,0.0
Inyo County,2024-02-26,52.1,0.0,0.0
Inyo County,2024-02-27,50.7,0.0,0.0
Inyo County,2024-02-28,51.2,0.0,0.0
Inyo County,2024-02-29,52.4,0.0,0.0
Inyo County,2024-03-01,52.6,0.0,0.0
Inyo County,2024-03-02,46.2,0.201,0.0
Inyo County,2024-03-03,45.3,0.0,0.0
Inyo County,2024-03-04,47.7,0.0,0.0
Inyo County,2024-03-05,49.5,0.0,0.0
Inyo County,2024-03-06,48.5,0.028,0.0
Inyo County,2024-03-07,47.4,0.201,0.772
Inyo County,2024-03-08,50.2,0.0,0.0
Inyo County,2024-03-09,50.4,0.0,0.0
Inyo County,2024-03-10,49.8,0.0,0.0
Inyo County,2024-03-11,53.3,0.0,0.0
Inyo County,2024-03-12,52.9,0.0,0.0
Inyo County,2024-03-13,49.9,0.0,0.0
Inyo County,2024-03-14,46.8,0.067,0.441
Inyo County,2024-03-15,40.1,0.575,3.831
Inyo County,2024-03-16,44.9,0.756,3.858
Inyo County,2024-03-17,49.5,0.843,4.465
Inyo County,2024-03-18,54.8,0.0,0.0
Inyo County,2024-03-19,58.4,0.0,0.0
Inyo County,2024-03-20,61.9,0.0,0.0
Inyo County,2024-03-21,61.5,0.0,0.0
Inyo County,2024-03-22,57.3,0.0,0.0
Inyo County,2024-03-23,52.3,0.0,0.0
Inyo County,2024-03-24,46.1,0.004,0.028
Inyo County,2024-03-25,51.0,0.004,0.0
Inyo County,2024-03-26,54.3,0.0,0.0
Inyo County,2024-03-27,55.1,0.0,0.0
Inyo County,2024-03-28,58.6,0.0,0.0
Inyo County,2024-03-29,50.6,0.0,0.0
Inyo County,2024-03-30,36.8,0.449,3.059
Inyo County,2024-03-31,42.7,0.154,0.441
Inyo County,2024-04-01,51.1,0.02,0.055
Inyo County,2024-04-02,60.1,0.0,0.0
Inyo County,2024-04-03,59.5,0.0,0.0
Inyo County,2024-04-04,53.6,0.098,0.083
Inyo County,2024-04-05,40.2,0.091,0.634
Inyo County,2024-04-06,46.3,0.0,0.0
Inyo County,2024-04-07,49.4,0.004,0.028
Inyo County,2024-04-08,53.5,0.004,0.028
Inyo County,2024-04-09,60.8,0.0,0.0
Inyo County,2024-04-10,66.5,0.0,0.0
Inyo County,2024-04-11,70.6,0.0,0.0
Inyo County,2024-04-12,69.0,0.0,0.0
Inyo County,2024-04-13,57.3,0.004,0.0
Inyo County,2024-04-14,45.2,0.024,0.055
Inyo County,2024-04-15,61.7,0.0,0.0
Inyo County,2024-04-16,67.6,0.0,0.0
Inyo County,2024-04-17,72.7,0.0,0.0
Inyo County,2024-04-18,71.5,0.0,0.0
Inyo County,2024-04-19,72.4,0.0,0.0
Inyo County,2024-04-20,76.1,0.0,0.0
Inyo County,2024-04-21,78.1,0.0,0.0
Inyo County,2024-04-22,76.5,0.0,0.0
Inyo County,2024-04-23,70.0,0.0,0.0
Inyo County,2024-04-24,66.5,0.008,0.0
Inyo County,2024-04-25,64.7,0.008,0.0
Inyo County,2024-04-26,57.1,0.031,0.0
Inyo County,2024-04-27,63.0,0.0,0.0
Inyo County,2024-04-28,67.4,0.0,0.0
Inyo County,2024-04-29,69.4,0.0,0.0
Inyo County,2024-04-30,71.7,0.0,0.0
Inyo County,2024-05-01,68.3,0.0,0.0
Inyo County,2024-05-02,70.9,0.0,0.0
Inyo County,2024-05-03,71.8,0.0,0.0
Inyo County,2024-05-04,68.0,0.0,0.0
Inyo County,2024-05-05,53.4,0.157,0.717
Inyo County,2024-05-06,62.1,0.0,0.0
Inyo County,2024-05-07,68.6,0.0,0.0
Inyo County,2024-05-08,59.3,0.0,0.0
Inyo County,2024-05-09,65.8,0.0,0.0
Inyo County,2024-05-10,65.2,0.004,0.0
Inyo County,2024-05-11,71.5,0.0,0.0
Inyo County,2024-05-12,78.1,0.0,0.0
Inyo County,2024-05-13,77.8,0.0,0.0
Inyo County,2024-05-14,79.7,0.0,0.0
Inyo County,2024-05-15,79.7,0.0,0.0
Inyo County,2024-05-16,82.2,0.0,0.0
Inyo County,2024-05-17,82.6,0.0,0.0
Inyo County,2024-05-18,78.8,0.028,0.0
Inyo County,2024-05-19,78.2,0.0,0.0
Inyo County,2024-05-20,72.7,0.0,0.0
Inyo County,2024-05-21,68.4,0.0,0.0
Inyo County,2024-05-22,75.3,0.0,0.0
Inyo County,2024-05-23,73.5,0.0,0.0
Inyo County,2024-05-24,71.7,0.008,0.0
Inyo County,2024-05-25,71.3,0.0,0.0
Inyo County,2024-05-26,76.4,0.0,0.0
Inyo County,2024-05-27,79.0,0.0,0.0
Inyo County,2024-05-28,80.4,0.0,0.0
Inyo County,2024-05-29,82.6,0.0,0.0
Inyo County,2024-05-30,83.4,0.0,0.0
Inyo County,2024-05-31,84.7,0.0,0.0
Inyo County,2024-06-01,83.6,0.0,0.0
Inyo County,2024-06-02,84.7,0.0,0.0
Inyo County,2024-06-03,84.9,0.0,0.0
Inyo County,2024-06-04,85.8,0.0,0.0
Inyo County,2024-06-05,92.5,0.0,0.0
Inyo County,2024-06-06,93.6,0.0,0.0
Inyo County,2024-06-07,91.8,0.0,0.0
Inyo County,2024-06-08,89.5,0.0,0.0
Inyo County,2024-06-09,83.3,0.0,0.0
Inyo County,2024-06-10,86.6,0.0,0.0
Inyo County,2024-06-11,91.4,0.0,0.0
Inyo County,2024-06-12,90.6,0.0,0.0
Inyo County,2024-06-13,85.9,0.0,0.0
Inyo County,2024-06-14,90.7,0.0,0.0
Inyo County,2024-06-15,89.4,0.0,0.0
Inyo County,2024-06-16,86.8,0.0,0.0
Inyo County,2024-06-17,85.0,0.0,0.0
Inyo County,2024-06-18,75.2,0.0,0.0
Inyo County,2024-06-19,80.3,0.0,0.0
Inyo County,2024-06-20,82.6,0.0,0.0
Inyo County,2024-06-21,87.9,0.0,0.0
Inyo County,2024-06-22,90.7,0.0,0.0
Inyo County,2024-06-23,92.2,0.0,0.0
Inyo County,2024-06-24,94.1,0.0,0.0
Inyo County,2024-06-25,92.9,0.0,0.0
Inyo County,2024-06-26,92.0,0.0,0.0
Inyo County,2024-06-27,91.0,0.0,0.0
Inyo County,2024-06-28,88.6,0.0,0.0
Inyo County,2024-06-29,87.7,0.0,0.0
Inyo County,2024-06-30,88.3,0.0,0.0
Inyo County,2024-07-01,89.4,0.0,0.0
Inyo County,2024-07-02,91.8,0.0,0.0
Inyo County,2024-07-03,96.2,0.0,0.0
Inyo County,2024-07-04,96.8,0.0,0.0
Inyo County,2024-07-05,97.0,0.0,0.0
Inyo County,2024-07-06,98.6,0.0,0.0
Inyo County,2024-07-07,101.9,0.0,0.0
Inyo County,2024-07-08,100.6,0.0,0.0
Inyo County,2024-07-09,100.6,0.0,0.0
Inyo County,2024-07-10,99.6,0.0,0.0
Inyo County,2024-07-11,100.7,0.0,0.0
Inyo County,2024-07-12,99.2,0.0,0.0
Inyo County,2024-07-13,92.5,0.189,0.0
Inyo County,2024-07-14,91.0,0.0,0.0
Inyo County,2024-07-15,89.6,0.0,0.0
Inyo County,2024-07-16,92.4,0.0,0.0
Inyo County,2024-07-17,93.6,0.0,0.0
Inyo County,2024-07-18,92.7,0.0,0.0
Inyo County,2024-07-19,93.4,0.0,0.0
Inyo County,2024-07-20,95.8,0.0,0.0
Inyo County,2024-07-21,95.7,0.0,0.0
Inyo County,2024-07-22,95.3,0.0,0.0
Inyo County,2024-07-23,95.8,0.0,0.0
Inyo County,2024-07-24,94.6,0.0,0.0
Inyo County,2024-07-25,92.8,0.0,0.0
Inyo County,2024-07-26,92.4,0.0,0.0
Inyo County,2024-07-27,88.9,0.0,0.0
Inyo County,2024-07-28,85.2,0.0,0.0
Inyo County,2024-07-29,86.1,0.0,0.0
Inyo County,2024-07-30,87.6,0.0,0.0
Inyo County,2024-07-31,89.5,0.0,0.0
Inyo County,2024-08-01,91.6,0.0,0.0
Inyo County,2024-08-02,84.8,0.012,0.0
Inyo County,2024-08-03,88.9,0.0,0.0
Inyo County,2024-08-04,93.2,0.0,0.0
Inyo County,2024-08-05,94.3,0.0,0.0
Inyo County,2024-08-06,96.1,0.0,0.0
Inyo County,2024-08-07,95.2,0.0,0.0
Inyo County,2024-08-08,95.0,0.0,0.0
Inyo County,2024-08-09,93.2,0.0,0.0
Inyo County,2024-08-10,94.3,0.0,0.0
Inyo County,2024-08-11,90.7,0.0,0.0
Inyo County,2024-08-12,87.4,0.0,0.0
Inyo County,2024-08-13,87.0,0.0,0.0
Inyo County,2024-08-14,85.9,0.0,0.0
Inyo County,2024-08-15,87.0,0.0,0.0
Inyo County,2024-08-16,87.1,0.0,0.0
Inyo County,2024-08-17,85.7,0.0,0.0
Inyo County,2024-08-18,85.1,0.0,0.0
Inyo County,2024-08-19,86.8,0.0,0.0
Inyo County,2024-08-20,87.7,0.0,0.0
Inyo County,2024-08-21,85.4,0.0,0.0
Inyo County,2024-08-22,81.0,0.0,0.0
Inyo County,2024-08-23,77.2,0.0,0.0
Inyo County,2024-08-24,73.9,0.0,0.0
Inyo County,2024-08-25,73.3,0.0,0.0
Inyo County,2024-08-26,80.0,0.0,0.0
Inyo County,2024-08-27,85.3,0.0,0.0
Inyo County,2024-08-28,86.8,0.0,0.0
Inyo County,2024-08-29,88.0,0.0,0.0
Inyo County,2024-08-30,88.4,0.0,0.0
Inyo County,2024-08-31,88.0,0.0,0.0
Inyo County,2024-09-01,89.4,0.0,0.0
Inyo County,2024-09-02,87.4,0.0,0.0
Inyo County,2024-09-03,87.6,0.0,0.0
Inyo County,2024-09-04,90.0,0.0,0.0
Inyo County,2024-09-05,91.5,0.0,0.0
Inyo County,2024-09-06,91.2,0.0,0.0
Inyo County,2024-09-07,89.4,0.024,0.0
Inyo County,2024-09-08,87.5,0.0,0.0
Inyo County,2024-09-09,88.0,0.0,0.0
Inyo County,2024-09-10,84.8,0.0,0.0
Inyo County,2024-09-11,81.7,0.0,0.0
Inyo County,2024-09-12,76.8,0.0,0.0
Inyo County,2024-09-13,80.1,0.0,0.0
Inyo County,2024-09-14,80.3,0.0,0.0
Inyo County,2024-09-15,75.6,0.0,0.0
Inyo County,2024-09-16,62.4,0.0,0.0
Inyo County,2024-09-17,66.5,0.0,0.0
Inyo County,2024-09-18,69.2,0.0,0.0
Inyo County,2024-09-19,70.1,0.0,0.0
Inyo County,2024-09-20,69.8,0.067,0.0
Inyo County,2024-09-21,76.4,0.0,0.0
Inyo County,2024-09-22,78.8,0.0,0.0
Inyo County,2024-09-23,79.9,0.0,0.0
Inyo County,2024-09-24,83.1,0.0,0.0
Inyo County,2024-09-25,83.4,0.0,0.0
Inyo County,2024-09-26,83.5,0.0,0.0
Inyo County,2024-09-27,85.9,0.0,0.0
Inyo County,2024-09-28,86.4,0.0,0.0
Inyo County,2024-09-29,83.3,0.0,0.0
Inyo County,2024-09-30,86.1,0.0,0.0
Inyo County,2024-10-01,86.6,0.0,0.0
Inyo County,2024-10-02,88.0,0.0,0.0
Inyo County,2024-10-03,88.1,0.0,0.0
Inyo County,2024-10-04,85.9,0.0,0.0
Inyo County,2024-10-05,84.5,0.0,0.0
Inyo County,2024-10-06,85.7,0.0,0.0
Inyo County,2024-10-07,84.6,0.0,0.0
Inyo County,2024-10-08,81.2,0.0,0.0
Inyo County,2024-10-09,80.9,0.0,0.0
Inyo County,2024-10-10,80.0,0.0,0.0
Inyo County,2024-10-11,75.2,0.0,0.0
Inyo County,2024-10-12,75.8,0.0,0.0
Inyo County,2024-10-13,75.0,0.0,0.0
Inyo County,2024-10-14,75.3,0.0,0.0
Inyo County,2024-10-15,77.2,0.0,0.0
Inyo County,2024-10-16,72.3,0.0,0.0
Inyo County,2024-10-17,64.7,0.0,0.0
Inyo County,2024-10-18,58.3,0.0,0.0
Inyo County,2024-10-19,61.9,0.0,0.0
Inyo County,2024-10-20,65.6,0.0,0.0
Inyo County,2024-10-21,66.3,0.0,0.0
Inyo County,2024-10-22,70.6,0.0,0.0
Inyo County,2024-10-23,73.7,0.0,0.0
Inyo County,2024-10-24,70.9,0.0,0.0
Inyo County,2024-10-25,71.4,0.0,0.0
Inyo County,2024-10-26,72.9,0.0,0.0
Inyo County,2024-10-27,70.4,0.0,0.0
Inyo County,2024-10-28,59.9,0.106,0.0
Inyo County,2024-10-29,48.6,0.004,0.0
Inyo County,2024-10-30,49.3,0.0,0.0
Inyo County,2024-10-31,52.3,0.0,0.0
Inyo County,2024-11-01,54.1,0.0,0.0
Inyo County,2024-11-02,54.4,0.0,0.0
Inyo County,2024-11-03,52.9,0.0,0.0
Inyo County,2024-11-04,55.8,0.0,0.0
Inyo County,2024-11-05,58.7,0.0,0.0
Inyo County,2024-11-06,46.9,0.0,0.0
Inyo County,2024-11-07,52.0,0.0,0.0
Inyo County,2024-11-08,58.3,0.0,0.0
Inyo County,2024-11-09,57.0,0.0,0.0
Inyo County,2024-11-10,59.6,0.0,0.0
Inyo County,2024-11-11,57.2,0.004,0.0
Inyo County,2024-11-12,51.4,0.0,0.0
Inyo County,2024-11-13,52.2,0.0,0.0
Inyo County,2024-11-14,53.5,0.0,0.0
Inyo County,2024-11-15,43.9,0.012,0.055
Inyo County,2024-11-16,44.9,0.0,0.0
Inyo County,2024-11-17,49.1,0.0,0.0
Inyo County,2024-11-18,49.6,0.0,0.0
Inyo County,2024-11-19,43.1,0.0,0.0
Inyo County,2024-11-20,48.4,0.0,0.0
Inyo County,2024-11-21,53.7,0.0,0.0
Inyo County,2024-11-22,57.3,0.0,0.0
Inyo County,2024-11-23,53.0,0.0,0.0
Inyo County,2024-11-24,47.5,0.0,0.0
Inyo County,2024-11-25,45.4,0.146,0.055
Inyo County,2024-11-26,50.2,0.504,0.0
Inyo County,2024-11-27,45.6,0.028,0.0
Inyo County,2024-11-28,45.8,0.0,0.0
Inyo County,2024-11-29,49.7,0.0,0.0
Inyo County,2024-11-30,52.9,0.0,0.0
Inyo County,2024-12-01,55.6,0.016,0.0
Inyo County,2024-12-02,57.1,0.0,0.0
Inyo County,2024-12-03,57.4,0.0,0.0
Inyo County,2024-12-04,58.4,0.0,0.0
Inyo County,2024-12-05,58.5,0.0,0.0
Inyo County,2024-12-06,57.9,0.0,0.0
Inyo County,2024-12-07,57.8,0.0,0.0
Inyo County,2024-12-08,56.7,0.0,0.0
Inyo County,2024-12-09,44.5,0.0,0.0
Inyo County,2024-12-10,45.2,0.0,0.0
Inyo County,2024-12-11,46.7,0.0,0.0
Inyo County,2024-12-12,43.8,0.0,0.0
Inyo County,2024-12-13,45.3,0.0,0.0
Inyo County,2024-12-14,50.5,0.024,0.083
Inyo County,2024-12-15,48.6,0.0,0.0
Inyo County,2024-12-16,48.0,0.0,0.0
Inyo County,2024-12-17,56.5,0.0,0.0
Inyo County,2024-12-18,60.5,0.0,0.0
Inyo County,2024-12-19,60.9,0.0,0.0
Inyo County,2024-12-20,59.4,0.0,0.0
Inyo County,2024-12-21,57.5,0.0,0.0
Inyo County,2024-12-22,55.0,0.0,0.0
Inyo County,2024-12-23,59.3,0.0,0.0
Inyo County,2024-12-24,53.4,0.02,0.0
Inyo County,2024-12-25,47.8,0.0,0.0
Inyo County,2024-12-26,51.2,0.0,0.0
Inyo County,2024-12-27,57.4,0.0,0.0
Inyo County,2024-12-28,56.8,0.0,0.0
Inyo County,2024-12-29,58.3,0.0,0.0
Inyo County,2024-12-30,51.7,0.0,0.0
Inyo County,2024-12-31,49.3,0.0,0.0
Inyo County,2025-01-01,52.0,0.0,0.0
Inyo County,2025-01-02,57.1,0.0,0.0
Inyo County,2025-01-03,52.7,0.0,0.0
Inyo County,2025-01-04,49.4,0.0,0.0
Inyo County,2025-01-05,53.9,0.0,0.0
Inyo County,2025-01-06,53.9,0.004,0.0
Inyo County,2025-01-07,42.1,0.264,1.488
Inyo County,2025-01-08,47.3,0.0,0.0
Inyo County,2025-01-09,49.3,0.0,0.0
Inyo County,2025-01-10,47.2,0.0,0.0
Inyo County,2025-01-11,44.4,0.0,0.0
Inyo County,2025-01-12,38.1,0.0,0.0
Inyo County,2025-01-13,38.9,0.0,0.0
Inyo County,2025-01-14,45.9,0.0,0.0
Inyo County,2025-01-15,49.3,0.0,0.0
Inyo County,2025-01-16,48.3,0.0,0.0
Inyo County,2025-01-17,51.6,0.0,0.0
Inyo County,2025-01-18,51.3,0.0,0.0
Inyo County,2025-01-19,48.5,0.0,0.0
Inyo County,2025-01-20,42.1,0.0,0.0
Inyo County,2025-01-21,45.9,0.0,0.0
Inyo County,2025-01-22,52.9,0.0,0.0
Inyo County,2025-01-23,46.9,0.0,0.0
Inyo County,2025-01-24,46.9,0.0,0.0
Inyo County,2025-01-25,41.5,0.039,0.276
Inyo County,2025-01-26,35.8,0.047,0.331
Inyo County,2025-01-27,41.8,0.0,0.0
Inyo County,2025-01-28,47.5,0.0,0.0
Inyo County,2025-01-29,50.7,0.0,0.0
Inyo County,2025-01-30,54.3,0.0,0.0
Inyo County,2025-01-31,49.4,0.0,0.0
Inyo County,2025-02-01,55.3,0.0,0.0
Inyo County,2025-02-02,59.2,0.0,0.0
Inyo County,2025-02-03,60.6,0.0,0.0
Inyo County,2025-02-04,56.2,0.0,0.0
Inyo County,2025-02-05,57.9,0.047,0.0
Inyo County,2025-02-06,52.7,0.0,0.0
Inyo County,2025-02-07,55.3,0.0,0.0
Inyo County,2025-02-08,50.9,0.0,0.0
Inyo County,2025-02-09,47.8,0.0,0.0
Inyo County,2025-02-10,49.2,0.0,0.0
Inyo County,2025-02-11,47.3,0.0,0.0
Inyo County,2025-02-12,43.0,0.0,0.0
Inyo County,2025-02-13,41.2,1.189,0.248
Inyo County,2025-02-14,46.2,0.035,0.0
Inyo County,2025-02-15,50.8,0.0,0.0
Inyo County,2025-02-16,54.4,0.0,0.0
Inyo County,2025-02-17,54.8,0.0,0.0
Inyo County,2025-02-18,51.0,0.0,0.0
Inyo County,2025-02-19,56.5,0.0,0.0
Inyo County,2025-02-20,50.8,0.0,0.0
Inyo County,2025-02-21,51.4,0.0,0.0
Inyo County,2025-02-22,56.8,0.0,0.0
Inyo County,2025-02-23,63.5,0.0,0.0
Inyo County,2025-02-24,66.2,0.0,0.0
Inyo County,2025-02-25,65.3,0.0,0.0
Inyo County,2025-02-26,62.1,0.0,0.0
Inyo County,2025-02-27,59.0,0.0,0.0
Inyo County,2025-02-28,61.4,0.0,0.0
Inyo County,2025-03-01,62.5,0.0,0.0
Inyo County,2025-03-02,51.4,0.012,0.028
Inyo County,2025-03-03,52.9,0.0,0.0
Inyo County,2025-03-04,54.9,0.0,0.0
Inyo County,2025-03-05,43.1,0.091,0.055
Inyo County,2025-03-06,38.9,0.15,0.992
Inyo County,2025-03-07,42.0,0.102,0.717
Inyo County,2025-03-08,52.1,0.0,0.0
Inyo County,2025-03-09,54.8,0.0,0.0
Inyo County,2025-03-10,56.7,0.0,0.0
Inyo County,2025-03-11,51.9,0.0,0.0
Inyo County,2025-03-12,50.2,0.004,0.0
Inyo County,2025-03-13,37.2,0.409,2.591
Inyo County,2025-03-14,37.6,0.031,0.193
Inyo County,2025-03-15,48.4,0.0,0.0
Inyo County,2025-03-16,52.3,0.0,0.0
Inyo County,2025-03-17,54.7,0.043,0.193
Inyo County,2025-03-18,50.7,0.0,0.0
Inyo County,2025-03-19,51.1,0.0,0.0
Inyo County,2025-03-20,57.3,0.0,0.0
Inyo County,2025-03-21,61.6,0.0,0.0
Inyo County,2025-03-22,63.0,0.0,0.0
Inyo County,2025-03-23,65.8,0.0,0.0
Inyo County,2025-03-24,72.3,0.0,0.0
Inyo County,2025-03-25,73.8,0.0,0.0
Inyo County,2025-03-26,74.3,0.0,0.0
Inyo County,2025-03-27,68.1,0.0,0.0
Inyo County,2025-03-28,61.9,0.0,0.0
Inyo County,2025-03-29,59.2,0.0,0.0
Inyo County,2025-03-30,60.1,0.012,0.028
Inyo County,2025-03-31,63.4,0.0,0.0
Inyo County,2025-04-01,52.2,0.008,0.055
Inyo County,2025-04-02,46.4,0.161,1.102
Inyo County,2025-04-03,48.2,0.012,0.083
Inyo County,2025-04-04,52.4,0.0,0.0
Inyo County,2025-04-05,59.5,0.0,0.0
Inyo County,2025-04-06,66.1,0.0,0.0
Inyo County,2025-04-07,66.7,0.0,0.0
Inyo County,2025-04-08,72.0,0.0,0.0
Inyo County,2025-04-09,75.3,0.0,0.0
Inyo County,2025-04-10,78.1,0.0,0.0
Inyo County,2025-04-11,77.6,0.0,0.0
Inyo County,2025-04-12,73.2,0.0,0.0
Inyo County,2025-04-13,68.1,0.0,0.0
Inyo County,2025-04-14,70.8,0.0,0.0
Inyo County,2025-04-15,71.8,0.0,0.0
Inyo County,2025-04-16,70.8,0.0,0.0
Inyo County,2025-04-17,62.0,0.177,0.0
Inyo County,2025-04-18,58.2,0.0,0.0
Inyo County,2025-04-19,61.9,0.0,0.0
Inyo County,2025-04-20,68.2,0.0,0.0
Inyo County,2025-04-21,70.9,0.0,0.0
Inyo County,2025-04-22,72.0,0.0,0.0
Inyo County,2025-04-23,69.3,0.0,0.0
Inyo County,2025-04-24,68.9,0.0,0.0
Inyo County,2025-04-25,59.6,0.0,0.0
Inyo County,2025-04-26,50.1,0.047,0.248
Inyo County,2025-04-27,53.9,0.008,0.0
Inyo County,2025-04-28,62.8,0.13,0.0
Inyo County,2025-04-29,66.3,0.0,0.0
Inyo County,2025-04-30,68.6,0.008,0.0
Inyo County,2025-05-01,64.9,0.008,0.0
Inyo County,2025-05-02,73.9,0.0,0.0
Inyo County,2025-05-03,67.8,0.0,0.0
Inyo County,2025-05-04,55.8,0.307,0.0
Inyo County,2025-05-05,63.7,0.039,0.0
Inyo County,2025-05-06,62.5,0.0,0.0
Inyo County,2025-05-07,68.7,0.0,0.0
Inyo County,2025-05-08,75.8,0.0,0.0
Inyo County,2025-05-09,80.9,0.0,0.0
Inyo County,2025-05-10,82.7,0.0,0.0
Inyo County,2025-05-11,83.1,0.0,0.0
Inyo County,2025-05-12,75.0,0.0,0.0
Inyo County,2025-05-13,58.4,0.024,0.083
Inyo County,2025-05-14,64.1,0.0,0.0
Inyo County,2025-05-15,70.5,0.0,0.0
Inyo County,2025-05-16,72.6,0.0,0.0
Inyo County,2025-05-17,68.4,0.004,0.0
Inyo County,2025-05-18,68.5,0.0,0.0
Inyo County,2025-05-19,75.8,0.0,0.0
Inyo County,2025-05-20,78.0,0.0,0.0
Inyo County,2025-05-21,81.2,0.0,0.0
Inyo County,2025-05-22,82.5,0.0,0.0
Inyo County,2025-05-23,80.1,0.0,0.0
Inyo County,2025-05-24,75.9,0.0,0.0
Inyo County,2025-05-25,81.6,0.0,0.0
Inyo County,2025-05-26,79.0,0.0,0.0
Inyo County,2025-05-27,80.5,0.0,0.0
Inyo County,2025-05-28,82.1,0.0,0.0
Inyo County,2025-05-29,85.3,0.0,0.0
Inyo County,2025-05-30,89.6,0.0,0.0
Inyo County,2025-05-31,90.6,0.0,0.0
Inyo County,2025-06-01,87.3,0.0,0.0
Inyo County,2025-06-02,82.8,0.028,0.0
Inyo County,2025-06-03,81.3,0.154,0.0
Inyo County,2025-06-04,80.9,0.0,0.0
Inyo County,2025-06-05,81.0,0.0,0.0
Inyo County,2025-06-06,83.0,0.0,0.0
Inyo County,2025-06-07,86.8,0.0,0.0
Inyo County,2025-06-08,89.9,0.0,0.0
Inyo County,2025-06-09,91.9,0.0,0.0
Inyo County,2025-06-10,93.0,0.0,0.0
Inyo County,2025-06-11,89.9,0.0,0.0
Inyo County,2025-06-12,88.0,0.0,0.0
Inyo County,2025-06-13,86.4,0.0,0.0
Inyo County,2025-06-14,87.0,0.0,0.0
Inyo County,2025-06-15,90.9,0.0,0.0
Inyo County,2025-06-16,90.9,0.0,0.0
Inyo County,2025-06-17,89.5,0.0,0.0
Inyo County,2025-06-18,93.6,0.0,0.0
Inyo County,2025-06-19,90.2,0.0,0.0
Inyo County,2025-06-20,85.6,0.0,0.0
Inyo County,2025-06-21,77.4,0.0,0.0
Inyo County,2025-06-22,72.3,0.0,0.0
Inyo County,2025-06-23,76.3,0.0,0.0
Inyo County,2025-06-24,79.9,0.0,0.0
Inyo County,2025-06-25,84.9,0.0,0.0
Inyo County,2025-06-26,86.0,0.0,0.0
Inyo County,2025-06-27,86.2,0.0,0.0
Inyo County,2025-06-28,87.9,0.0,0.0
Inyo County,2025-06-29,86.9,0.0,0.0
Inyo County,2025-06-30,88.0,0.0,0.0
Inyo County,2025-07-01,88.9,0.0,0.0
Inyo County,2025-07-02,81.7,0.024,0.0
Inyo County,2025-07-03,83.7,0.0,0.0
Inyo County,2025-07-04,83.8,0.0,0.0
Inyo County,2025-07-05,83.6,0.0,0.0
Inyo County,2025-07-06,87.0,0.0,0.0
Inyo County,2025-07-07,87.7,0.0,0.0
Inyo County,2025-07-08,88.9,0.0,0.0
Inyo County,2025-07-09,92.1,0.0,0.0
Inyo County,2025-07-10,92.8,0.0,0.0
Inyo County,2025-07-11,94.7,0.0,0.0
Inyo County,2025-07-12,93.8,0.0,0.0
Inyo County,2025-07-13,95.5,0.0,0.0
Inyo County,2025-07-14,97.2,0.0,0.0
Inyo County,2025-07-15,92.1,0.0,0.0
Inyo County,2025-07-16,87.5,0.0,0.0
Inyo County,2025-07-17,87.4,0.0,0.0
Inyo County,2025-07-18,85.7,0.0,0.0
Inyo County,2025-07-19,89.4,0.0,0.0
Inyo County,2025-07-20,89.5,0.0,0.0
Inyo County,2025-07-21,84.7,0.0,0.0
Inyo County,2025-07-22,81.4,0.0,0.0
Inyo County,2025-07-23,80.6,0.0,0.0
Inyo County,2025-07-24,80.5,0.0,0.0
Inyo County,2025-07-25,80.7,0.0,0.0
Inyo County,2025-07-26,80.7,0.0,0.0
Inyo County,2025-07-27,83.3,0.0,0.0
Inyo County,2025-07-28,86.4,0.0,0.0
Inyo County,2025-07-29,87.6,0.0,0.0
Inyo County,2025-07-30,85.0,0.0,0.0
Inyo County,2025-07-31,86.1,0.0,0.0
Inyo County,2025-08-01,86.4,0.0,0.0
Inyo County,2025-08-02,89.1,0.0,0.0
Inyo County,2025-08-03,89.0,0.0,0.0
Inyo County,2025-08-04,85.6,0.0,0.0
Inyo County,2025-08-05,86.0,0.0,0.0
Inyo County,2025-08-06,88.3,0.0,0.0
Inyo County,2025-08-07,89.9,0.0,0.0
Inyo County,2025-08-08,91.9,0.0,0.0
Inyo County,2025-08-09,93.2,0.0,0.0
Inyo County,2025-08-10,94.3,0.0,0.0
Inyo County,2025-08-11,96.1,0.0,0.0
Inyo County,2025-08-12,96.9,0.0,0.0
Inyo County,2025-08-13,94.0,0.0,0.0
Inyo County,2025-08-14,89.8,0.0,0.0
Inyo County,2025-08-15,84.2,0.0,0.0
Inyo County,2025-08-16,83.5,0.0,0.0
Inyo County,2025-08-17,83.4,0.0,0.0
Inyo County,2025-08-18,85.5,0.0,0.0
Inyo County,2025-08-19,87.6,0.0,0.0
Inyo County,2025-08-20,90.7,0.0,0.0
Inyo County,2025-08-21,92.8,0.0,0.0
Inyo County,2025-08-22,95.5,0.0,0.0
Inyo County,2025-08-23,91.3,0.016,0.0
Inyo County,2025-08-24,88.5,0.012,0.0
Inyo County,2025-08-25,86.1,0.012,0.0
Inyo County,2025-08-26,78.3,0.154,0.0
Inyo County,2025-08-27,80.2,0.0,0.0
Inyo County,2025-08-28,79.9,0.0,0.0
Inyo County,2025-08-29,82.6,0.0,0.0
Inyo County,2025-08-30,85.9,0.0,0.0
Inyo County,2025-08-31,88.7,0.0,0.0
Inyo County,2025-09-01,90.7,0.0,0.0
Inyo County,2025-09-02,82.2,0.008,0.0
Inyo County,2025-09-03,79.9,0.004,0.0
Inyo County,2025-09-04,83.9,0.0,0.0
Inyo County,2025-09-05,82.7,0.008,0.0
Inyo County,2025-09-06,81.4,0.0,0.0
Inyo County,2025-09-07,81.2,0.0,0.0
Inyo County,2025-09-08,80.3,0.0,0.0
Inyo County,2025-09-09,76.3,0.0,0.0
Inyo County,2025-09-10,71.8,0.0,0.0
Inyo County,2025-09-11,71.8,0.0,0.0
Inyo County,2025-09-12,74.5,0.0,0.0
Inyo County,2025-09-13,79.0,0.0,0.0
Inyo County,2025-09-14,79.9,0.0,0.0
Inyo County,2025-09-15,81.0,0.0,0.0
Inyo County,2025-09-16,83.3,0.0,0.0
Inyo County,2025-09-17,84.5,0.0,0.0
Inyo County,2025-09-18,72.6,0.327,0.0
Inyo County,2025-09-19,65.5,0.866,0.0
Inyo County,2025-09-20,71.2,0.0,0.0
Inyo County,2025-09-21,73.0,0.0,0.0
Inyo County,2025-09-22,75.1,0.0,0.0
Inyo County,2025-09-23,77.2,0.0,0.0
Inyo County,2025-09-24,78.8,0.0,0.0
Inyo County,2025-09-25,76.0,0.0,0.0
Inyo County,2025-09-26,76.0,0.028,0.0
Inyo County,2025-09-27,72.9,0.0,0.0
Inyo County,2025-09-28,71.5,0.0,0.0
Inyo County,2025-09-29,70.9,0.0,0.0
Inyo County,2025-09-30,69.3,0.008,0.0
Inyo County,2025-10-01,71.4,0.0,0.0
Inyo County,2025-10-02,72.9,0.0,0.0
Inyo County,2025-10-03,64.5,0.047,0.0
Inyo County,2025-10-04,65.4,0.0,0.0
Inyo County,2025-10-05,66.3,0.0,0.0
Inyo County,2025-10-06,67.9,0.0,0.0
Inyo County,2025-10-07,70.9,0.0,0.0
Inyo County,2025-10-08,72.3,0.0,0.0
Inyo County,2025-10-09,72.5,0.0,0.0
Inyo County,2025-10-10,71.0,0.0,0.0
Inyo County,2025-10-11,70.2,0.0,0.0
Inyo County,2025-10-12,63.2,0.0,0.0
Inyo County,2025-10-13,60.2,0.0,0.0
Inyo County,2025-10-14,44.7,0.654,0.193
Inyo County,2025-10-15,51.3,0.0,0.0
Inyo County,2025-10-16,55.8,0.0,0.0
Inyo County,2025-10-17,61.7,0.0,0.0
Inyo County,2025-10-18,67.3,0.0,0.0
Inyo County,2025-10-19,67.9,0.0,0.0
Inyo County,2025-10-20,69.1,0.0,0.0
Inyo County,2025-10-21,70.8,0.0,0.0
Inyo County,2025-10-22,64.7,0.047,0.0
Inyo County,2025-10-23,68.4,0.0,0.0
Inyo County,2025-10-24,70.4,0.0,0.0
Inyo County,2025-10-25,67.6,0.004,0.0
Inyo County,2025-10-26,66.7,0.0,0.0
Inyo County,2025-10-27,69.1,0.0,0.0
Inyo County,2025-10-28,66.2,0.0,0.0
Inyo County,2025-10-29,70.5,0.0,0.0
Inyo County,2025-10-30,72.6,0.0,0.0
Inyo County,2025-10-31,72.9,0.0,0.0
Inyo County,2025-11-01,73.2,0.0,0.0
Inyo County,2025-11-02,72.1,0.0,0.0
Inyo County,2025-11-03,68.6,0.0,0.0
Inyo County,2025-11-04,66.8,0.0,0.0
Inyo County,2025-11-05,62.8,0.0,0.0
Inyo County,2025-11-06,65.9,0.0,0.0
Inyo County,2025-11-07,68.7,0.0,0.0
Inyo County,2025-11-08,66.4,0.0,0.0
Inyo County,2025-11-09,68.8,0.0,0.0
Inyo County,2025-11-10,70.4,0.0,0.0
Inyo County,2025-11-11,68.7,0.0,0.0
Inyo County,2025-11-12,61.7,0.0,0.0
Inyo County,2025-11-13,61.9,0.0,0.0
Inyo County,2025-11-14,52.3,0.173,0.0
Inyo County,2025-11-15,50.2,1.52,0.0
Inyo County,2025-11-16,44.5,0.161,0.0
Inyo County,2025-11-17,43.0,0.421,0.441
Inyo County,2025-11-18,41.0,0.48,0.303
Inyo County,2025-11-19,44.4,0.043,0.0
Inyo County,2025-11-20,43.2,0.327,0.469
Inyo County,2025-11-21,41.3,0.307,0.441
Inyo County,2025-11-22,49.1,0.0,0.0
Inyo County,2025-11-23,54.5,0.0,0.0
Inyo County,2025-11-24,58.5,0.0,0.0
Inyo County,2025-11-25,56.9,0.0,0.0
Inyo County,2025-11-26,58.5,0.0,0.0
Inyo County,2025-11-27,60.4,0.0,0.0
Inyo County,2025-11-28,58.4,0.0,0.0
Inyo County,2025-11-29,52.5,0.0,0.0
Inyo County,2025-11-30,52.5,0.0,0.0
Inyo County,2025-12-01,47.0,0.0,0.0
Inyo County,2025-12-02,49.7,0.0,0.0
Inyo County,2025-12-03,44.5,0.0,0.0
Inyo County,2025-12-04,45.5,0.0,0.0
Inyo County,2025-12-05,56.7,0.0,0.0
Inyo County,2025-12-06,58.9,0.0,0.0
Inyo County,2025-12-07,56.8,0.0,0.0
Inyo County,2025-12-08,58.8,0.0,0.0
Inyo County,2025-12-09,63.7,0.0,0.0
Inyo County,2025-12-10,65.2,0.0,0.0
Inyo County,2025-12-11,66.3,0.0,0.0
Inyo County,2025-12-12,64.5,0.0,0.0
Inyo County,2025-12-13,62.5,0.0,0.0
Inyo County,2025-12-14,60.2,0.0,0.0
Inyo County,2025-12-15,62.2,0.0,0.0
Inyo County,2025-12-16,65.0,0.0,0.0
Inyo County,2025-12-17,64.6,0.0,0.0
Inyo County,2025-12-18,63.6,0.0,0.0
Inyo County,2025-12-19,60.8,0.0,0.0
Inyo County,2025-12-20,59.4,0.0,0.0
Inyo County,2025-12-21,58.7,0.0,0.0
Inyo County,2025-12-22,59.3,0.0,0.0
Inyo County,2025-12-23,53.1,0.0,0.0
Inyo County,2025-12-24,45.7,1.972,0.0
Inyo County,2025-12-25,45.0,0.122,0.0
Inyo County,2025-12-26,43.9,0.126,0.0
Inyo County,2025-12-27,44.8,0.047,0.083
Inyo County,2025-12-28,43.8,0.0,0.0
Inyo County,2025-12-29,47.9,0.0,0.0
Inyo County,2025-12-30,51.0,0.0,0.0
Inyo County,2025-12-31,49.7,0.154,0.0
Inyo County,2026-01-01,41.1,0.315,0.028
Inyo County,2026-01-02,45.8,0.0,0.0
Inyo County,2026-01-03,43.9,0.417,0.0
Inyo County,2026-01-04,43.2,0.024,0.0
Inyo County,2026-01-05,44.2,0.0,0.0
Inyo County,2026-01-06,45.7,0.0,0.0
Inyo County,2026-01-07,44.0,0.0,0.0
Inyo County,2026-01-08,37.8,0.004,0.028
Inyo County,2026-01-09,41.7,0.0,0.0
Inyo County,2026-01-10,46.0,0.0,0.0
Inyo County,2026-01-11,50.7,0.0,0.0
Inyo County,2026-01-12,54.8,0.0,0.0
Inyo County,2026-01-13,60.7,0.0,0.0
Inyo County,2026-01-14,62.2,0.0,0.0
Inyo County,2026-01-15,62.2,0.0,0.0
Inyo County,2026-01-16,58.7,0.0,0.0
Inyo County,2026-01-17,57.4,0.0,0.0
Inyo County,2026-01-18,57.9,0.0,0.0
Inyo County,2026-01-19,56.5,0.0,0.0
Inyo County,2026-01-20,54.4,0.0,0.0
Inyo County,2026-01-21,52.9,0.0,0.0
Inyo County,2026-01-22,50.8,0.0,0.0
Inyo County,2026-01-23,52.0,0.031,0.0
Inyo County,2026-01-24,45.7,0.008,0.0
Inyo County,2026-01-25,48.2,0.0,0.0
Inyo County,2026-01-26,47.1,0.0,0.0
Inyo County,2026-01-27,48.8,0.0,0.0
Inyo County,2026-01-28,53.1,0.0,0.0
Inyo County,2026-01-29,53.5,0.0,0.0
Inyo County,2026-01-30,57.9,0.0,0.0
Inyo County,2026-01-31,59.9,0.0,0.0
Inyo County,2026-02-01,60.7,0.0,0.0
Inyo County,2026-02-02,60.8,0.0,0.0
Inyo County,2026-02-03,61.9,0.0,0.0
Inyo County,2026-02-04,61.5,0.0,0.0
Inyo County,2026-02-05,60.2,0.0,0.0
Inyo County,2026-02-06,53.2,0.098,0.0
Inyo County,2026-02-07,56.5,0.0,0.0
Inyo County,2026-02-08,60.1,0.0,0.0
Inyo County,2026-02-09,55.6,0.0,0.0
Inyo County,2026-02-10,49.8,0.031,0.0
Inyo County,2026-02-11,47.5,0.016,0.0
Inyo County,2026-02-12,48.8,0.0,0.0
Inyo County,2026-02-13,50.2,0.0,0.0
Inyo County,2026-02-14,51.6,0.0,0.0
Inyo County,2026-02-15,49.1,0.0,0.0
Inyo County,2026-02-16,42.4,0.354,1.626
Inyo County,2026-02-17,41.2,0.244,1.709
Inyo County,2026-02-18,33.5,0.539,3.776
Inyo County,2026-02-19,32.8,0.185,1.268
Inyo County,2026-02-20,35.2,0.0,0.0
Inyo County,2026-02-21,38.5,0.0,0.0
Inyo County,2026-02-22,47.0,0.0,0.0
Inyo County,2026-02-23,55.6,0.0,0.0
Inyo County,2026-02-24,61.0,0.0,0.0
Inyo County,2026-02-25,64.7,0.0,0.0
Inyo County,2026-02-26,66.2,0.0,0.0
Inyo County,2026-02-27,67.7,0.0,0.0
Inyo County,2026-02-28,67.3,0.0,0.0
Inyo County,2026-03-01,64.0,0.0,0.0
Inyo County,2026-03-02,60.4,0.0,0.0
Inyo County,2026-03-03,58.2,0.0,0.0
Inyo County,2026-03-04,59.3,0.0,0.0
Inyo County,2026-03-05,50.1,0.0,0.0
Inyo County,2026-03-06,52.0,0.0,0.0
Inyo County,2026-03-07,57.0,0.0,0.0
Inyo County,2026-03-08,62.1,0.0,0.0
Inyo County,2026-03-09,65.5,0.0,0.0
Inyo County,2026-03-10,65.6,0.0,0.0
Inyo County,2026-03-11,67.9,0.0,0.0
Inyo County,2026-03-12,69.8,0.0,0.0
Inyo County,2026-03-13,73.1,0.0,0.0
Inyo County,2026-03-14,73.6,0.0,0.0
Inyo County,2026-03-15,70.9,0.0,0.0
Inyo County,2026-03-16,73.9,0.0,0.0
Inyo County,2026-03-17,78.6,0.0,0.0
Inyo County,2026-03-18,81.5,0.0,0.0
Inyo County,2026-03-19,82.8,0.0,0.0
Inyo County,2026-03-20,84.0,0.0,0.0
Inyo County,2026-03-21,79.1,0.0,0.0
Inyo County,2026-03-22,80.9,0.0,0.0
Inyo County,2026-03-23,81.5,0.0,0.0
Inyo County,2026-03-24,81.5,0.0,0.0
Inyo County,2026-03-25,79.4,0.0,0.0
Inyo County,2026-03-26,78.3,0.0,0.0
Inyo County,2026-03-27,77.0,0.0,0.0
Inyo County,2026-03-28,76.6,0.0,0.0
Inyo County,2026-03-29,75.2,0.0,0.0
Inyo County,2026-03-30,71.1,0.0,0.0
Inyo County,2026-03-31,63.1,0.008,0.0
Inyo County,2026-04-01,59.8,0.0,0.0
Inyo County,2026-04-02,64.8,0.0,0.0
Inyo County,2026-04-03,57.7,0.0,0.0
Inyo County,2026-04-04,65.2,0.0,0.0
Inyo County,2026-04-05,70.6,0.0,0.0
Inyo County,2026-04-06,72.6,0.0,0.0
Inyo County,2026-04-07,75.5,0.0,0.0
Inyo County,2026-04-08,75.3,0.0,0.0
Inyo County,2026-04-09,71.6,0.0,0.0
Inyo County,2026-04-10,63.7,0.0,0.0
Inyo County,2026-04-11,60.5,0.0,0.0
Inyo County,2026-04-12,57.6,0.008,0.0
Inyo County,2026-04-13,51.2,0.075,0.028
Inyo County,2026-04-14,61.4,0.0,0.0
Inyo County,2026-04-15,64.6,0.0,0.0
Inyo County,2026-04-16,66.9,0.0,0.0
Inyo County,2026-04-17,55.0,0.0,0.0
Inyo County,2026-04-18,63.9,0.0,0.0
Inyo County,2026-04-19,69.0,0.0,0.0
Inyo County,2026-04-20,69.9,0.0,0.0
Inyo County,2026-04-21,62.8,0.035,0.0
Inyo County,2026-04-22,58.8,0.0,0.0
Inyo County,2026-04-23,62.4,0.0,0.0
Inyo County,2026-04-24,64.8,0.004,0.0
Inyo County,2026-04-25,60.7,0.256,0.138
Inyo County,2026-04-26,54.2,0.173,0.0
Inyo County,2026-04-27,51.9,0.154,0.0
Inyo County,2026-04-28,60.5,0.0,0.0
Inyo County,2026-04-29,64.7,0.0,0.0
Inyo County,2026-04-30,69.1,0.0,0.0
Inyo County,2026-05-01,70.7,0.0,0.0
Inyo County,2026-05-02,72.6,0.0,0.0
Inyo County,2026-05-03,69.1,0.008,0.0
Inyo County,2026-05-04,61.4,0.0,0.0
Inyo County,2026-05-05,60.7,0.0,0.0
Inyo County,2026-05-06,73.6,0.0,0.0
Inyo County,2026-05-07,81.2,0.0,0.0
Inyo County,2026-05-08,84.2,0.0,0.0
Inyo County,2026-05-09,84.2,0.0,0.0
Inyo County,2026-05-10,86.2,0.0,0.0
Inyo County,2026-05-11,86.2,0.0,0.0
Inyo County,2026-05-12,88.0,0.004,0.0
Inyo County,2026-05-13,80.0,0.0,0.0
Inyo County,2026-05-14,82.3,0.0,0.0
Inyo County,2026-05-15,82.5,0.0,0.0
Inyo County,2026-05-16,77.7,0.0,0.0
Inyo County,2026-05-17,74.5,0.0,0.0
Inyo County,2026-05-18,63.1,0.0,0.0
Inyo County,2026-05-19,66.8,0.0,0.0
Inyo County,2026-05-20,72.7,0.0,0.0
Inyo County,2026-05-21,79.6,0.0,0.0
Inyo County,2026-05-22,79.9,0.0,0.0
Inyo County,2026-05-23,79.6,0.0,0.0
Inyo County,2026-05-24,78.9,0.0,0.0
Inyo County,2026-05-25,79.3,0.0,0.0
Inyo County,2026-05-26,69.3,0.0,0.0
Inyo County,2026-05-27,58.2,0.012,0.0
Inyo County,2026-05-28,55.4,0.268,0.0
Inyo County,2026-05-29,61.9,0.024,0.0
Inyo County,2026-05-30,71.1,0.0,0.0
Inyo County,2026-05-31,79.0,0.0,0.0
Inyo County,2026-06-01,83.1,0.0,0.0
Inyo County,2026-06-02,85.6,0.0,0.0
Inyo County,2026-06-03,88.4,0.0,0.0
Inyo County,2026-06-04,89.1,0.0,0.0
Inyo County,2026-06-05,88.9,0.0,0.0
Inyo County,2026-06-06,84.8,0.0,0.0
Inyo County,2026-06-07,81.3,0.0,0.0
Inyo County,2026-06-08,78.3,0.0,0.0
Inyo County,2026-06-09,83.9,0.0,0.0
Inyo County,2026-06-10,89.1,0.0,0.0
Inyo County,2026-06-11,89.5,0.0,0.0
Inyo County,2026-06-12,92.5,0.0,0.0
Inyo County,2026-06-13,92.5,0.0,0.0
Inyo County,2026-06-14,90.7,0.0,0.0
Inyo County,2026-06-15,90.9,0.0,0.0
Inyo County,2026-06-16,93.4,0.0,0.0
Inyo County,2026-06-17,93.4,0.0,0.0
Inyo County,2026-06-18,91.2,0.0,0.0
Inyo County,2026-06-19,86.0,0.0,0.0
Inyo County,2026-06-20,85.8,0.0,0.0
Inyo County,2026-06-21,86.7,0.0,0.0
Inyo County,2026-06-22,87.8,0.0,0.0
Inyo County,2026-06-23,91.4,0.0,0.0
Inyo County,2026-06-24,88.7,0.004,0.0
Inyo County,2026-06-25,88.8,0.0,0.0
Inyo County,2026-06-26,86.3,0.0,0.0
Inyo County,2026-06-27,82.6,0.0,0.0
Inyo County,2026-06-28,76.3,0.0,0.0
Inyo County,2026-06-29,75.8,0.0,0.0
Inyo County,2026-06-30,81.7,0.0,0.0
Inyo County,2026-07-01,81.5,0.0,0.0
Inyo County,2026-07-02,82.1,0.0,0.0
Inyo County,2026-07-03,85.1,0.0,0.0
Inyo County,2026-07-04,87.7,0.0,0.0
Inyo County,2026-07-05,84.4,0.0,0.0
Inyo County,2026-07-06,89.0,0.0,0.0
Inyo County,2026-07-07,90.4,0.0,0.0
Inyo County,2026-07-08,93.4,0.0,0.0
Inyo County,2026-07-09,94.2,0.0,0.0
Inyo County,2026-07-10,95.2,0.0,0.0
Inyo County,2026-07-11,94.1,0.0,0.0
Inyo County,2026-07-12,91.4,0.0,0.0
Inyo County,2026-07-13,88.4,0.039,0.0
Inyo County,2026-07-14,89.9,0.0,0.0
Inyo County,2026-07-15,93.3,0.0,0.0
Inyo County,2026-07-16,92.7,0.0,0.0
Inyo County,2026-07-17,91.4,0.0,0.0
Inyo County,2026-07-18,93.1,0.0,0.0
Inyo County,2026-07-19,92.8,0.0,0.0
Inyo County,2026-07-20,89.8,0.016,0.0
Inyo County,2026-07-21,91.5,0.091,0.0
Inyo County,2026-07-22,93.0,0.004,0.0
Inyo County,2026-07-23,96.6,0.0,0.0
Inyo County,2026-07-24,96.3,0.0,0.0
Inyo County,2026-07-25,95.2,0.0,0.0
Inyo County,2026-07-26,93.6,0.0,0.0
Inyo County,2026-07-27,93.1,0.0,0.0
Inyo County,2026-07-28,92.6,0.0,0.0
Inyo County,2026-07-29,91.6,0.0,0.0
Plumas County,2023-07-30,81.7,0.0,0.0
Plumas County,2023-07-31,81.1,0.0,0.0
Plumas County,2023-08-01,78.9,0.0,0.0
Plumas County,2023-08-02,78.7,0.0,0.0
Plumas County,2023-08-03,76.8,0.0,0.0
Plumas County,2023-08-04,79.9,0.0,0.0
Plumas County,2023-08-05,79.0,0.0,0.0
Plumas County,2023-08-06,81.0,0.0,0.0
Plumas County,2023-08-07,81.1,0.0,0.0
Plumas County,2023-08-08,78.1,0.0,0.0
Plumas County,2023-08-09,75.8,0.0,0.0
Plumas County,2023-08-10,79.4,0.0,0.0
Plumas County,2023-08-11,82.0,0.0,0.0
Plumas County,2023-08-12,88.0,0.012,0.0
Plumas County,2023-08-13,89.2,0.0,0.0
Plumas County,2023-08-14,85.4,0.075,0.0
Plumas County,2023-08-15,86.1,0.0,0.0
Plumas County,2023-08-16,85.9,0.0,0.0
Plumas County,2023-08-17,80.7,0.063,0.0
Plumas County,2023-08-18,80.5,0.031,0.0
Plumas County,2023-08-19,78.1,0.043,0.0
Plumas County,2023-08-20,64.7,0.016,0.0
Plumas County,2023-08-21,59.9,0.48,0.0
Plumas County,2023-08-22,64.7,0.024,0.0
Plumas County,2023-08-23,75.2,0.0,0.0
Plumas County,2023-08-24,76.0,0.0,0.0
Plumas County,2023-08-25,73.4,0.0,0.0
Plumas County,2023-08-26,74.3,0.0,0.0
Plumas County,2023-08-27,78.1,0.0,0.0
Plumas County,2023-08-28,82.0,0.0,0.0
Plumas County,2023-08-29,74.5,0.0,0.0
Plumas County,2023-08-30,80.2,0.0,0.0
Plumas County,2023-08-31,72.2,0.0,0.0
Plumas County,2023-09-01,53.9,0.598,0.0
Plumas County,2023-09-02,54.9,0.791,0.0
Plumas County,2023-09-03,54.3,0.264,0.0
Plumas County,2023-09-04,64.3,0.0,0.0
Plumas County,2023-09-05,69.9,0.0,0.0
Plumas County,2023-09-06,67.3,0.0,0.0
Plumas County,2023-09-07,68.8,0.0,0.0
Plumas County,2023-09-08,68.9,0.0,0.0
Plumas County,2023-09-09,70.1,0.0,0.0
Plumas County,2023-09-10,73.3,0.0,0.0
Plumas County,2023-09-11,73.6,0.0,0.0
Plumas County,2023-09-12,74.1,0.0,0.0
Plumas County,2023-09-13,73.6,0.0,0.0
Plumas County,2023-09-14,75.5,0.0,0.0
Plumas County,2023-09-15,76.8,0.0,0.0
Plumas County,2023-09-16,75.7,0.0,0.0
Plumas County,2023-09-17,77.4,0.083,0.0
Plumas County,2023-09-18,69.4,0.0,0.0
Plumas County,2023-09-19,72.9,0.0,0.0
Plumas County,2023-09-20,66.4,0.0,0.0
Plumas County,2023-09-21,56.7,0.035,0.0
Plumas County,2023-09-22,60.7,0.0,0.0
Plumas County,2023-09-23,63.1,0.0,0.0
Plumas County,2023-09-24,63.2,0.0,0.0
Plumas County,2023-09-25,61.0,0.0,0.0
Plumas County,2023-09-26,58.2,0.031,0.0
Plumas County,2023-09-27,64.2,0.0,0.0
Plumas County,2023-09-28,64.2,0.0,0.0
Plumas County,2023-09-29,60.7,0.228,0.0
Plumas County,2023-09-30,45.1,0.169,0.0
Plumas County,2023-10-01,50.3,0.0,0.0
Plumas County,2023-10-02,58.3,0.0,0.0
Plumas County,2023-10-03,62.7,0.0,0.0
Plumas County,2023-10-04,63.5,0.0,0.0
Plumas County,2023-10-05,67.8,0.0,0.0
Plumas County,2023-10-06,71.8,0.0,0.0
Plumas County,2023-10-07,72.1,0.0,0.0
Plumas County,2023-10-08,71.2,0.0,0.0
Plumas County,2023-10-09,59.0,0.02,0.0
Plumas County,2023-10-10,50.0,0.031,0.0
Plumas County,2023-10-11,49.6,0.063,0.0
Plumas County,2023-10-12,54.9,0.0,0.0
Plumas County,2023-10-13,57.3,0.012,0.0
Plumas County,2023-10-14,59.0,0.0,0.0
Plumas County,2023-10-15,66.8,0.0,0.0
Plumas County,2023-10-16,62.9,0.0,0.0
Plumas County,2023-10-17,67.5,0.0,0.0
Plumas County,2023-10-18,72.4,0.0,0.0
Plumas County,2023-10-19,70.9,0.0,0.0
Plumas County,2023-10-20,69.9,0.0,0.0
Plumas County,2023-10-21,64.8,0.0,0.0
Plumas County,2023-10-22,51.0,0.016,0.0
Plumas County,2023-10-23,57.8,0.0,0.0
Plumas County,2023-10-24,59.3,0.0,0.0
Plumas County,2023-10-25,45.3,0.134,0.0
Plumas County,2023-10-26,46.1,0.016,0.0
Plumas County,2023-10-27,47.8,0.0,0.0
Plumas County,2023-10-28,38.1,0.0,0.0
Plumas County,2023-10-29,44.4,0.0,0.0
Plumas County,2023-10-30,52.9,0.0,0.0
Plumas County,2023-10-31,54.5,0.0,0.0
Plumas County,2023-11-01,57.3,0.0,0.0
Plumas County,2023-11-02,57.9,0.031,0.0
Plumas County,2023-11-03,59.8,0.0,0.0
Plumas County,2023-11-04,59.6,0.008,0.0
Plumas County,2023-11-05,48.3,0.031,0.0
Plumas County,2023-11-06,41.1,0.657,0.193
Plumas County,2023-11-07,41.0,0.071,0.0
Plumas County,2023-11-08,44.9,0.0,0.0
Plumas County,2023-11-09,46.1,0.0,0.0
Plumas County,2023-11-10,47.4,0.0,0.0
Plumas County,2023-11-11,51.9,0.0,0.0
Plumas County,2023-11-12,52.1,0.0,0.0
Plumas County,2023-11-13,49.1,0.0,0.0
Plumas County,2023-11-14,49.2,0.0,0.0
Plumas County,2023-11-15,50.8,0.012,0.0
Plumas County,2023-11-16,44.1,0.13,0.0
Plumas County,2023-11-17,47.8,0.047,0.0
Plumas County,2023-11-18,37.5,0.807,0.138
Plumas County,2023-11-19,38.1,0.051,0.11
Plumas County,2023-11-20,43.1,0.0,0.0
Plumas County,2023-11-21,47.2,0.0,0.0
Plumas County,2023-11-22,50.2,0.0,0.0
Plumas County,2023-11-23,40.9,0.043,0.055
Plumas County,2023-11-24,35.2,0.0,0.0
Plumas County,2023-11-25,36.9,0.0,0.0
Plumas County,2023-11-26,41.2,0.0,0.0
Plumas County,2023-11-27,45.0,0.0,0.0
Plumas County,2023-11-28,44.2,0.0,0.0
Plumas County,2023-11-29,38.4,0.0,0.0
Plumas County,2023-11-30,37.1,0.059,0.331
Plumas County,2023-12-01,32.8,0.008,0.055
Plumas County,2023-12-02,33.4,0.118,0.0
Plumas County,2023-12-03,37.5,0.067,0.0
Plumas County,2023-12-04,47.4,0.0,0.0
Plumas County,2023-12-05,47.9,0.0,0.0
Plumas County,2023-12-06,43.5,0.594,1.736
Plumas County,2023-12-07,30.4,0.323,1.957
Plumas County,2023-12-08,31.3,0.0,0.0
Plumas County,2023-12-09,37.1,0.0,0.0
Plumas County,2023-12-10,45.1,0.0,0.0
Plumas County,2023-12-11,41.8,0.0,0.0
Plumas County,2023-12-12,37.9,0.0,0.0
Plumas County,2023-12-13,35.2,0.0,0.0
Plumas County,2023-12-14,38.4,0.0,0.0
Plumas County,2023-12-15,45.6,0.0,0.0
Plumas County,2023-12-16,46.7,0.0,0.0
Plumas County,2023-12-17,43.6,0.004,0.0
Plumas County,2023-12-18,36.0,0.858,1.185
Plumas County,2023-12-19,35.2,0.78,0.193
Plumas County,2023-12-20,43.2,0.098,0.303
Plumas County,2023-12-21,45.2,0.0,0.0
Plumas County,2023-12-22,42.1,0.0,0.0
Plumas County,2023-12-23,38.9,0.0,0.0
Plumas County,2023-12-24,37.6,0.0,0.0
Plumas County,2023-12-25,44.0,0.031,0.0
Plumas County,2023-12-26,44.9,0.004,0.0
Plumas County,2023-12-27,40.4,0.063,0.0
Plumas County,2023-12-28,44.3,0.0,0.0
Plumas County,2023-12-29,46.5,0.0,0.0
Plumas County,2023-12-30,35.6,0.268,0.413
Plumas County,2023-12-31,36.0,0.0,0.0
Plumas County,2024-01-01,41.6,0.0,0.0
Plumas County,2024-01-02,38.7,0.382,2.618
Plumas County,2024-01-03,28.7,0.37,2.591
Plumas County,2024-01-04,37.6,0.0,0.0
Plumas County,2024-01-05,33.3,0.0,0.0
Plumas County,2024-01-06,25.9,0.362,2.508
Plumas County,2024-01-07,27.4,0.0,0.0
Plumas County,2024-01-08,32.1,0.0,0.0
Plumas County,2024-01-09,30.8,0.087,0.303
Plumas County,2024-01-10,27.6,0.768,5.374
Plumas County,2024-01-11,25.8,0.008,0.055
Plumas County,2024-01-12,29.4,0.0,0.0
Plumas County,2024-01-13,31.5,0.906,4.409
Plumas County,2024-01-14,35.6,0.102,0.0
Plumas County,2024-01-15,41.1,0.0,0.0
Plumas County,2024-01-16,38.6,0.217,0.799
Plumas County,2024-01-17,34.1,0.071,0.0
Plumas County,2024-01-18,44.2,0.0,0.0
Plumas County,2024-01-19,45.6,0.024,0.0
Plumas County,2024-01-20,32.8,1.098,3.362
Plumas County,2024-01-21,34.3,0.398,0.496
Plumas County,2024-01-22,33.2,0.646,3.169
Plumas County,2024-01-23,38.2,0.0,0.0
Plumas County,2024-01-24,32.9,0.087,0.193
Plumas County,2024-01-25,37.0,0.047,0.165
Plumas County,2024-01-26,43.9,0.004,0.0
Plumas County,2024-01-27,49.5,0.008,0.0
Plumas County,2024-01-28,56.4,0.012,0.0
Plumas County,2024-01-29,52.7,0.0,0.0
Plumas County,2024-01-30,49.6,0.0,0.0
Plumas County,2024-01-31,43.9,0.358,1.516
Plumas County,2024-02-01,33.7,0.713,4.189
Plumas County,2024-02-02,28.5,0.224,1.571
Plumas County,2024-02-03,30.2,0.016,0.11
Plumas County,2024-02-04,32.3,1.307,8.874
Plumas County,2024-02-05,32.8,1.319,8.157
Plumas County,2024-02-06,32.3,0.004,0.028
Plumas County,2024-02-07,28.5,0.165,1.157
Plumas County,2024-02-08,29.5,0.012,0.083
Plumas County,2024-02-09,28.4,0.008,0.055
Plumas County,2024-02-10,33.0,0.0,0.0
Plumas County,2024-02-11,36.6,0.0,0.0
Plumas County,2024-02-12,36.9,0.0,0.0
Plumas County,2024-02-13,35.6,0.0,0.0
Plumas County,2024-02-14,32.6,1.11,6.972
Plumas County,2024-02-15,34.0,0.272,1.654
Plumas County,2024-02-16,40.8,0.035,0.165
Plumas County,2024-02-17,39.4,0.579,3.087
Plumas County,2024-02-18,38.7,0.61,3.031
Plumas County,2024-02-19,32.5,2.677,14.441
Plumas County,2024-02-20,34.4,0.394,2.48
Plumas County,2024-02-21,34.8,0.063,0.386
Plumas County,2024-02-22,36.9,0.0,0.0
Plumas County,2024-02-23,40.6,0.0,0.0
Plumas County,2024-02-24,44.5,0.0,0.0
Plumas County,2024-02-25,42.5,0.0,0.0
Plumas County,2024-02-26,35.3,0.165,0.165
Plumas County,2024-02-27,42.0,0.0,0.0
Plumas County,2024-02-28,42.8,0.0,0.0
Plumas County,2024-02-29,32.0,1.732,9.783
Plumas County,2024-03-01,28.9,1.854,12.898
Plumas County,2024-03-02,27.2,1.283,8.957
Plumas County,2024-03-03,24.7,0.524,3.693
Plumas County,2024-03-04,26.3,0.205,1.433
Plumas County,2024-03-05,32.1,0.323,1.874
Plumas County,2024-03-06,36.8,0.016,0.0
Plumas County,2024-03-07,35.7,0.008,0.028
Plumas County,2024-03-08,39.1,0.0,0.0
Plumas County,2024-03-09,35.5,0.012,0.0
Plumas County,2024-03-10,36.4,0.035,0.165
Plumas County,2024-03-11,35.2,0.287,1.516
Plumas County,2024-03-12,33.0,0.339,1.709
Plumas County,2024-03-13,34.7,0.0,0.0
Plumas County,2024-03-14,35.7,0.0,0.0
Plumas County,2024-03-15,39.6,0.0,0.0
Plumas County,2024-03-16,46.5,0.0,0.0
Plumas County,2024-03-17,46.8,0.0,0.0
Plumas County,2024-03-18,53.5,0.0,0.0
Plumas County,2024-03-19,45.2,0.0,0.0
Plumas County,2024-03-20,46.7,0.0,0.0
Plumas County,2024-03-21,45.0,0.0,0.0
Plumas County,2024-03-22,42.9,0.732,1.902
Plumas County,2024-03-23,31.2,0.622,4.051
Plumas County,2024-03-24,36.1,0.217,1.461
Plumas County,2024-03-25,37.7,0.031,0.0
Plumas County,2024-03-26,40.7,0.02,0.055
Plumas County,2024-03-27,35.9,0.516,3.197
Plumas County,2024-03-28,32.4,0.461,3.087
Plumas County,2024-03-29,31.2,0.382,2.673
Plumas County,2024-03-30,34.1,0.531,3.417
Plumas County,2024-03-31,40.1,0.016,0.11
Plumas County,2024-04-01,48.0,0.0,0.0
Plumas County,2024-04-02,57.7,0.0,0.0
Plumas County,2024-04-03,47.4,0.039,0.0
Plumas County,2024-04-04,32.0,0.11,0.661
Plumas County,2024-04-05,30.5,0.193,1.35
Plumas County,2024-04-06,32.6,0.008,0.055
Plumas County,2024-04-07,36.3,0.012,0.083
Plumas County,2024-04-08,41.0,0.0,0.0
Plumas County,2024-04-09,57.6,0.0,0.0
Plumas County,2024-04-10,60.7,0.0,0.0
Plumas County,2024-04-11,55.3,0.0,0.0
Plumas County,2024-04-12,46.5,0.039,0.0
Plumas County,2024-04-13,43.3,0.157,0.303
Plumas County,2024-04-14,34.4,0.303,1.929
Plumas County,2024-04-15,52.3,0.0,0.0
Plumas County,2024-04-16,51.4,0.0,0.0
Plumas County,2024-04-17,50.4,0.0,0.0
Plumas County,2024-04-18,55.8,0.0,0.0
Plumas County,2024-04-19,53.7,0.0,0.0
Plumas County,2024-04-20,55.2,0.0,0.0
Plumas County,2024-04-21,64.2,0.0,0.0
Plumas County,2024-04-22,64.5,0.0,0.0
Plumas County,2024-04-23,57.1,0.067,0.0
Plumas County,2024-04-24,54.0,0.0,0.0
Plumas County,2024-04-25,46.4,0.26,0.0
Plumas County,2024-04-26,44.7,0.524,1.378
Plumas County,2024-04-27,54.3,0.0,0.0
Plumas County,2024-04-28,56.5,0.0,0.0
Plumas County,2024-04-29,52.2,0.0,0.0
Plumas County,2024-04-30,54.0,0.0,0.0
Plumas County,2024-05-01,53.4,0.0,0.0
Plumas County,2024-05-02,57.0,0.0,0.0
Plumas County,2024-05-03,60.5,0.004,0.0
Plumas County,2024-05-04,36.0,1.862,9.701
Plumas County,2024-05-05,33.5,0.161,1.13
Plumas County,2024-05-06,41.7,0.0,0.0
Plumas County,2024-05-07,41.6,0.0,0.0
Plumas County,2024-05-08,42.7,0.0,0.0
Plumas County,2024-05-09,56.5,0.0,0.0
Plumas County,2024-05-10,62.1,0.0,0.0
Plumas County,2024-05-11,66.4,0.0,0.0
Plumas County,2024-05-12,67.5,0.0,0.0
Plumas County,2024-05-13,68.5,0.0,0.0
Plumas County,2024-05-14,70.9,0.0,0.0
Plumas County,2024-05-15,72.4,0.0,0.0
Plumas County,2024-05-16,73.7,0.0,0.0
Plumas County,2024-05-17,70.7,0.0,0.0
Plumas County,2024-05-18,69.9,0.0,0.0
Plumas County,2024-05-19,60.6,0.008,0.0
Plumas County,2024-05-20,55.5,0.0,0.0
Plumas County,2024-05-21,62.1,0.0,0.0
Plumas County,2024-05-22,61.0,0.0,0.0
Plumas County,2024-05-23,61.8,0.0,0.0
Plumas County,2024-05-24,61.4,0.0,0.0
Plumas County,2024-05-25,57.4,0.0,0.0
Plumas County,2024-05-26,67.1,0.0,0.0
Plumas County,2024-05-27,71.7,0.0,0.0
Plumas County,2024-05-28,68.6,0.0,0.0
Plumas County,2024-05-29,66.7,0.0,0.0
Plumas County,2024-05-30,70.6,0.0,0.0
Plumas County,2024-05-31,74.4,0.0,0.0
Plumas County,2024-06-01,69.7,0.016,0.0
Plumas County,2024-06-02,70.4,0.0,0.0
Plumas County,2024-06-03,60.8,0.055,0.0
Plumas County,2024-06-04,76.2,0.0,0.0
Plumas County,2024-06-05,83.4,0.0,0.0
Plumas County,2024-06-06,82.8,0.0,0.0
Plumas County,2024-06-07,81.6,0.0,0.0
Plumas County,2024-06-08,80.3,0.0,0.0
Plumas County,2024-06-09,74.4,0.0,0.0
Plumas County,2024-06-10,81.4,0.0,0.0
Plumas County,2024-06-11,84.3,0.0,0.0
Plumas County,2024-06-12,84.3,0.0,0.0
Plumas County,2024-06-13,80.3,0.0,0.0
Plumas County,2024-06-14,74.5,0.0,0.0
Plumas County,2024-06-15,69.3,0.0,0.0
Plumas County,2024-06-16,68.6,0.0,0.0
Plumas County,2024-06-17,60.8,0.0,0.0
Plumas County,2024-06-18,67.6,0.0,0.0
Plumas County,2024-06-19,72.5,0.0,0.0
Plumas County,2024-06-20,79.4,0.0,0.0
Plumas County,2024-06-21,84.9,0.0,0.0
Plumas County,2024-06-22,85.7,0.0,0.0
Plumas County,2024-06-23,80.9,0.0,0.0
Plumas County,2024-06-24,80.8,0.0,0.0
Plumas County,2024-06-25,78.8,0.047,0.0
Plumas County,2024-06-26,76.9,0.008,0.0
Plumas County,2024-06-27,75.3,0.0,0.0
Plumas County,2024-06-28,80.5,0.0,0.0
Plumas County,2024-06-29,78.2,0.0,0.0
Plumas County,2024-06-30,77.8,0.0,0.0
Plumas County,2024-07-01,80.7,0.0,0.0
Plumas County,2024-07-02,87.8,0.0,0.0
Plumas County,2024-07-03,88.6,0.0,0.0
Plumas County,2024-07-04,89.7,0.0,0.0
Plumas County,2024-07-05,93.7,0.0,0.0
Plumas County,2024-07-06,94.5,0.0,0.0
Plumas County,2024-07-07,95.1,0.0,0.0
Plumas County,2024-07-08,93.5,0.0,0.0
Plumas County,2024-07-09,89.9,0.0,0.0
Plumas County,2024-07-10,91.9,0.0,0.0
Plumas County,2024-07-11,92.3,0.0,0.0
Plumas County,2024-07-12,92.4,0.0,0.0
Plumas County,2024-07-13,91.6,0.0,0.0
Plumas County,2024-07-14,85.2,0.004,0.0
Plumas County,2024-07-15,84.1,0.0,0.0
Plumas County,2024-07-16,83.1,0.0,0.0
Plumas County,2024-07-17,81.3,0.0,0.0
Plumas County,2024-07-18,87.5,0.0,0.0
Plumas County,2024-07-19,90.8,0.0,0.0
Plumas County,2024-07-20,93.4,0.0,0.0
Plumas County,2024-07-21,91.5,0.0,0.0
Plumas County,2024-07-22,91.7,0.0,0.0
Plumas County,2024-07-23,90.6,0.0,0.0
Plumas County,2024-07-24,83.4,0.079,0.0
Plumas County,2024-07-25,83.4,0.0,0.0
Plumas County,2024-07-26,81.7,0.0,0.0
Plumas County,2024-07-27,73.4,0.0,0.0
Plumas County,2024-07-28,75.2,0.0,0.0
Plumas County,2024-07-29,75.1,0.0,0.0
Plumas County,2024-07-30,78.9,0.0,0.0
Plumas County,2024-07-31,86.9,0.0,0.0
Plumas County,2024-08-01,87.0,0.0,0.0
Plumas County,2024-08-02,84.8,0.0,0.0
Plumas County,2024-08-03,79.5,0.02,0.0
Plumas County,2024-08-04,84.7,0.0,0.0
Plumas County,2024-08-05,84.2,0.0,0.0
Plumas County,2024-08-06,87.1,0.0,0.0
Plumas County,2024-08-07,86.9,0.0,0.0
Plumas County,2024-08-08,86.2,0.0,0.0
Plumas County,2024-08-09,85.2,0.0,0.0
Plumas County,2024-08-10,84.6,0.0,0.0
Plumas County,2024-08-11,82.2,0.0,0.0
Plumas County,2024-08-12,76.3,0.0,0.0
Plumas County,2024-08-13,75.0,0.0,0.0
Plumas County,2024-08-14,75.6,0.0,0.0
Plumas County,2024-08-15,74.3,0.0,0.0
Plumas County,2024-08-16,77.1,0.0,0.0
Plumas County,2024-08-17,69.4,0.0,0.0
Plumas County,2024-08-18,70.1,0.0,0.0
Plumas County,2024-08-19,72.6,0.0,0.0
Plumas County,2024-08-20,73.5,0.0,0.0
Plumas County,2024-08-21,74.7,0.0,0.0
Plumas County,2024-08-22,68.4,0.0,0.0
Plumas County,2024-08-23,55.4,0.004,0.0
Plumas County,2024-08-24,49.8,0.35,0.0
Plumas County,2024-08-25,67.0,0.0,0.0
Plumas County,2024-08-26,76.5,0.0,0.0
Plumas County,2024-08-27,79.1,0.0,0.0
Plumas County,2024-08-28,80.7,0.0,0.0
Plumas County,2024-08-29,84.2,0.0,0.0
Plumas County,2024-08-30,86.8,0.0,0.0
Plumas County,2024-08-31,85.1,0.0,0.0
Plumas County,2024-09-01,78.8,0.0,0.0
Plumas County,2024-09-02,73.3,0.0,0.0
Plumas County,2024-09-03,78.0,0.0,0.0
Plumas County,2024-09-04,82.7,0.0,0.0
Plumas County,2024-09-05,85.7,0.0,0.0
Plumas County,2024-09-06,82.7,0.0,0.0
Plumas County,2024-09-07,77.1,0.0,0.0
Plumas County,2024-09-08,75.7,0.0,0.0
Plumas County,2024-09-09,76.8,0.0,0.0
Plumas County,2024-09-10,74.6,0.0,0.0
Plumas County,2024-09-11,63.6,0.0,0.0
Plumas County,2024-09-12,67.0,0.0,0.0
Plumas County,2024-09-13,72.5,0.0,0.0
Plumas County,2024-09-14,74.1,0.0,0.0
Plumas County,2024-09-15,61.4,0.0,0.0
Plumas County,2024-09-16,56.0,0.146,0.0
Plumas County,2024-09-17,54.0,0.039,0.0
Plumas County,2024-09-18,60.5,0.248,0.0
Plumas County,2024-09-19,65.1,0.0,0.0
Plumas County,2024-09-20,70.7,0.0,0.0
Plumas County,2024-09-21,71.9,0.0,0.0
Plumas County,2024-09-22,74.6,0.0,0.0
Plumas County,2024-09-23,75.8,0.0,0.0
Plumas County,2024-09-24,77.8,0.0,0.0
Plumas County,2024-09-25,72.8,0.0,0.0
Plumas County,2024-09-26,75.6,0.0,0.0
Plumas County,2024-09-27,81.6,0.0,0.0
Plumas County,2024-09-28,79.3,0.0,0.0
Plumas County,2024-09-29,76.2,0.0,0.0
Plumas County,2024-09-30,75.1,0.0,0.0
Plumas County,2024-10-01,81.6,0.0,0.0
Plumas County,2024-10-02,81.2,0.0,0.0
Plumas County,2024-10-03,78.0,0.0,0.0
Plumas County,2024-10-04,73.6,0.0,0.0
Plumas County,2024-10-05,75.9,0.0,0.0
Plumas County,2024-10-06,74.5,0.0,0.0
Plumas County,2024-10-07,72.8,0.0,0.0
Plumas County,2024-10-08,74.8,0.0,0.0
Plumas County,2024-10-09,71.7,0.0,0.0
Plumas County,2024-10-10,70.0,0.0,0.0
Plumas County,2024-10-11,68.6,0.0,0.0
Plumas County,2024-10-12,59.7,0.0,0.0
Plumas County,2024-10-13,65.4,0.0,0.0
Plumas County,2024-10-14,69.6,0.0,0.0
Plumas County,2024-10-15,69.3,0.0,0.0
Plumas County,2024-10-16,48.1,0.583,0.0
Plumas County,2024-10-17,45.2,0.154,0.083
Plumas County,2024-10-18,47.6,0.0,0.0
Plumas County,2024-10-19,57.3,0.0,0.0
Plumas County,2024-10-20,59.7,0.0,0.0
Plumas County,2024-10-21,56.5,0.0,0.0
Plumas County,2024-10-22,58.8,0.0,0.0
Plumas County,2024-10-23,60.5,0.0,0.0
Plumas County,2024-10-24,56.4,0.0,0.0
Plumas County,2024-10-25,62.0,0.0,0.0
Plumas County,2024-10-26,63.2,0.0,0.0
Plumas County,2024-10-27,50.6,0.157,0.0
Plumas County,2024-10-28,41.9,0.071,0.248
Plumas County,2024-10-29,43.9,0.0,0.0
Plumas County,2024-10-30,43.5,0.008,0.0
Plumas County,2024-10-31,38.2,0.24,0.827
Plumas County,2024-11-01,44.5,0.15,0.579
Plumas County,2024-11-02,39.2,0.193,0.331
Plumas County,2024-11-03,42.4,0.0,0.0
Plumas County,2024-11-04,50.4,0.0,0.0
Plumas County,2024-11-05,47.1,0.0,0.0
Plumas County,2024-11-06,38.5,0.0,0.0
Plumas County,2024-11-07,51.2,0.0,0.0
Plumas County,2024-11-08,54.5,0.0,0.0
Plumas County,2024-11-09,50.6,0.0,0.0
Plumas County,2024-11-10,51.7,0.0,0.0
Plumas County,2024-11-11,37.6,0.594,2.894
Plumas County,2024-11-12,36.0,0.0,0.0
Plumas County,2024-11-13,36.5,0.413,2.535
Plumas County,2024-11-14,37.5,0.138,0.882
Plumas County,2024-11-15,31.5,0.213,1.516
Plumas County,2024-11-16,34.5,0.0,0.0
Plumas County,2024-11-17,41.7,0.063,0.248
Plumas County,2024-11-18,30.3,0.102,0.689
Plumas County,2024-11-19,33.2,0.02,0.138
Plumas County,2024-11-20,31.8,2.185,15.075
Plumas County,2024-11-21,36.2,4.138,6.669
Plumas County,2024-11-22,38.4,3.067,7.193
Plumas County,2024-11-23,31.6,0.909,3.776
Plumas County,2024-11-24,36.0,0.0,0.0
Plumas County,2024-11-25,33.8,0.661,3.528
Plumas County,2024-11-26,33.6,0.598,3.638
Plumas County,2024-11-27,37.0,0.0,0.0
Plumas County,2024-11-28,39.3,0.0,0.0
Plumas County,2024-11-29,39.8,0.0,0.0
Plumas County,2024-11-30,40.2,0.0,0.0
Plumas County,2024-12-01,43.6,0.0,0.0
Plumas County,2024-12-02,46.7,0.0,0.0
Plumas County,2024-12-03,47.5,0.0,0.0
Plumas County,2024-12-04,47.1,0.0,0.0
Plumas County,2024-12-05,45.5,0.0,0.0
Plumas County,2024-12-06,48.6,0.0,0.0
Plumas County,2024-12-07,47.1,0.0,0.0
Plumas County,2024-12-08,42.8,0.0,0.0
Plumas County,2024-12-09,37.9,0.0,0.0
Plumas County,2024-12-10,40.3,0.0,0.0
Plumas County,2024-12-11,44.0,0.0,0.0
Plumas County,2024-12-12,29.2,0.512,3.555
Plumas County,2024-12-13,32.8,0.39,2.343
Plumas County,2024-12-14,31.9,1.854,12.622
Plumas County,2024-12-15,37.5,0.004,0.028
Plumas County,2024-12-16,33.0,0.343,2.15
Plumas County,2024-12-17,42.9,0.0,0.0
Plumas County,2024-12-18,45.9,0.0,0.0
Plumas County,2024-12-19,47.9,0.0,0.0
Plumas County,2024-12-20,42.1,0.0,0.0
Plumas County,2024-12-21,36.0,0.264,0.689
Plumas County,2024-12-22,42.0,0.287,0.0
Plumas County,2024-12-23,43.9,0.016,0.0
Plumas County,2024-12-24,39.0,0.823,3.059
Plumas County,2024-12-25,36.0,0.004,0.028
Plumas County,2024-12-26,33.9,0.736,2.894
Plumas County,2024-12-27,38.4,0.567,2.756
Plumas County,2024-12-28,39.6,0.244,0.0
Plumas County,2024-12-29,36.2,1.248,0.882
Plumas County,2024-12-30,36.4,0.0,0.0
Plumas County,2024-12-31,34.9,0.0,0.0
Plumas County,2025-01-01,39.2,0.02,0.0
Plumas County,2025-01-02,47.0,0.0,0.0
Plumas County,2025-01-03,32.1,1.016,5.512
Plumas County,2025-01-04,34.1,0.02,0.138
Plumas County,2025-01-05,42.0,0.0,0.0
Plumas County,2025-01-06,40.9,0.0,0.0
Plumas County,2025-01-07,35.1,0.0,0.0
Plumas County,2025-01-08,43.4,0.0,0.0
Plumas County,2025-01-09,44.4,0.0,0.0
Plumas County,2025-01-10,47.4,0.0,0.0
Plumas County,2025-01-11,36.3,0.0,0.0
Plumas County,2025-01-12,33.3,0.0,0.0
Plumas County,2025-01-13,35.7,0.0,0.0
Plumas County,2025-01-14,45.0,0.0,0.0
Plumas County,2025-01-15,45.6,0.0,0.0
Plumas County,2025-01-16,42.4,0.0,0.0
Plumas County,2025-01-17,42.3,0.0,0.0
Plumas County,2025-01-18,43.4,0.0,0.0
Plumas County,2025-01-19,42.7,0.0,0.0
Plumas County,2025-01-20,32.8,0.0,0.0
Plumas County,2025-01-21,43.5,0.0,0.0
Plumas County,2025-01-22,47.8,0.0,0.0
Plumas County,2025-01-23,49.2,0.0,0.0
Plumas County,2025-01-24,45.5,0.0,0.0
Plumas County,2025-01-25,25.9,0.051,0.358
Plumas County,2025-01-26,27.3,0.0,0.0
Plumas County,2025-01-27,36.7,0.0,0.0
Plumas County,2025-01-28,42.9,0.0,0.0
Plumas County,2025-01-29,44.4,0.0,0.0
Plumas County,2025-01-30,46.0,0.0,0.0
Plumas County,2025-01-31,31.7,0.39,2.287
Plumas County,2025-02-01,37.9,1.717,0.661
Plumas County,2025-02-02,38.3,2.823,0.138
Plumas County,2025-02-03,37.4,0.988,4.327
Plumas County,2025-02-04,34.3,3.299,14.165
Plumas County,2025-02-05,32.0,0.114,0.303
Plumas County,2025-02-06,34.5,1.484,5.457
Plumas County,2025-02-07,34.2,0.563,2.563
Plumas County,2025-02-08,33.2,0.0,0.0
Plumas County,2025-02-09,36.1,0.0,0.0
Plumas County,2025-02-10,36.9,0.0,0.0
Plumas County,2025-02-11,29.7,0.0,0.0
Plumas County,2025-02-12,35.1,0.0,0.0
Plumas County,2025-02-13,32.4,2.539,14.276
Plumas County,2025-02-14,34.0,0.449,2.315
Plumas County,2025-02-15,43.3,0.0,0.0
Plumas County,2025-02-16,38.3,0.043,0.276
Plumas County,2025-02-17,36.8,0.012,0.0
Plumas County,2025-02-18,43.8,0.004,0.0
Plumas County,2025-02-19,37.2,0.177,0.661
Plumas County,2025-02-20,43.6,0.0,0.0
Plumas County,2025-02-21,49.0,0.0,0.0
Plumas County,2025-02-22,51.6,0.0,0.0
Plumas County,2025-02-23,45.3,0.161,0.0
Plumas County,2025-02-24,47.7,0.0,0.0
Plumas County,2025-02-25,47.0,0.0,0.0
Plumas County,2025-02-26,53.2,0.0,0.0
Plumas County,2025-02-27,58.3,0.0,0.0
Plumas County,2025-02-28,49.8,0.0,0.0
Plumas County,2025-03-01,48.5,0.0,0.0
Plumas County,2025-03-02,31.0,0.516,2.921
Plumas County,2025-03-03,39.7,0.0,0.0
Plumas County,2025-03-04,37.5,0.0,0.0
Plumas County,2025-03-05,36.4,0.268,1.488
Plumas County,2025-03-06,35.5,0.358,2.508
Plumas County,2025-03-07,38.8,0.0,0.0
Plumas County,2025-03-08,50.9,0.0,0.0
Plumas County,2025-03-09,47.2,0.0,0.0
Plumas County,2025-03-10,49.2,0.0,0.0
Plumas County,2025-03-11,48.0,0.0,0.0
Plumas County,2025-03-12,33.3,1.787,9.894
Plumas County,2025-03-13,28.8,0.232,1.626
Plumas County,2025-03-14,28.1,0.264,1.791
Plumas County,2025-03-15,30.7,0.051,0.303
Plumas County,2025-03-16,38.3,0.906,4.161
Plumas County,2025-03-17,32.9,1.106,6.972
Plumas County,2025-03-18,37.7,0.0,0.0
Plumas County,2025-03-19,43.6,0.193,1.323
Plumas County,2025-03-20,42.3,0.02,0.11
Plumas County,2025-03-21,37.8,0.016,0.11
Plumas County,2025-03-22,43.1,0.0,0.0
Plumas County,2025-03-23,57.9,0.0,0.0
Plumas County,2025-03-24,55.1,0.0,0.0
Plumas County,2025-03-25,54.8,0.0,0.0
Plumas County,2025-03-26,60.3,0.004,0.0
Plumas County,2025-03-27,37.9,0.28,0.165
Plumas County,2025-03-28,37.1,0.315,1.02
Plumas County,2025-03-29,38.5,0.059,0.413
Plumas County,2025-03-30,35.9,0.425,1.35
Plumas County,2025-03-31,30.7,0.988,6.146
Plumas County,2025-04-01,31.9,0.547,3.803
Plumas County,2025-04-02,37.7,0.028,0.193
Plumas County,2025-04-03,41.6,0.008,0.028
Plumas County,2025-04-04,44.0,0.0,0.0
Plumas County,2025-04-05,48.8,0.0,0.0
Plumas County,2025-04-06,49.2,0.0,0.0
Plumas County,2025-04-07,44.0,0.118,0.0
Plumas County,2025-04-08,53.9,0.0,0.0
Plumas County,2025-04-09,62.7,0.0,0.0
Plumas County,2025-04-10,62.6,0.0,0.0
Plumas County,2025-04-11,60.4,0.0,0.0
Plumas County,2025-04-12,57.6,0.0,0.0
Plumas County,2025-04-13,55.3,0.0,0.0
Plumas County,2025-04-14,65.1,0.0,0.0
Plumas County,2025-04-15,64.5,0.02,0.0
Plumas County,2025-04-16,63.0,0.043,0.0
Plumas County,2025-04-17,54.4,0.0,0.0
Plumas County,2025-04-18,50.2,0.0,0.0
Plumas County,2025-04-19,58.3,0.0,0.0
Plumas County,2025-04-20,59.5,0.0,0.0
Plumas County,2025-04-21,60.0,0.0,0.0
Plumas County,2025-04-22,59.6,0.0,0.0
Plumas County,2025-04-23,54.7,0.016,0.0
Plumas County,2025-04-24,58.2,0.008,0.0
Plumas County,2025-04-25,47.3,0.008,0.0
Plumas County,2025-04-26,36.4,0.201,1.13
Plumas County,2025-04-27,37.9,0.469,3.004
Plumas County,2025-04-28,57.3,0.0,0.0
Plumas County,2025-04-29,61.2,0.012,0.0
Plumas County,2025-04-30,62.1,0.0,0.0
Plumas County,2025-05-01,66.2,0.0,0.0
Plumas County,2025-05-02,63.6,0.004,0.0
Plumas County,2025-05-03,53.4,0.0,0.0
Plumas County,2025-05-04,52.6,0.004,0.0
Plumas County,2025-05-05,57.8,0.0,0.0
Plumas County,2025-05-06,58.3,0.0,0.0
Plumas County,2025-05-07,64.2,0.0,0.0
Plumas County,2025-05-08,67.8,0.0,0.0
Plumas County,2025-05-09,71.5,0.0,0.0
Plumas County,2025-05-10,69.3,0.0,0.0
Plumas County,2025-05-11,57.1,0.0,0.0
Plumas County,2025-05-12,35.5,0.618,2.343
Plumas County,2025-05-13,48.3,0.094,0.165
Plumas County,2025-05-14,54.6,0.0,0.0
Plumas County,2025-05-15,61.3,0.0,0.0
Plumas County,2025-05-16,60.2,0.0,0.0
Plumas County,2025-05-17,47.2,0.28,0.138
Plumas County,2025-05-18,58.4,0.0,0.0
Plumas County,2025-05-19,64.2,0.0,0.0
Plumas County,2025-05-20,64.8,0.0,0.0
Plumas County,2025-05-21,68.6,0.0,0.0
Plumas County,2025-05-22,60.7,0.0,0.0
Plumas County,2025-05-23,63.7,0.0,0.0
Plumas County,2025-05-24,70.2,0.0,0.0
Plumas County,2025-05-25,68.8,0.0,0.0
Plumas County,2025-05-26,64.2,0.0,0.0
Plumas County,2025-05-27,75.7,0.0,0.0
Plumas County,2025-05-28,74.7,0.0,0.0
Plumas County,2025-05-29,77.4,0.0,0.0
Plumas County,2025-05-30,86.6,0.0,0.0
Plumas County,2025-05-31,84.3,0.0,0.0
Plumas County,2025-06-01,76.2,0.0,0.0
Plumas County,2025-06-02,77.4,0.0,0.0
Plumas County,2025-06-03,77.1,0.0,0.0
Plumas County,2025-06-04,73.8,0.0,0.0
Plumas County,2025-06-05,74.2,0.0,0.0
Plumas County,2025-06-06,77.8,0.0,0.0
Plumas County,2025-06-07,80.3,0.0,0.0
Plumas County,2025-06-08,85.5,0.197,0.0
Plumas County,2025-06-09,81.6,0.02,0.0
Plumas County,2025-06-10,80.1,0.0,0.0
Plumas County,2025-06-11,76.2,0.0,0.0
Plumas County,2025-06-12,75.1,0.0,0.0
Plumas County,2025-06-13,69.5,0.0,0.0
Plumas County,2025-06-14,72.6,0.0,0.0
Plumas County,2025-06-15,74.2,0.0,0.0
Plumas County,2025-06-16,73.8,0.0,0.0
Plumas County,2025-06-17,79.6,0.0,0.0
Plumas County,2025-06-18,83.5,0.0,0.0
Plumas County,2025-06-19,77.8,0.0,0.0
Plumas County,2025-06-20,60.8,0.0,0.0
Plumas County,2025-06-21,57.0,0.012,0.0
Plumas County,2025-06-22,63.5,0.0,0.0
Plumas County,2025-06-23,71.9,0.004,0.0
Plumas County,2025-06-24,77.1,0.0,0.0
Plumas County,2025-06-25,76.9,0.0,0.0
Plumas County,2025-06-26,77.5,0.0,0.0
Plumas County,2025-06-27,80.8,0.0,0.0
Plumas County,2025-06-28,83.1,0.0,0.0
Plumas County,2025-06-29,88.7,0.0,0.0
Plumas County,2025-06-30,87.0,0.012,0.0
Plumas County,2025-07-01,81.0,0.0,0.0
Plumas County,2025-07-02,82.6,0.0,0.0
Plumas County,2025-07-03,77.1,0.0,0.0
Plumas County,2025-07-04,67.6,0.0,0.0
Plumas County,2025-07-05,75.1,0.0,0.0
Plumas County,2025-07-06,85.8,0.0,0.0
Plumas County,2025-07-07,86.1,0.0,0.0
Plumas County,2025-07-08,77.6,0.0,0.0
Plumas County,2025-07-09,75.7,0.0,0.0
Plumas County,2025-07-10,84.1,0.0,0.0
Plumas County,2025-07-11,90.4,0.0,0.0
Plumas County,2025-07-12,92.3,0.0,0.0
Plumas County,2025-07-13,93.6,0.0,0.0
Plumas County,2025-07-14,90.0,0.0,0.0
Plumas County,2025-07-15,84.5,0.0,0.0
Plumas County,2025-07-16,81.9,0.0,0.0
Plumas County,2025-07-17,79.9,0.0,0.0
Plumas County,2025-07-18,82.7,0.0,0.0
Plumas County,2025-07-19,84.2,0.0,0.0
Plumas County,2025-07-20,81.6,0.0,0.0
Plumas County,2025-07-21,70.3,0.055,0.0
Plumas County,2025-07-22,71.6,0.0,0.0
Plumas County,2025-07-23,77.5,0.0,0.0
Plumas County,2025-07-24,76.8,0.059,0.0
Plumas County,2025-07-25,74.4,0.417,0.0
Plumas County,2025-07-26,71.6,0.035,0.0
Plumas County,2025-07-27,73.8,0.004,0.0
Plumas County,2025-07-28,76.2,0.0,0.0
Plumas County,2025-07-29,78.5,0.0,0.0
Plumas County,2025-07-30,72.0,0.028,0.0
Plumas County,2025-07-31,77.2,0.0,0.0
Plumas County,2025-08-01,78.8,0.0,0.0
Plumas County,2025-08-02,78.8,0.0,0.0
Plumas County,2025-08-03,76.7,0.0,0.0
Plumas County,2025-08-04,73.8,0.0,0.0
Plumas County,2025-08-05,76.3,0.0,0.0
Plumas County,2025-08-06,78.9,0.0,0.0
Plumas County,2025-08-07,79.5,0.0,0.0
Plumas County,2025-08-08,82.9,0.0,0.0
Plumas County,2025-08-09,86.8,0.0,0.0
Plumas County,2025-08-10,90.4,0.0,0.0
Plumas County,2025-08-11,91.5,0.0,0.0
Plumas County,2025-08-12,90.0,0.0,0.0
Plumas County,2025-08-13,85.2,0.0,0.0
Plumas County,2025-08-14,80.9,0.0,0.0
Plumas County,2025-08-15,81.5,0.0,0.0
Plumas County,2025-08-16,75.3,0.0,0.0
Plumas County,2025-08-17,71.7,0.008,0.0
Plumas County,2025-08-18,72.6,0.0,0.0
Plumas County,2025-08-19,76.1,0.0,0.0
Plumas County,2025-08-20,80.2,0.0,0.0
Plumas County,2025-08-21,87.5,0.0,0.0
Plumas County,2025-08-22,87.9,0.0,0.0
Plumas County,2025-08-23,86.3,0.004,0.0
Plumas County,2025-08-24,78.9,0.13,0.0
Plumas County,2025-08-25,76.8,0.055,0.0
Plumas County,2025-08-26,70.5,0.047,0.0
Plumas County,2025-08-27,73.1,0.047,0.0
Plumas County,2025-08-28,76.2,0.0,0.0
Plumas County,2025-08-29,76.0,0.004,0.0
Plumas County,2025-08-30,79.8,0.0,0.0
Plumas County,2025-08-31,80.0,0.0,0.0
Plumas County,2025-09-01,81.2,0.0,0.0
Plumas County,2025-09-02,79.7,0.094,0.0
Plumas County,2025-09-03,79.1,0.154,0.0
Plumas County,2025-09-04,77.5,0.0,0.0
Plumas County,2025-09-05,76.5,0.0,0.0
Plumas County,2025-09-06,71.2,0.0,0.0
Plumas County,2025-09-07,67.8,0.0,0.0
Plumas County,2025-09-08,66.5,0.0,0.0
Plumas County,2025-09-09,61.8,0.008,0.0
Plumas County,2025-09-10,58.5,0.287,0.0
Plumas County,2025-09-11,61.4,0.008,0.0
Plumas County,2025-09-12,67.3,0.0,0.0
Plumas County,2025-09-13,73.4,0.0,0.0
Plumas County,2025-09-14,69.5,0.0,0.0
Plumas County,2025-09-15,77.0,0.0,0.0
Plumas County,2025-09-16,77.7,0.0,0.0
Plumas County,2025-09-17,79.5,0.0,0.0
Plumas County,2025-09-18,82.0,0.0,0.0
Plumas County,2025-09-19,59.8,0.063,0.0
Plumas County,2025-09-20,69.7,0.0,0.0
Plumas County,2025-09-21,68.8,0.02,0.0
Plumas County,2025-09-22,75.0,0.0,0.0
Plumas County,2025-09-23,77.9,0.0,0.0
Plumas County,2025-09-24,80.5,0.0,0.0
Plumas County,2025-09-25,76.7,0.0,0.0
Plumas County,2025-09-26,75.7,0.0,0.0
Plumas County,2025-09-27,77.0,0.0,0.0
Plumas County,2025-09-28,67.1,0.0,0.0
Plumas County,2025-09-29,53.1,0.327,0.0
Plumas County,2025-09-30,50.5,0.193,0.0
Plumas County,2025-10-01,50.6,0.059,0.0
Plumas County,2025-10-02,47.4,0.504,0.0
Plumas County,2025-10-03,48.9,0.031,0.0
Plumas County,2025-10-04,57.3,0.0,0.0
Plumas County,2025-10-05,57.2,0.0,0.0
Plumas County,2025-10-06,59.9,0.0,0.0
Plumas County,2025-10-07,65.3,0.0,0.0
Plumas County,2025-10-08,64.0,0.0,0.0
Plumas County,2025-10-09,55.6,0.0,0.0
Plumas County,2025-10-10,51.0,0.087,0.0
Plumas County,2025-10-11,44.3,0.189,0.0
Plumas County,2025-10-12,54.6,0.0,0.0
Plumas County,2025-10-13,42.2,0.169,0.358
Plumas County,2025-10-14,46.5,0.232,0.0
Plumas County,2025-10-15,43.9,0.386,1.213
Plumas County,2025-10-16,53.1,0.0,0.0
Plumas County,2025-10-17,61.1,0.0,0.0
Plumas County,2025-10-18,63.7,0.0,0.0
Plumas County,2025-10-19,57.6,0.0,0.0
Plumas County,2025-10-20,59.1,0.0,0.0
Plumas County,2025-10-21,63.7,0.0,0.0
Plumas County,2025-10-22,49.6,0.118,0.0
Plumas County,2025-10-23,59.8,0.0,0.0
Plumas County,2025-10-24,58.5,0.0,0.0
Plumas County,2025-10-25,41.7,0.323,0.0
Plumas County,2025-10-26,39.6,0.413,0.0
Plumas County,2025-10-27,53.4,0.0,0.0
Plumas County,2025-10-28,60.9,0.0,0.0
Plumas County,2025-10-29,63.6,0.0,0.0
Plumas County,2025-10-30,60.0,0.0,0.0
Plumas County,2025-10-31,60.3,0.0,0.0
Plumas County,2025-11-01,62.5,0.0,0.0
Plumas County,2025-11-02,62.4,0.0,0.0
Plumas County,2025-11-03,56.8,0.0,0.0
Plumas County,2025-11-04,54.7,0.02,0.0
Plumas County,2025-11-05,43.5,1.051,1.406
Plumas County,2025-11-06,49.8,0.0,0.0
Plumas County,2025-11-07,53.6,0.0,0.0
Plumas County,2025-11-08,61.0,0.0,0.0
Plumas County,2025-11-09,62.9,0.0,0.0
Plumas County,2025-11-10,60.0,0.0,0.0
Plumas County,2025-11-11,57.1,0.0,0.0
Plumas County,2025-11-12,54.8,0.004,0.0
Plumas County,2025-11-13,42.6,2.22,0.0
Plumas County,2025-11-14,51.0,0.287,0.0
Plumas County,2025-11-15,56.0,0.0,0.0
Plumas County,2025-11-16,40.6,0.335,0.0
Plumas County,2025-11-17,35.7,0.571,0.331
Plumas County,2025-11-18,44.6,0.004,0.0
Plumas County,2025-11-19,38.2,0.004,0.0
Plumas County,2025-11-20,36.7,0.157,0.276
Plumas County,2025-11-21,42.7,0.0,0.0
Plumas County,2025-11-22,48.0,0.0,0.0
Plumas County,2025-11-23,47.1,0.0,0.0
Plumas County,2025-11-24,44.7,0.0,0.0
Plumas County,2025-11-25,49.2,0.0,0.0
Plumas County,2025-11-26,52.8,0.0,0.0
Plumas County,2025-11-27,54.4,0.0,0.0
Plumas County,2025-11-28,47.3,0.0,0.0
Plumas County,2025-11-29,46.3,0.0,0.0
Plumas County,2025-11-30,43.8,0.0,0.0
Plumas County,2025-12-01,46.5,0.0,0.0
Plumas County,2025-12-02,47.9,0.0,0.0
Plumas County,2025-12-03,38.9,0.0,0.0
Plumas County,2025-12-04,44.8,0.0,0.0
Plumas County,2025-12-05,46.1,0.0,0.0
Plumas County,2025-12-06,44.3,0.0,0.0
Plumas County,2025-12-07,49.0,0.0,0.0
Plumas County,2025-12-08,49.4,0.0,0.0
Plumas County,2025-12-09,52.8,0.0,0.0
Plumas County,2025-12-10,52.9,0.0,0.0
Plumas County,2025-12-11,50.9,0.0,0.0
Plumas County,2025-12-12,51.9,0.0,0.0
Plumas County,2025-12-13,50.9,0.0,0.0
Plumas County,2025-12-14,50.8,0.0,0.0
Plumas County,2025-12-15,49.1,0.0,0.0
Plumas County,2025-12-16,45.5,0.13,0.0
Plumas County,2025-12-17,42.1,0.524,0.0
Plumas County,2025-12-18,48.0,0.0,0.0
Plumas County,2025-12-19,36.5,0.642,0.11
Plumas County,2025-12-20,41.4,0.303,0.0
Plumas County,2025-12-21,41.3,3.516,0.0
Plumas County,2025-12-22,39.3,1.516,0.358
Plumas County,2025-12-23,44.8,0.177,0.0
Plumas County,2025-12-24,37.8,2.311,2.067
Plumas County,2025-12-25,33.7,2.256,12.484
Plumas County,2025-12-26,32.0,0.579,3.583
Plumas County,2025-12-27,34.8,0.079,0.524
Plumas County,2025-12-28,33.2,0.0,0.0
Plumas County,2025-12-29,36.7,0.0,0.0
Plumas County,2025-12-30,40.8,0.0,0.0
Plumas County,2025-12-31,39.0,0.161,0.0
Plumas County,2026-01-01,38.3,0.587,0.0
Plumas County,2026-01-02,42.5,0.028,0.0
Plumas County,2026-01-03,34.2,1.516,1.957
Plumas County,2026-01-04,31.7,1.528,8.957
Plumas County,2026-01-05,33.7,0.358,1.929
Plumas County,2026-01-06,37.0,0.016,0.028
Plumas County,2026-01-07,35.0,0.315,1.543
Plumas County,2026-01-08,28.1,0.197,1.378
Plumas County,2026-01-09,37.5,0.0,0.0
Plumas County,2026-01-10,40.8,0.0,0.0
Plumas County,2026-01-11,44.4,0.0,0.0
Plumas County,2026-01-12,41.7,0.0,0.0
Plumas County,2026-01-13,44.9,0.0,0.0
Plumas County,2026-01-14,46.1,0.0,0.0
Plumas County,2026-01-15,43.9,0.0,0.0
Plumas County,2026-01-16,43.8,0.0,0.0
Plumas County,2026-01-17,45.3,0.0,0.0
Plumas County,2026-01-18,42.9,0.0,0.0
Plumas County,2026-01-19,42.5,0.0,0.0
Plumas County,2026-01-20,40.1,0.0,0.0
Plumas County,2026-01-21,39.2,0.0,0.0
Plumas County,2026-01-22,45.5,0.0,0.0
Plumas County,2026-01-23,42.8,0.0,0.0
Plumas County,2026-01-24,35.8,0.0,0.0
Plumas County,2026-01-25,37.6,0.0,0.0
Plumas County,2026-01-26,41.0,0.0,0.0
Plumas County,2026-01-27,43.8,0.0,0.0
Plumas County,2026-01-28,39.7,0.047,0.331
Plumas County,2026-01-29,45.3,0.0,0.0
Plumas County,2026-01-30,51.6,0.0,0.0
Plumas County,2026-01-31,54.5,0.0,0.0
Plumas County,2026-02-01,53.1,0.0,0.0
Plumas County,2026-02-02,54.7,0.0,0.0
Plumas County,2026-02-03,56.7,0.0,0.0
Plumas County,2026-02-04,56.4,0.0,0.0
Plumas County,2026-02-05,55.9,0.0,0.0
Plumas County,2026-02-06,51.9,0.0,0.0
Plumas County,2026-02-07,50.8,0.0,0.0
Plumas County,2026-02-08,50.4,0.02,0.0
Plumas County,2026-02-09,44.7,0.094,0.0
Plumas County,2026-02-10,42.2,0.386,1.35
Plumas County,2026-02-11,38.0,0.24,1.323
Plumas County,2026-02-12,41.4,0.02,0.0
Plumas County,2026-02-13,46.0,0.0,0.0
Plumas County,2026-02-14,44.5,0.0,0.0
Plumas County,2026-02-15,40.4,0.031,0.0
Plumas County,2026-02-16,31.1,1.547,10.555
Plumas County,2026-02-17,24.8,1.386,9.673
Plumas County,2026-02-18,23.1,0.161,1.13
Plumas County,2026-02-19,25.0,0.591,4.106
Plumas County,2026-02-20,31.6,0.0,0.0
Plumas County,2026-02-21,38.7,0.0,0.0
Plumas County,2026-02-22,45.1,0.0,0.0
Plumas County,2026-02-23,50.1,0.02,0.0
Plumas County,2026-02-24,40.2,1.811,0.0
Plumas County,2026-02-25,45.2,0.354,0.0
Plumas County,2026-02-26,50.5,0.0,0.0
Plumas County,2026-02-27,52.0,0.0,0.0
Plumas County,2026-02-28,55.2,0.039,0.0
Plumas County,2026-03-01,46.7,0.157,0.0
Plumas County,2026-03-02,46.5,0.024,0.0
Plumas County,2026-03-03,53.9,0.0,0.0
Plumas County,2026-03-04,40.9,0.055,0.138
Plumas County,2026-03-05,41.8,0.0,0.0
Plumas County,2026-03-06,43.7,0.0,0.0
Plumas County,2026-03-07,50.5,0.0,0.0
Plumas County,2026-03-08,60.5,0.0,0.0
Plumas County,2026-03-09,56.7,0.0,0.0
Plumas County,2026-03-10,50.2,0.0,0.0
Plumas County,2026-03-11,55.7,0.0,0.0
Plumas County,2026-03-12,60.4,0.0,0.0
Plumas County,2026-03-13,60.3,0.0,0.0
Plumas County,2026-03-14,58.3,0.0,0.0
Plumas County,2026-03-15,60.5,0.0,0.0
Plumas County,2026-03-16,67.4,0.0,0.0
Plumas County,2026-03-17,70.5,0.0,0.0
Plumas County,2026-03-18,70.3,0.0,0.0
Plumas County,2026-03-19,70.5,0.0,0.0
Plumas County,2026-03-20,73.5,0.0,0.0
Plumas County,2026-03-21,67.5,0.0,0.0
Plumas County,2026-03-22,66.4,0.0,0.0
Plumas County,2026-03-23,61.4,0.0,0.0
Plumas County,2026-03-24,65.0,0.0,0.0
Plumas County,2026-03-25,62.8,0.0,0.0
Plumas County,2026-03-26,56.3,0.0,0.0
Plumas County,2026-03-27,64.0,0.0,0.0
Plumas County,2026-03-28,64.5,0.0,0.0
Plumas County,2026-03-29,65.0,0.0,0.0
Plumas County,2026-03-30,60.5,0.0,0.0
Plumas County,2026-03-31,41.7,0.358,0.0
Plumas County,2026-04-01,36.3,0.972,0.0
Plumas County,2026-04-02,43.4,0.161,0.165
Plumas County,2026-04-03,52.5,0.0,0.0
Plumas County,2026-04-04,60.0,0.0,0.0
Plumas County,2026-04-05,62.4,0.0,0.0
Plumas County,2026-04-06,62.6,0.0,0.0
Plumas County,2026-04-07,62.2,0.0,0.0
Plumas County,2026-04-08,59.3,0.004,0.0
Plumas County,2026-04-09,54.6,0.035,0.0
Plumas County,2026-04-10,45.5,0.496,0.165
Plumas County,2026-04-11,36.6,1.52,5.264
Plumas County,2026-04-12,34.5,0.217,1.406
Plumas County,2026-04-13,44.6,0.0,0.0
Plumas County,2026-04-14,49.6,0.0,0.0
Plumas County,2026-04-15,48.7,0.016,0.0
Plumas County,2026-04-16,42.9,0.059,0.0
Plumas County,2026-04-17,52.6,0.0,0.0
Plumas County,2026-04-18,59.4,0.0,0.0
Plumas County,2026-04-19,56.5,0.0,0.0
Plumas County,2026-04-20,53.7,0.0,0.0
Plumas County,2026-04-21,39.1,0.685,1.846
Plumas County,2026-04-22,42.2,0.15,0.909
Plumas County,2026-04-23,54.8,0.0,0.0
Plumas County,2026-04-24,54.7,0.0,0.0
Plumas County,2026-04-25,50.2,0.012,0.0
Plumas County,2026-04-26,39.4,0.232,0.689
Plumas County,2026-04-27,46.0,0.039,0.0
Plumas County,2026-04-28,53.5,0.039,0.0
Plumas County,2026-04-29,59.5,0.0,0.0
Plumas County,2026-04-30,63.3,0.0,0.0
Plumas County,2026-05-01,66.2,0.0,0.0
Plumas County,2026-05-02,60.2,0.0,0.0
Plumas County,2026-05-03,60.6,0.276,0.0
Plumas County,2026-05-04,45.7,0.559,0.0
Plumas County,2026-05-05,63.2,0.008,0.0
Plumas County,2026-05-06,68.5,0.0,0.0
Plumas County,2026-05-07,67.0,0.0,0.0
Plumas County,2026-05-08,67.5,0.0,0.0
Plumas County,2026-05-09,74.4,0.0,0.0
Plumas County,2026-05-10,75.1,0.0,0.0
Plumas County,2026-05-11,75.1,0.0,0.0
Plumas County,2026-05-12,74.3,0.0,0.0
Plumas County,2026-05-13,64.4,0.0,0.0
Plumas County,2026-05-14,70.4,0.0,0.0
Plumas County,2026-05-15,67.4,0.0,0.0
Plumas County,2026-05-16,60.9,0.0,0.0
Plumas County,2026-05-17,47.2,0.0,0.0
Plumas County,2026-05-18,55.6,0.0,0.0
Plumas County,2026-05-19,63.7,0.0,0.0
Plumas County,2026-05-20,69.1,0.0,0.0
Plumas County,2026-05-21,71.2,0.016,0.0
Plumas County,2026-05-22,70.7,0.02,0.0
Plumas County,2026-05-23,70.0,0.0,0.0
Plumas County,2026-05-24,71.8,0.0,0.0
Plumas County,2026-05-25,67.1,0.0,0.0
Plumas County,2026-05-26,41.0,0.469,0.165
Plumas County,2026-05-27,40.8,0.138,0.0
Plumas County,2026-05-28,53.4,0.398,0.0
Plumas County,2026-05-29,49.5,0.228,0.0
Plumas County,2026-05-30,57.7,0.004,0.0
Plumas County,2026-05-31,66.0,0.008,0.0
Plumas County,2026-06-01,71.6,0.0,0.0
Plumas County,2026-06-02,75.3,0.0,0.0
Plumas County,2026-06-03,73.3,0.0,0.0
Plumas County,2026-06-04,77.0,0.0,0.0
Plumas County,2026-06-05,77.1,0.0,0.0
Plumas County,2026-06-06,67.2,0.0,0.0
Plumas County,2026-06-07,67.3,0.0,0.0
Plumas County,2026-06-08,60.7,0.016,0.0
Plumas County,2026-06-09,65.9,0.059,0.0
Plumas County,2026-06-10,76.4,0.0,0.0
Plumas County,2026-06-11,81.4,0.0,0.0
Plumas County,2026-06-12,82.0,0.0,0.0
Plumas County,2026-06-13,84.3,0.0,0.0
Plumas County,2026-06-14,85.2,0.0,0.0
Plumas County,2026-06-15,86.4,0.0,0.0
Plumas County,2026-06-16,87.4,0.0,0.0
Plumas County,2026-06-17,85.5,0.0,0.0
Plumas County,2026-06-18,86.1,0.067,0.0
Plumas County,2026-06-19,70.6,0.118,0.0
Plumas County,2026-06-20,73.3,0.0,0.0
Plumas County,2026-06-21,77.8,0.0,0.0
Plumas County,2026-06-22,81.1,0.0,0.0
Plumas County,2026-06-23,80.6,0.0,0.0
Plumas County,2026-06-24,78.5,0.0,0.0
Plumas County,2026-06-25,77.1,0.0,0.0
Plumas County,2026-06-26,63.6,0.043,0.0
Plumas County,2026-06-27,58.5,0.0,0.0
Plumas County,2026-06-28,65.7,0.008,0.0
Plumas County,2026-06-29,68.9,0.0,0.0
Plumas County,2026-06-30,70.7,0.0,0.0
Plumas County,2026-07-01,71.6,0.0,0.0
Plumas County,2026-07-02,75.9,0.004,0.0
Plumas County,2026-07-03,79.3,0.0,0.0
Plumas County,2026-07-04,85.2,0.016,0.0
Plumas County,2026-07-05,77.9,0.004,0.0
Plumas County,2026-07-06,78.6,0.0,0.0
Plumas County,2026-07-07,81.2,0.0,0.0
Plumas County,2026-07-08,80.7,0.0,0.0
Plumas County,2026-07-09,83.4,0.0,0.0
Plumas County,2026-07-10,81.1,0.0,0.0
Plumas County,2026-07-11,83.8,0.0,0.0
Plumas County,2026-07-12,76.4,0.004,0.0
Plumas County,2026-07-13,78.7,0.114,0.0
Plumas County,2026-07-14,79.1,0.02,0.0
Plumas County,2026-07-15,82.5,0.0,0.0
Plumas County,2026-07-16,80.6,0.0,0.0
Plumas County,2026-07-17,81.3,0.0,0.0
Plumas County,2026-07-18,81.9,0.0,0.0
Plumas County,2026-07-19,85.5,0.0,0.0
Plumas County,2026-07-20,79.8,0.024,0.0
Plumas County,2026-07-21,81.7,0.146,0.0
Plumas County,2026-07-22,78.9,0.0,0.0
Plumas County,2026-07-23,84.0,0.0,0.0
Plumas County,2026-07-24,85.2,0.0,0.0
Plumas County,2026-07-25,81.0,0.0,0.0
Plumas County,2026-07-26,79.4,0.0,0.0
Plumas County,2026-07-27,80.8,0.0,0.0
Plumas County,2026-07-28,82.5,0.0,0.0
Plumas County,2026-07-29,82.3,0.0,0.0
Colusa County,2023-07-30,104.5,0.0,0.0
Colusa County,2023-07-31,103.3,0.0,0.0
Colusa County,2023-08-01,100.5,0.0,0.0
Colusa County,2023-08-02,98.0,0.0,0.0
Colusa County,2023-08-03,96.5,0.0,0.0
Colusa County,2023-08-04,102.0,0.0,0.0
Colusa County,2023-08-05,107.3,0.0,0.0
Colusa County,2023-08-06,108.2,0.0,0.0
Colusa County,2023-08-07,108.2,0.0,0.0
Colusa County,2023-08-08,97.5,0.0,0.0
Colusa County,2023-08-09,95.9,0.0,0.0
Colusa County,2023-08-10,99.1,0.0,0.0
Colusa County,2023-08-11,97.8,0.0,0.0
Colusa County,2023-08-12,103.6,0.0,0.0
Colusa County,2023-08-13,109.6,0.0,0.0
Colusa County,2023-08-14,105.9,0.0,0.0
Colusa County,2023-08-15,111.4,0.0,0.0
Colusa County,2023-08-16,113.4,0.0,0.0
Colusa County,2023-08-17,111.0,0.0,0.0
Colusa County,2023-08-18,104.4,0.0,0.0
Colusa County,2023-08-19,104.5,0.0,0.0
Colusa County,2023-08-20,95.6,0.0,0.0
Colusa County,2023-08-21,90.1,0.114,0.0
Colusa County,2023-08-22,93.7,0.0,0.0
Colusa County,2023-08-23,100.2,0.0,0.0
Colusa County,2023-08-24,101.8,0.0,0.0
Colusa County,2023-08-25,98.3,0.0,0.0
Colusa County,2023-08-26,98.8,0.0,0.0
Colusa County,2023-08-27,100.0,0.0,0.0
Colusa County,2023-08-28,102.7,0.0,0.0
Colusa County,2023-08-29,99.4,0.0,0.0
Colusa County,2023-08-30,105.3,0.0,0.0
Colusa County,2023-08-31,101.0,0.0,0.0
Colusa County,2023-09-01,86.4,0.016,0.0
Colusa County,2023-09-02,82.2,0.0,0.0
Colusa County,2023-09-03,82.6,0.012,0.0
Colusa County,2023-09-04,92.0,0.0,0.0
Colusa County,2023-09-05,94.0,0.0,0.0
Colusa County,2023-09-06,95.2,0.0,0.0
Colusa County,2023-09-07,94.2,0.0,0.0
Colusa County,2023-09-08,95.0,0.0,0.0
Colusa County,2023-09-09,95.3,0.0,0.0
Colusa County,2023-09-10,97.7,0.0,0.0
Colusa County,2023-09-11,99.4,0.0,0.0
Colusa County,2023-09-12,96.8,0.0,0.0
Colusa County,2023-09-13,100.0,0.0,0.0
Colusa County,2023-09-14,103.6,0.0,0.0
Colusa County,2023-09-15,96.5,0.0,0.0
Colusa County,2023-09-16,96.5,0.0,0.0
Colusa County,2023-09-17,91.3,0.0,0.0
Colusa County,2023-09-18,89.2,0.0,0.0
Colusa County,2023-09-19,89.4,0.0,0.0
Colusa County,2023-09-20,91.9,0.0,0.0
Colusa County,2023-09-21,85.5,0.0,0.0
Colusa County,2023-09-22,85.3,0.0,0.0
Colusa County,2023-09-23,85.7,0.0,0.0
Colusa County,2023-09-24,86.7,0.0,0.0
Colusa County,2023-09-25,80.4,0.0,0.0
Colusa County,2023-09-26,84.4,0.0,0.0
Colusa County,2023-09-27,87.3,0.0,0.0
Colusa County,2023-09-28,89.7,0.0,0.0
Colusa County,2023-09-29,84.3,0.024,0.0
Colusa County,2023-09-30,70.3,0.303,0.0
Colusa County,2023-10-01,78.6,0.0,0.0
Colusa County,2023-10-02,83.3,0.0,0.0
Colusa County,2023-10-03,85.9,0.0,0.0
Colusa County,2023-10-04,92.4,0.0,0.0
Colusa County,2023-10-05,94.6,0.0,0.0
Colusa County,2023-10-06,95.8,0.0,0.0
Colusa County,2023-10-07,94.9,0.0,0.0
Colusa County,2023-10-08,94.6,0.0,0.0
Colusa County,2023-10-09,75.9,0.059,0.0
Colusa County,2023-10-10,74.9,0.02,0.0
Colusa County,2023-10-11,76.6,0.0,0.0
Colusa County,2023-10-12,82.9,0.0,0.0
Colusa County,2023-10-13,75.2,0.043,0.0
Colusa County,2023-10-14,80.8,0.0,0.0
Colusa County,2023-10-15,83.8,0.0,0.0
Colusa County,2023-10-16,81.5,0.0,0.0
Colusa County,2023-10-17,88.7,0.0,0.0
Colusa County,2023-10-18,91.5,0.0,0.0
Colusa County,2023-10-19,94.1,0.0,0.0
Colusa County,2023-10-20,88.8,0.0,0.0
Colusa County,2023-10-21,82.8,0.0,0.0
Colusa County,2023-10-22,64.9,0.303,0.0
Colusa County,2023-10-23,82.1,0.0,0.0
Colusa County,2023-10-24,76.7,0.0,0.0
Colusa County,2023-10-25,64.8,0.0,0.0
Colusa County,2023-10-26,68.9,0.0,0.0
Colusa County,2023-10-27,66.7,0.0,0.0
Colusa County,2023-10-28,69.4,0.0,0.0
Colusa County,2023-10-29,73.7,0.0,0.0
Colusa County,2023-10-30,72.7,0.0,0.0
Colusa County,2023-10-31,73.7,0.0,0.0
Colusa County,2023-11-01,73.7,0.0,0.0
Colusa County,2023-11-02,69.7,0.0,0.0
Colusa County,2023-11-03,79.2,0.0,0.0
Colusa County,2023-11-04,81.4,0.028,0.0
Colusa County,2023-11-05,71.9,0.039,0.0
Colusa County,2023-11-06,71.4,0.008,0.0
Colusa County,2023-11-07,67.3,0.0,0.0
Colusa County,2023-11-08,72.0,0.0,0.0
Colusa County,2023-11-09,65.0,0.0,0.0
Colusa County,2023-11-10,68.1,0.035,0.0
Colusa County,2023-11-11,70.6,0.0,0.0
Colusa County,2023-11-12,67.5,0.0,0.0
Colusa County,2023-11-13,68.4,0.0,0.0
Colusa County,2023-11-14,61.1,0.138,0.0
Colusa County,2023-11-15,67.1,0.004,0.0
Colusa County,2023-11-16,68.4,0.0,0.0
Colusa County,2023-11-17,68.9,0.248,0.0
Colusa County,2023-11-18,65.7,0.752,0.0
Colusa County,2023-11-19,62.6,0.0,0.0
Colusa County,2023-11-20,69.5,0.0,0.0
Colusa County,2023-11-21,66.1,0.0,0.0
Colusa County,2023-11-22,65.5,0.0,0.0
Colusa County,2023-11-23,67.6,0.0,0.0
Colusa County,2023-11-24,60.6,0.0,0.0
Colusa County,2023-11-25,61.8,0.0,0.0
Colusa County,2023-11-26,62.8,0.0,0.0
Colusa County,2023-11-27,60.4,0.0,0.0
Colusa County,2023-11-28,60.3,0.0,0.0
Colusa County,2023-11-29,62.1,0.028,0.0
Colusa County,2023-11-30,60.9,0.0,0.0
Colusa County,2023-12-01,60.4,0.0,0.0
Colusa County,2023-12-02,64.0,0.004,0.0
Colusa County,2023-12-03,67.7,0.0,0.0
Colusa County,2023-12-04,67.0,0.0,0.0
Colusa County,2023-12-05,64.2,0.0,0.0
Colusa County,2023-12-06,58.7,0.134,0.0
Colusa County,2023-12-07,58.9,0.142,0.0
Colusa County,2023-12-08,58.4,0.0,0.0
Colusa County,2023-12-09,59.0,0.0,0.0
Colusa County,2023-12-10,55.7,0.0,0.0
Colusa County,2023-12-11,59.5,0.0,0.0
Colusa County,2023-12-12,67.6,0.0,0.0
Colusa County,2023-12-13,64.7,0.0,0.0
Colusa County,2023-12-14,59.1,0.0,0.0
Colusa County,2023-12-15,64.8,0.0,0.0
Colusa County,2023-12-16,66.3,0.0,0.0
Colusa County,2023-12-17,55.9,0.047,0.0
Colusa County,2023-12-18,55.0,1.02,0.0
Colusa County,2023-12-19,64.2,0.126,0.0
Colusa County,2023-12-20,59.0,0.472,0.0
Colusa County,2023-12-21,65.8,0.0,0.0
Colusa County,2023-12-22,65.4,0.0,0.0
Colusa County,2023-12-23,59.2,0.0,0.0
Colusa County,2023-12-24,52.4,0.0,0.0
Colusa County,2023-12-25,54.6,0.0,0.0
Colusa County,2023-12-26,57.3,0.0,0.0
Colusa County,2023-12-27,51.9,0.37,0.0
Colusa County,2023-12-28,55.4,0.098,0.0
Colusa County,2023-12-29,60.4,0.957,0.0
Colusa County,2023-12-30,59.2,0.346,0.0
Colusa County,2023-12-31,55.7,0.039,0.0
Colusa County,2024-01-01,60.0,0.0,0.0
Colusa County,2024-01-02,54.9,0.378,0.0
Colusa County,2024-01-03,53.7,0.0,0.0
Colusa County,2024-01-04,58.6,0.0,0.0
Colusa County,2024-01-05,60.9,0.0,0.0
Colusa County,2024-01-06,52.5,0.091,0.0
Colusa County,2024-01-07,52.3,0.0,0.0
Colusa County,2024-01-08,53.5,0.0,0.0
Colusa County,2024-01-09,53.9,0.028,0.0
Colusa County,2024-01-10,58.2,0.043,0.0
Colusa County,2024-01-11,51.9,0.0,0.0
Colusa County,2024-01-12,44.6,0.0,0.0
Colusa County,2024-01-13,52.3,0.524,0.0
Colusa County,2024-01-14,54.5,0.008,0.0
Colusa County,2024-01-15,59.9,0.0,0.0
Colusa County,2024-01-16,48.3,0.366,0.0
Colusa County,2024-01-17,62.0,0.024,0.0
Colusa County,2024-01-18,60.1,0.0,0.0
Colusa County,2024-01-19,57.4,0.559,0.0
Colusa County,2024-01-20,60.0,0.228,0.0
Colusa County,2024-01-21,57.7,0.843,0.0
Colusa County,2024-01-22,61.3,0.102,0.0
Colusa County,2024-01-23,62.2,0.0,0.0
Colusa County,2024-01-24,55.9,0.213,0.0
Colusa County,2024-01-25,59.6,0.0,0.0
Colusa County,2024-01-26,60.0,0.0,0.0
Colusa County,2024-01-27,62.4,0.0,0.0
Colusa County,2024-01-28,73.0,0.004,0.0
Colusa County,2024-01-29,65.5,0.0,0.0
Colusa County,2024-01-30,65.3,0.0,0.0
Colusa County,2024-01-31,59.5,1.146,0.0
Colusa County,2024-02-01,61.3,0.535,0.0
Colusa County,2024-02-02,57.7,0.0,0.0
Colusa County,2024-02-03,52.2,0.0,0.0
Colusa County,2024-02-04,52.3,1.815,0.0
Colusa County,2024-02-05,59.9,0.059,0.0
Colusa County,2024-02-06,58.8,0.0,0.0
Colusa County,2024-02-07,48.0,0.579,0.0
Colusa County,2024-02-08,53.0,0.0,0.0
Colusa County,2024-02-09,55.6,0.0,0.0
Colusa County,2024-02-10,61.6,0.0,0.0
Colusa County,2024-02-11,57.6,0.0,0.0
Colusa County,2024-02-12,57.5,0.0,0.0
Colusa County,2024-02-13,59.9,0.0,0.0
Colusa County,2024-02-14,56.7,0.315,0.0
Colusa County,2024-02-15,62.9,0.004,0.0
Colusa County,2024-02-16,61.0,0.008,0.0
Colusa County,2024-02-17,56.3,0.862,0.0
Colusa County,2024-02-18,63.4,0.787,0.0
Colusa County,2024-02-19,59.5,0.402,0.0
Colusa County,2024-02-20,55.9,0.299,0.0
Colusa County,2024-02-21,59.5,0.047,0.0
Colusa County,2024-02-22,61.4,0.0,0.0
Colusa County,2024-02-23,67.4,0.0,0.0
Colusa County,2024-02-24,69.0,0.0,0.0
Colusa County,2024-02-25,67.0,0.0,0.0
Colusa County,2024-02-26,64.7,0.0,0.0
Colusa County,2024-02-27,61.0,0.0,0.0
Colusa County,2024-02-28,63.5,0.0,0.0
Colusa County,2024-02-29,59.6,0.059,0.0
Colusa County,2024-03-01,56.8,0.236,0.0
Colusa County,2024-03-02,51.2,0.047,0.0
Colusa County,2024-03-03,53.5,0.016,0.0
Colusa County,2024-03-04,52.5,0.012,0.0
Colusa County,2024-03-05,61.2,0.354,0.0
Colusa County,2024-03-06,61.8,0.075,0.0
Colusa County,2024-03-07,64.3,0.0,0.0
Colusa County,2024-03-08,64.8,0.0,0.0
Colusa County,2024-03-09,61.1,0.02,0.0
Colusa County,2024-03-10,63.6,0.146,0.0
Colusa County,2024-03-11,64.6,0.047,0.0
Colusa County,2024-03-12,63.3,0.043,0.0
Colusa County,2024-03-13,64.7,0.0,0.0
Colusa County,2024-03-14,65.8,0.0,0.0
Colusa County,2024-03-15,70.9,0.0,0.0
Colusa County,2024-03-16,72.1,0.0,0.0
Colusa County,2024-03-17,74.1,0.0,0.0
Colusa County,2024-03-18,73.6,0.0,0.0
Colusa County,2024-03-19,72.0,0.0,0.0
Colusa County,2024-03-20,74.6,0.0,0.0
Colusa County,2024-03-21,70.0,0.0,0.0
Colusa County,2024-03-22,64.1,0.575,0.0
Colusa County,2024-03-23,60.8,0.094,0.0
Colusa County,2024-03-24,61.4,0.016,0.0
Colusa County,2024-03-25,65.0,0.0,0.0
Colusa County,2024-03-26,64.9,0.0,0.0
Colusa County,2024-03-27,58.9,0.087,0.0
Colusa County,2024-03-28,62.3,0.0,0.0
Colusa County,2024-03-29,52.5,0.425,0.0
Colusa County,2024-03-30,60.1,0.142,0.0
Colusa County,2024-03-31,65.8,0.004,0.0
Colusa County,2024-04-01,72.2,0.0,0.0
Colusa County,2024-04-02,73.3,0.0,0.0
Colusa County,2024-04-03,74.4,0.0,0.0
Colusa County,2024-04-04,51.7,0.461,0.0
Colusa County,2024-04-05,56.3,0.012,0.0
Colusa County,2024-04-06,60.4,0.0,0.0
Colusa County,2024-04-07,63.8,0.012,0.0
Colusa County,2024-04-08,71.3,0.0,0.0
Colusa County,2024-04-09,75.4,0.0,0.0
Colusa County,2024-04-10,78.8,0.0,0.0
Colusa County,2024-04-11,82.0,0.0,0.0
Colusa County,2024-04-12,73.6,0.0,0.0
Colusa County,2024-04-13,54.6,0.594,0.0
Colusa County,2024-04-14,59.8,0.118,0.0
Colusa County,2024-04-15,69.4,0.0,0.0
Colusa County,2024-04-16,75.9,0.0,0.0
Colusa County,2024-04-17,76.3,0.0,0.0
Colusa County,2024-04-18,78.3,0.0,0.0
Colusa County,2024-04-19,81.1,0.0,0.0
Colusa County,2024-04-20,81.7,0.0,0.0
Colusa County,2024-04-21,84.3,0.0,0.0
Colusa County,2024-04-22,84.0,0.0,0.0
Colusa County,2024-04-23,77.4,0.047,0.0
Colusa County,2024-04-24,72.9,0.0,0.0
Colusa County,2024-04-25,71.7,0.0,0.0
Colusa County,2024-04-26,69.6,0.087,0.0
Colusa County,2024-04-27,75.8,0.0,0.0
Colusa County,2024-04-28,78.4,0.0,0.0
Colusa County,2024-04-29,75.6,0.0,0.0
Colusa County,2024-04-30,77.1,0.0,0.0
Colusa County,2024-05-01,79.2,0.0,0.0
Colusa County,2024-05-02,82.1,0.0,0.0
Colusa County,2024-05-03,84.0,0.0,0.0
Colusa County,2024-05-04,63.5,0.531,0.0
Colusa County,2024-05-05,69.4,0.004,0.0
Colusa County,2024-05-06,73.9,0.0,0.0
Colusa County,2024-05-07,75.0,0.0,0.0
Colusa County,2024-05-08,79.0,0.0,0.0
Colusa County,2024-05-09,86.6,0.0,0.0
Colusa County,2024-05-10,91.9,0.0,0.0
Colusa County,2024-05-11,94.5,0.0,0.0
Colusa County,2024-05-12,93.0,0.0,0.0
Colusa County,2024-05-13,91.9,0.0,0.0
Colusa County,2024-05-14,95.9,0.0,0.0
Colusa County,2024-05-15,100.1,0.0,0.0
Colusa County,2024-05-16,93.9,0.0,0.0
Colusa County,2024-05-17,89.4,0.0,0.0
Colusa County,2024-05-18,94.1,0.0,0.0
Colusa County,2024-05-19,87.1,0.0,0.0
Colusa County,2024-05-20,84.7,0.0,0.0
Colusa County,2024-05-21,90.0,0.0,0.0
Colusa County,2024-05-22,90.2,0.0,0.0
Colusa County,2024-05-23,88.5,0.0,0.0
Colusa County,2024-05-24,86.8,0.0,0.0
Colusa County,2024-05-25,79.3,0.0,0.0
Colusa County,2024-05-26,88.8,0.0,0.0
Colusa County,2024-05-27,93.5,0.0,0.0
Colusa County,2024-05-28,93.7,0.0,0.0
Colusa County,2024-05-29,91.5,0.0,0.0
Colusa County,2024-05-30,97.1,0.0,0.0
Colusa County,2024-05-31,99.4,0.0,0.0
Colusa County,2024-06-01,97.3,0.0,0.0
Colusa County,2024-06-02,95.1,0.0,0.0
Colusa County,2024-06-03,88.3,0.0,0.0
Colusa County,2024-06-04,102.8,0.0,0.0
Colusa County,2024-06-05,106.5,0.0,0.0
Colusa County,2024-06-06,106.4,0.0,0.0
Colusa County,2024-06-07,103.6,0.0,0.0
Colusa County,2024-06-08,96.2,0.0,0.0
Colusa County,2024-06-09,95.7,0.0,0.0
Colusa County,2024-06-10,105.6,0.0,0.0
Colusa County,2024-06-11,108.4,0.0,0.0
Colusa County,2024-06-12,108.1,0.0,0.0
Colusa County,2024-06-13,97.7,0.0,0.0
Colusa County,2024-06-14,99.2,0.0,0.0
Colusa County,2024-06-15,93.2,0.0,0.0
Colusa County,2024-06-16,95.6,0.0,0.0
Colusa County,2024-06-17,88.0,0.0,0.0
Colusa County,2024-06-18,93.4,0.0,0.0
Colusa County,2024-06-19,95.1,0.0,0.0
Colusa County,2024-06-20,98.7,0.0,0.0
Colusa County,2024-06-21,105.6,0.0,0.0
Colusa County,2024-06-22,108.8,0.0,0.0
Colusa County,2024-06-23,108.5,0.0,0.0
Colusa County,2024-06-24,106.3,0.0,0.0
Colusa County,2024-06-25,102.6,0.0,0.0
Colusa County,2024-06-26,102.5,0.0,0.0
Colusa County,2024-06-27,97.3,0.0,0.0
Colusa County,2024-06-28,103.2,0.0,0.0
Colusa County,2024-06-29,102.8,0.0,0.0
Colusa County,2024-06-30,102.7,0.0,0.0
Colusa County,2024-07-01,107.3,0.0,0.0
Colusa County,2024-07-02,112.3,0.0,0.0
Colusa County,2024-07-03,113.8,0.0,0.0
Colusa County,2024-07-04,113.7,0.0,0.0
Colusa County,2024-07-05,119.3,0.0,0.0
Colusa County,2024-07-06,119.9,0.0,0.0
Colusa County,2024-07-07,117.5,0.0,0.0
Colusa County,2024-07-08,111.8,0.0,0.0
Colusa County,2024-07-09,110.1,0.0,0.0
Colusa County,2024-07-10,114.4,0.0,0.0
Colusa County,2024-07-11,116.4,0.0,0.0
Colusa County,2024-07-12,119.1,0.0,0.0
Colusa County,2024-07-13,113.8,0.0,0.0
Colusa County,2024-07-14,107.8,0.0,0.0
Colusa County,2024-07-15,104.8,0.0,0.0
Colusa County,2024-07-16,101.4,0.0,0.0
Colusa County,2024-07-17,100.5,0.0,0.0
Colusa County,2024-07-18,109.1,0.0,0.0
Colusa County,2024-07-19,112.3,0.0,0.0
Colusa County,2024-07-20,114.2,0.0,0.0
Colusa County,2024-07-21,106.5,0.0,0.0
Colusa County,2024-07-22,111.3,0.0,0.0
Colusa County,2024-07-23,113.7,0.0,0.0
Colusa County,2024-07-24,111.4,0.0,0.0
Colusa County,2024-07-25,110.6,0.0,0.0
Colusa County,2024-07-26,107.0,0.0,0.0
Colusa County,2024-07-27,90.5,0.0,0.0
Colusa County,2024-07-28,96.4,0.0,0.0
Colusa County,2024-07-29,97.7,0.0,0.0
Colusa County,2024-07-30,98.7,0.0,0.0
Colusa County,2024-07-31,104.7,0.0,0.0
Colusa County,2024-08-01,107.4,0.0,0.0
Colusa County,2024-08-02,105.1,0.0,0.0
Colusa County,2024-08-03,106.5,0.0,0.0
Colusa County,2024-08-04,108.1,0.0,0.0
Colusa County,2024-08-05,105.7,0.0,0.0
Colusa County,2024-08-06,106.8,0.0,0.0
Colusa County,2024-08-07,109.5,0.0,0.0
Colusa County,2024-08-08,106.4,0.0,0.0
Colusa County,2024-08-09,107.4,0.0,0.0
Colusa County,2024-08-10,105.3,0.0,0.0
Colusa County,2024-08-11,101.4,0.0,0.0
Colusa County,2024-08-12,100.4,0.0,0.0
Colusa County,2024-08-13,98.7,0.0,0.0
Colusa County,2024-08-14,101.1,0.0,0.0
Colusa County,2024-08-15,98.7,0.0,0.0
Colusa County,2024-08-16,100.6,0.0,0.0
Colusa County,2024-08-17,89.5,0.004,0.0
Colusa County,2024-08-18,89.8,0.0,0.0
Colusa County,2024-08-19,94.6,0.0,0.0
Colusa County,2024-08-20,98.3,0.0,0.0
Colusa County,2024-08-21,95.6,0.0,0.0
Colusa County,2024-08-22,92.8,0.0,0.0
Colusa County,2024-08-23,79.6,0.0,0.0
Colusa County,2024-08-24,75.7,0.516,0.0
Colusa County,2024-08-25,90.4,0.0,0.0
Colusa County,2024-08-26,95.6,0.0,0.0
Colusa County,2024-08-27,100.1,0.0,0.0
Colusa County,2024-08-28,102.1,0.0,0.0
Colusa County,2024-08-29,103.3,0.0,0.0
Colusa County,2024-08-30,103.9,0.0,0.0
Colusa County,2024-08-31,104.5,0.0,0.0
Colusa County,2024-09-01,100.5,0.0,0.0
Colusa County,2024-09-02,94.6,0.0,0.0
Colusa County,2024-09-03,102.2,0.0,0.0
Colusa County,2024-09-04,105.9,0.0,0.0
Colusa County,2024-09-05,105.4,0.0,0.0
Colusa County,2024-09-06,108.2,0.0,0.0
Colusa County,2024-09-07,103.3,0.0,0.0
Colusa County,2024-09-08,98.8,0.0,0.0
Colusa County,2024-09-09,102.7,0.0,0.0
Colusa County,2024-09-10,98.2,0.0,0.0
Colusa County,2024-09-11,91.5,0.0,0.0
Colusa County,2024-09-12,91.6,0.0,0.0
Colusa County,2024-09-13,94.9,0.0,0.0
Colusa County,2024-09-14,97.4,0.0,0.0
Colusa County,2024-09-15,85.6,0.0,0.0
Colusa County,2024-09-16,75.0,0.008,0.0
Colusa County,2024-09-17,80.8,0.0,0.0
Colusa County,2024-09-18,82.0,0.0,0.0
Colusa County,2024-09-19,91.0,0.0,0.0
Colusa County,2024-09-20,98.7,0.0,0.0
Colusa County,2024-09-21,95.2,0.0,0.0
Colusa County,2024-09-22,98.9,0.0,0.0
Colusa County,2024-09-23,103.6,0.0,0.0
Colusa County,2024-09-24,102.8,0.0,0.0
Colusa County,2024-09-25,97.1,0.0,0.0
Colusa County,2024-09-26,91.8,0.0,0.0
Colusa County,2024-09-27,99.4,0.0,0.0
Colusa County,2024-09-28,102.1,0.0,0.0
Colusa County,2024-09-29,92.3,0.0,0.0
Colusa County,2024-09-30,100.1,0.0,0.0
Colusa County,2024-10-01,105.0,0.0,0.0
Colusa County,2024-10-02,103.9,0.0,0.0
Colusa County,2024-10-03,102.2,0.0,0.0
Colusa County,2024-10-04,99.7,0.0,0.0
Colusa County,2024-10-05,101.0,0.0,0.0
Colusa County,2024-10-06,103.6,0.0,0.0
Colusa County,2024-10-07,102.3,0.0,0.0
Colusa County,2024-10-08,101.6,0.0,0.0
Colusa County,2024-10-09,90.5,0.0,0.0
Colusa County,2024-10-10,90.1,0.0,0.0
Colusa County,2024-10-11,88.7,0.0,0.0
Colusa County,2024-10-12,71.0,0.551,0.0
Colusa County,2024-10-13,84.7,0.0,0.0
Colusa County,2024-10-14,87.1,0.0,0.0
Colusa County,2024-10-15,86.3,0.0,0.0
Colusa County,2024-10-16,76.1,0.067,0.0
Colusa County,2024-10-17,75.9,0.0,0.0
Colusa County,2024-10-18,79.4,0.0,0.0
Colusa County,2024-10-19,89.3,0.0,0.0
Colusa County,2024-10-20,79.3,0.0,0.0
Colusa County,2024-10-21,82.3,0.0,0.0
Colusa County,2024-10-22,78.0,0.0,0.0
Colusa County,2024-10-23,81.7,0.0,0.0
Colusa County,2024-10-24,80.4,0.0,0.0
Colusa County,2024-10-25,77.2,0.0,0.0
Colusa County,2024-10-26,80.3,0.0,0.0
Colusa County,2024-10-27,76.1,0.0,0.0
Colusa County,2024-10-28,66.8,0.0,0.0
Colusa County,2024-10-29,70.7,0.0,0.0
Colusa County,2024-10-30,70.8,0.106,0.0
Colusa County,2024-10-31,65.4,0.0,0.0
Colusa County,2024-11-01,70.1,0.579,0.0
Colusa County,2024-11-02,62.9,0.154,0.0
Colusa County,2024-11-03,69.7,0.0,0.0
Colusa County,2024-11-04,74.4,0.0,0.0
Colusa County,2024-11-05,73.2,0.0,0.0
Colusa County,2024-11-06,68.6,0.0,0.0
Colusa County,2024-11-07,71.4,0.0,0.0
Colusa County,2024-11-08,69.1,0.0,0.0
Colusa County,2024-11-09,67.6,0.0,0.0
Colusa County,2024-11-10,70.5,0.0,0.0
Colusa County,2024-11-11,65.4,0.319,0.0
Colusa County,2024-11-12,63.1,0.0,0.0
Colusa County,2024-11-13,61.3,0.055,0.0
Colusa County,2024-11-14,66.0,0.102,0.0
Colusa County,2024-11-15,62.5,0.0,0.0
Colusa County,2024-11-16,61.5,0.0,0.0
Colusa County,2024-11-17,59.3,0.0,0.0
Colusa County,2024-11-18,59.5,0.0,0.0
Colusa County,2024-11-19,55.0,0.0,0.0
Colusa County,2024-11-20,52.6,1.626,0.0
Colusa County,2024-11-21,60.1,1.815,0.0
Colusa County,2024-11-22,62.0,1.457,0.0
Colusa County,2024-11-23,62.1,0.02,0.0
Colusa County,2024-11-24,57.5,0.0,0.0
Colusa County,2024-11-25,55.2,0.039,0.0
Colusa County,2024-11-26,60.5,0.0,0.0
Colusa County,2024-11-27,60.8,0.0,0.0
Colusa County,2024-11-28,59.8,0.0,0.0
Colusa County,2024-11-29,62.5,0.0,0.0
Colusa County,2024-11-30,60.2,0.0,0.0
Colusa County,2024-12-01,61.2,0.0,0.0
Colusa County,2024-12-02,63.8,0.0,0.0
Colusa County,2024-12-03,64.6,0.0,0.0
Colusa County,2024-12-04,64.2,0.0,0.0
Colusa County,2024-12-05,64.5,0.0,0.0
Colusa County,2024-12-06,64.9,0.0,0.0
Colusa County,2024-12-07,59.1,0.0,0.0
Colusa County,2024-12-08,67.8,0.0,0.0
Colusa County,2024-12-09,63.5,0.0,0.0
Colusa County,2024-12-10,56.8,0.0,0.0
Colusa County,2024-12-11,56.1,0.0,0.0
Colusa County,2024-12-12,54.7,0.669,0.0
Colusa County,2024-12-13,54.0,0.311,0.0
Colusa County,2024-12-14,58.2,1.24,0.0
Colusa County,2024-12-15,54.3,0.0,0.0
Colusa County,2024-12-16,48.9,0.543,0.0
Colusa County,2024-12-17,58.6,0.0,0.0
Colusa County,2024-12-18,62.1,0.0,0.0
Colusa County,2024-12-19,55.7,0.0,0.0
Colusa County,2024-12-20,54.0,0.0,0.0
Colusa County,2024-12-21,51.6,0.614,0.0
Colusa County,2024-12-22,59.6,0.394,0.0
Colusa County,2024-12-23,60.5,0.055,0.0
Colusa County,2024-12-24,61.6,0.248,0.0
Colusa County,2024-12-25,55.0,0.0,0.0
Colusa County,2024-12-26,60.9,0.256,0.0
Colusa County,2024-12-27,64.9,0.244,0.0
Colusa County,2024-12-28,64.9,0.055,0.0
Colusa County,2024-12-29,63.8,0.252,0.0
Colusa County,2024-12-30,59.7,0.0,0.0
Colusa County,2024-12-31,55.9,0.0,0.0
Colusa County,2025-01-01,49.8,0.0,0.0
Colusa County,2025-01-02,58.8,0.0,0.0
Colusa County,2025-01-03,61.2,0.228,0.0
Colusa County,2025-01-04,55.7,0.0,0.0
Colusa County,2025-01-05,61.1,0.0,0.0
Colusa County,2025-01-06,62.1,0.0,0.0
Colusa County,2025-01-07,65.7,0.0,0.0
Colusa County,2025-01-08,67.1,0.0,0.0
Colusa County,2025-01-09,69.6,0.0,0.0
Colusa County,2025-01-10,60.4,0.0,0.0
Colusa County,2025-01-11,62.0,0.0,0.0
Colusa County,2025-01-12,62.2,0.0,0.0
Colusa County,2025-01-13,61.2,0.0,0.0
Colusa County,2025-01-14,64.7,0.0,0.0
Colusa County,2025-01-15,61.9,0.0,0.0
Colusa County,2025-01-16,61.9,0.0,0.0
Colusa County,2025-01-17,58.9,0.0,0.0
Colusa County,2025-01-18,61.3,0.0,0.0
Colusa County,2025-01-19,58.6,0.0,0.0
Colusa County,2025-01-20,62.0,0.0,0.0
Colusa County,2025-01-21,57.4,0.0,0.0
Colusa County,2025-01-22,69.4,0.0,0.0
Colusa County,2025-01-23,67.1,0.0,0.0
Colusa County,2025-01-24,63.9,0.0,0.0
Colusa County,2025-01-25,57.4,0.0,0.0
Colusa County,2025-01-26,57.9,0.0,0.0
Colusa County,2025-01-27,65.2,0.0,0.0
Colusa County,2025-01-28,61.3,0.0,0.0
Colusa County,2025-01-29,56.2,0.0,0.0
Colusa County,2025-01-30,57.7,0.0,0.0
Colusa County,2025-01-31,49.4,0.335,0.0
Colusa County,2025-02-01,57.7,0.807,0.0
Colusa County,2025-02-02,63.0,0.071,0.0
Colusa County,2025-02-03,59.8,0.874,0.0
Colusa County,2025-02-04,56.8,0.74,0.0
Colusa County,2025-02-05,56.3,0.0,0.0
Colusa County,2025-02-06,43.5,0.642,0.0
Colusa County,2025-02-07,54.9,0.008,0.0
Colusa County,2025-02-08,57.0,0.0,0.0
Colusa County,2025-02-09,58.0,0.0,0.0
Colusa County,2025-02-10,56.5,0.0,0.0
Colusa County,2025-02-11,53.2,0.0,0.0
Colusa County,2025-02-12,52.3,0.091,0.0
Colusa County,2025-02-13,57.1,1.555,0.0
Colusa County,2025-02-14,61.3,0.118,0.0
Colusa County,2025-02-15,59.9,0.0,0.0
Colusa County,2025-02-16,60.0,0.185,0.0
Colusa County,2025-02-17,58.6,0.0,0.0
Colusa County,2025-02-18,64.3,0.0,0.0
Colusa County,2025-02-19,66.9,0.283,0.0
Colusa County,2025-02-20,66.6,0.0,0.0
Colusa County,2025-02-21,66.4,0.0,0.0
Colusa County,2025-02-22,67.3,0.0,0.0
Colusa County,2025-02-23,66.8,0.0,0.0
Colusa County,2025-02-24,67.6,0.0,0.0
Colusa County,2025-02-25,67.1,0.0,0.0
Colusa County,2025-02-26,69.2,0.0,0.0
Colusa County,2025-02-27,75.8,0.0,0.0
Colusa County,2025-02-28,75.9,0.0,0.0
Colusa County,2025-03-01,72.3,0.0,0.0
Colusa County,2025-03-02,60.2,0.055,0.0
Colusa County,2025-03-03,62.9,0.0,0.0
Colusa County,2025-03-04,59.2,0.0,0.0
Colusa County,2025-03-05,55.1,0.067,0.0
Colusa County,2025-03-06,59.6,0.091,0.0
Colusa County,2025-03-07,65.6,0.0,0.0
Colusa County,2025-03-08,64.6,0.0,0.0
Colusa County,2025-03-09,67.3,0.0,0.0
Colusa County,2025-03-10,70.8,0.0,0.0
Colusa County,2025-03-11,71.1,0.0,0.0
Colusa County,2025-03-12,57.0,0.685,0.0
Colusa County,2025-03-13,55.9,0.02,0.0
Colusa County,2025-03-14,58.5,0.378,0.0
Colusa County,2025-03-15,60.3,0.0,0.0
Colusa County,2025-03-16,61.3,0.52,0.0
Colusa County,2025-03-17,59.2,0.299,0.0
Colusa County,2025-03-18,61.3,0.0,0.0
Colusa County,2025-03-19,61.7,0.008,0.0
Colusa County,2025-03-20,62.8,0.0,0.0
Colusa County,2025-03-21,62.7,0.0,0.0
Colusa County,2025-03-22,66.0,0.0,0.0
Colusa County,2025-03-23,78.4,0.0,0.0
Colusa County,2025-03-24,80.3,0.0,0.0
Colusa County,2025-03-25,83.8,0.0,0.0
Colusa County,2025-03-26,73.4,0.004,0.0
Colusa County,2025-03-27,66.3,0.031,0.0
Colusa County,2025-03-28,66.9,0.008,0.0
Colusa County,2025-03-29,64.4,0.008,0.0
Colusa County,2025-03-30,67.1,0.201,0.0
Colusa County,2025-03-31,61.1,0.012,0.0
Colusa County,2025-04-01,61.7,0.012,0.0
Colusa County,2025-04-02,65.0,0.0,0.0
Colusa County,2025-04-03,69.1,0.0,0.0
Colusa County,2025-04-04,73.3,0.0,0.0
Colusa County,2025-04-05,78.7,0.0,0.0
Colusa County,2025-04-06,79.4,0.0,0.0
Colusa County,2025-04-07,72.5,0.681,0.0
Colusa County,2025-04-08,74.4,0.0,0.0
Colusa County,2025-04-09,83.0,0.0,0.0
Colusa County,2025-04-10,84.7,0.0,0.0
Colusa County,2025-04-11,83.8,0.0,0.0
Colusa County,2025-04-12,78.4,0.0,0.0
Colusa County,2025-04-13,82.3,0.0,0.0
Colusa County,2025-04-14,89.3,0.0,0.0
Colusa County,2025-04-15,84.5,0.0,0.0
Colusa County,2025-04-16,78.6,0.0,0.0
Colusa County,2025-04-17,78.5,0.0,0.0
Colusa County,2025-04-18,80.7,0.0,0.0
Colusa County,2025-04-19,81.9,0.0,0.0
Colusa County,2025-04-20,84.8,0.0,0.0
Colusa County,2025-04-21,87.1,0.0,0.0
Colusa County,2025-04-22,89.1,0.0,0.0
Colusa County,2025-04-23,77.9,0.0,0.0
Colusa County,2025-04-24,76.6,0.0,0.0
Colusa County,2025-04-25,65.8,0.031,0.0
Colusa County,2025-04-26,56.6,0.252,0.0
Colusa County,2025-04-27,65.3,0.11,0.0
Colusa County,2025-04-28,81.7,0.0,0.0
Colusa County,2025-04-29,85.9,0.0,0.0
Colusa County,2025-04-30,90.7,0.0,0.0
Colusa County,2025-05-01,92.9,0.0,0.0
Colusa County,2025-05-02,87.7,0.0,0.0
Colusa County,2025-05-03,80.2,0.004,0.0
Colusa County,2025-05-04,82.1,0.0,0.0
Colusa County,2025-05-05,88.4,0.0,0.0
Colusa County,2025-05-06,90.3,0.0,0.0
Colusa County,2025-05-07,87.4,0.0,0.0
Colusa County,2025-05-08,89.7,0.0,0.0
Colusa County,2025-05-09,94.3,0.0,0.0
Colusa County,2025-05-10,97.1,0.0,0.0
Colusa County,2025-05-11,77.8,0.0,0.0
Colusa County,2025-05-12,69.4,0.039,0.0
Colusa County,2025-05-13,78.2,0.008,0.0
Colusa County,2025-05-14,84.9,0.0,0.0
Colusa County,2025-05-15,88.4,0.0,0.0
Colusa County,2025-05-16,90.7,0.0,0.0
Colusa County,2025-05-17,82.4,0.012,0.0
Colusa County,2025-05-18,87.0,0.0,0.0
Colusa County,2025-05-19,92.4,0.0,0.0
Colusa County,2025-05-20,92.0,0.0,0.0
Colusa County,2025-05-21,97.3,0.0,0.0
Colusa County,2025-05-22,87.2,0.0,0.0
Colusa County,2025-05-23,86.1,0.0,0.0
Colusa County,2025-05-24,95.6,0.0,0.0
Colusa County,2025-05-25,91.4,0.0,0.0
Colusa County,2025-05-26,86.7,0.0,0.0
Colusa County,2025-05-27,96.6,0.0,0.0
Colusa County,2025-05-28,96.5,0.0,0.0
Colusa County,2025-05-29,99.9,0.0,0.0
Colusa County,2025-05-30,108.1,0.0,0.0
Colusa County,2025-05-31,109.1,0.0,0.0
Colusa County,2025-06-01,97.3,0.0,0.0
Colusa County,2025-06-02,100.3,0.0,0.0
Colusa County,2025-06-03,96.9,0.0,0.0
Colusa County,2025-06-04,101.6,0.0,0.0
Colusa County,2025-06-05,96.8,0.0,0.0
Colusa County,2025-06-06,100.0,0.0,0.0
Colusa County,2025-06-07,103.2,0.0,0.0
Colusa County,2025-06-08,101.2,0.0,0.0
Colusa County,2025-06-09,101.6,0.0,0.0
Colusa County,2025-06-10,103.8,0.0,0.0
Colusa County,2025-06-11,96.6,0.0,0.0
Colusa County,2025-06-12,98.6,0.0,0.0
Colusa County,2025-06-13,95.0,0.0,0.0
Colusa County,2025-06-14,91.5,0.0,0.0
Colusa County,2025-06-15,95.6,0.0,0.0
Colusa County,2025-06-16,97.6,0.0,0.0
Colusa County,2025-06-17,100.3,0.0,0.0
Colusa County,2025-06-18,106.2,0.0,0.0
Colusa County,2025-06-19,99.9,0.0,0.0
Colusa County,2025-06-20,88.6,0.0,0.0
Colusa County,2025-06-21,85.5,0.0,0.0
Colusa County,2025-06-22,89.3,0.0,0.0
Colusa County,2025-06-23,98.0,0.0,0.0
Colusa County,2025-06-24,99.1,0.0,0.0
Colusa County,2025-06-25,100.8,0.0,0.0
Colusa County,2025-06-26,98.3,0.0,0.0
Colusa County,2025-06-27,102.7,0.0,0.0
Colusa County,2025-06-28,105.7,0.0,0.0
Colusa County,2025-06-29,105.8,0.0,0.0
Colusa County,2025-06-30,104.1,0.0,0.0
Colusa County,2025-07-01,106.3,0.0,0.0
Colusa County,2025-07-02,106.9,0.0,0.0
Colusa County,2025-07-03,102.7,0.0,0.0
Colusa County,2025-07-04,95.1,0.0,0.0
Colusa County,2025-07-05,94.4,0.0,0.0
Colusa County,2025-07-06,101.6,0.0,0.0
Colusa County,2025-07-07,102.7,0.0,0.0
Colusa County,2025-07-08,95.7,0.0,0.0
Colusa County,2025-07-09,98.1,0.0,0.0
Colusa County,2025-07-10,109.6,0.0,0.0
Colusa County,2025-07-11,110.8,0.0,0.0
Colusa County,2025-07-12,109.0,0.0,0.0
Colusa County,2025-07-13,107.5,0.0,0.0
Colusa County,2025-07-14,108.3,0.0,0.0
Colusa County,2025-07-15,103.0,0.0,0.0
Colusa County,2025-07-16,97.3,0.0,0.0
Colusa County,2025-07-17,98.9,0.0,0.0
Colusa County,2025-07-18,102.0,0.0,0.0
Colusa County,2025-07-19,104.5,0.0,0.0
Colusa County,2025-07-20,102.6,0.0,0.0
Colusa County,2025-07-21,93.7,0.02,0.0
Colusa County,2025-07-22,90.3,0.0,0.0
Colusa County,2025-07-23,93.1,0.0,0.0
Colusa County,2025-07-24,96.9,0.0,0.0
Colusa County,2025-07-25,97.6,0.02,0.0
Colusa County,2025-07-26,94.6,0.0,0.0
Colusa County,2025-07-27,96.9,0.0,0.0
Colusa County,2025-07-28,99.2,0.0,0.0
Colusa County,2025-07-29,102.3,0.0,0.0
Colusa County,2025-07-30,100.0,0.0,0.0
Colusa County,2025-07-31,101.8,0.0,0.0
Colusa County,2025-08-01,102.1,0.0,0.0
Colusa County,2025-08-02,102.1,0.0,0.0
Colusa County,2025-08-03,101.2,0.0,0.0
Colusa County,2025-08-04,96.6,0.0,0.0
Colusa County,2025-08-05,95.6,0.0,0.0
Colusa County,2025-08-06,100.9,0.0,0.0
Colusa County,2025-08-07,102.0,0.0,0.0
Colusa County,2025-08-08,106.7,0.0,0.0
Colusa County,2025-08-09,109.2,0.0,0.0
Colusa County,2025-08-10,109.5,0.0,0.0
Colusa County,2025-08-11,110.9,0.0,0.0
Colusa County,2025-08-12,106.9,0.0,0.0
Colusa County,2025-08-13,101.5,0.0,0.0
Colusa County,2025-08-14,100.3,0.0,0.0
Colusa County,2025-08-15,103.9,0.0,0.0
Colusa County,2025-08-16,94.0,0.0,0.0
Colusa County,2025-08-17,94.7,0.0,0.0
Colusa County,2025-08-18,91.5,0.0,0.0
Colusa County,2025-08-19,96.8,0.0,0.0
Colusa County,2025-08-20,104.5,0.0,0.0
Colusa County,2025-08-21,109.0,0.0,0.0
Colusa County,2025-08-22,106.5,0.0,0.0
Colusa County,2025-08-23,108.4,0.0,0.0
Colusa County,2025-08-24,105.2,0.0,0.0
Colusa County,2025-08-25,105.4,0.0,0.0
Colusa County,2025-08-26,100.7,0.016,0.0
Colusa County,2025-08-27,100.0,0.0,0.0
Colusa County,2025-08-28,101.7,0.0,0.0
Colusa County,2025-08-29,104.1,0.0,0.0
Colusa County,2025-08-30,105.0,0.0,0.0
Colusa County,2025-08-31,105.0,0.0,0.0
Colusa County,2025-09-01,106.8,0.0,0.0
Colusa County,2025-09-02,103.5,0.0,0.0
Colusa County,2025-09-03,101.7,0.0,0.0
Colusa County,2025-09-04,100.0,0.0,0.0
Colusa County,2025-09-05,92.8,0.0,0.0
Colusa County,2025-09-06,92.9,0.0,0.0
Colusa County,2025-09-07,89.3,0.0,0.0
Colusa County,2025-09-08,88.6,0.0,0.0
Colusa County,2025-09-09,83.0,0.008,0.0
Colusa County,2025-09-10,80.3,0.098,0.0
Colusa County,2025-09-11,85.2,0.0,0.0
Colusa County,2025-09-12,91.9,0.0,0.0
Colusa County,2025-09-13,93.2,0.0,0.0
Colusa County,2025-09-14,90.0,0.0,0.0
Colusa County,2025-09-15,96.5,0.0,0.0
Colusa County,2025-09-16,97.5,0.0,0.0
Colusa County,2025-09-17,100.7,0.0,0.0
Colusa County,2025-09-18,101.3,0.0,0.0
Colusa County,2025-09-19,79.0,0.008,0.0
Colusa County,2025-09-20,91.7,0.0,0.0
Colusa County,2025-09-21,94.0,0.0,0.0
Colusa County,2025-09-22,98.9,0.0,0.0
Colusa County,2025-09-23,103.0,0.0,0.0
Colusa County,2025-09-24,96.9,0.0,0.0
Colusa County,2025-09-25,95.0,0.0,0.0
Colusa County,2025-09-26,100.9,0.0,0.0
Colusa County,2025-09-27,94.0,0.0,0.0
Colusa County,2025-09-28,81.9,0.0,0.0
Colusa County,2025-09-29,76.8,0.028,0.0
Colusa County,2025-09-30,77.5,0.004,0.0
Colusa County,2025-10-01,76.6,0.079,0.0
Colusa County,2025-10-02,74.8,0.0,0.0
Colusa County,2025-10-03,73.3,0.161,0.0
Colusa County,2025-10-04,81.9,0.0,0.0
Colusa County,2025-10-05,83.2,0.0,0.0
Colusa County,2025-10-06,88.5,0.0,0.0
Colusa County,2025-10-07,91.5,0.0,0.0
Colusa County,2025-10-08,88.2,0.0,0.0
Colusa County,2025-10-09,76.4,0.0,0.0
Colusa County,2025-10-10,76.5,0.0,0.0
Colusa County,2025-10-11,74.5,0.0,0.0
Colusa County,2025-10-12,77.5,0.0,0.0
Colusa County,2025-10-13,71.0,0.906,0.0
Colusa County,2025-10-14,61.0,0.185,0.0
Colusa County,2025-10-15,64.8,0.047,0.0
Colusa County,2025-10-16,76.8,0.0,0.0
Colusa County,2025-10-17,73.8,0.0,0.0
Colusa County,2025-10-18,76.9,0.0,0.0
Colusa County,2025-10-19,79.3,0.0,0.0
Colusa County,2025-10-20,82.7,0.0,0.0
Colusa County,2025-10-21,82.7,0.0,0.0
Colusa County,2025-10-22,75.7,0.004,0.0
Colusa County,2025-10-23,76.0,0.0,0.0
Colusa County,2025-10-24,71.2,0.0,0.0
Colusa County,2025-10-25,71.8,0.063,0.0
Colusa County,2025-10-26,65.8,0.047,0.0
Colusa County,2025-10-27,71.4,0.0,0.0
Colusa County,2025-10-28,76.4,0.0,0.0
Colusa County,2025-10-29,86.1,0.0,0.0
Colusa County,2025-10-30,79.4,0.0,0.0
Colusa County,2025-10-31,84.1,0.0,0.0
Colusa County,2025-11-01,78.8,0.0,0.0
Colusa County,2025-11-02,82.3,0.0,0.0
Colusa County,2025-11-03,81.2,0.0,0.0
Colusa County,2025-11-04,72.3,0.161,0.0
Colusa County,2025-11-05,68.7,0.417,0.0
Colusa County,2025-11-06,73.1,0.0,0.0
Colusa County,2025-11-07,72.1,0.0,0.0
Colusa County,2025-11-08,75.6,0.0,0.0
Colusa County,2025-11-09,80.7,0.0,0.0
Colusa County,2025-11-10,78.9,0.0,0.0
Colusa County,2025-11-11,74.3,0.0,0.0
Colusa County,2025-11-12,69.2,0.043,0.0
Colusa County,2025-11-13,61.8,1.449,0.0
Colusa County,2025-11-14,66.0,0.0,0.0
Colusa County,2025-11-15,77.0,0.0,0.0
Colusa County,2025-11-16,67.5,0.094,0.0
Colusa County,2025-11-17,61.3,0.957,0.0
Colusa County,2025-11-18,63.4,0.0,0.0
Colusa County,2025-11-19,60.7,0.004,0.0
Colusa County,2025-11-20,60.8,0.15,0.0
Colusa County,2025-11-21,69.6,0.0,0.0
Colusa County,2025-11-22,68.4,0.0,0.0
Colusa County,2025-11-23,58.9,0.0,0.0
Colusa County,2025-11-24,64.2,0.0,0.0
Colusa County,2025-11-25,60.5,0.0,0.0
Colusa County,2025-11-26,58.1,0.0,0.0
Colusa County,2025-11-27,54.6,0.0,0.0
Colusa County,2025-11-28,56.0,0.0,0.0
Colusa County,2025-11-29,53.4,0.0,0.0
Colusa County,2025-11-30,54.7,0.0,0.0
Colusa County,2025-12-01,57.4,0.0,0.0
Colusa County,2025-12-02,59.9,0.0,0.0
Colusa County,2025-12-03,63.3,0.0,0.0
Colusa County,2025-12-04,58.2,0.0,0.0
Colusa County,2025-12-05,55.2,0.0,0.0
Colusa County,2025-12-06,58.4,0.0,0.0
Colusa County,2025-12-07,50.0,0.0,0.0
Colusa County,2025-12-08,55.5,0.0,0.0
Colusa County,2025-12-09,54.5,0.0,0.0
Colusa County,2025-12-10,55.8,0.0,0.0
Colusa County,2025-12-11,54.5,0.0,0.0
Colusa County,2025-12-12,55.2,0.0,0.0
Colusa County,2025-12-13,54.0,0.0,0.0
Colusa County,2025-12-14,54.2,0.0,0.0
Colusa County,2025-12-15,52.6,0.0,0.0
Colusa County,2025-12-16,45.9,0.15,0.0
Colusa County,2025-12-17,66.4,0.008,0.0
Colusa County,2025-12-18,61.3,0.0,0.0
Colusa County,2025-12-19,61.5,0.138,0.0
Colusa County,2025-12-20,60.4,0.197,0.0
Colusa County,2025-12-21,64.7,1.118,0.0
Colusa County,2025-12-22,62.7,0.398,0.0
Colusa County,2025-12-23,62.2,0.161,0.0
Colusa County,2025-12-24,61.5,0.819,0.0
Colusa County,2025-12-25,58.9,0.925,0.0
Colusa County,2025-12-26,55.6,0.205,0.0
Colusa County,2025-12-27,56.7,0.0,0.0
Colusa County,2025-12-28,60.4,0.0,0.0
Colusa County,2025-12-29,61.9,0.0,0.0
Colusa County,2025-12-30,53.8,0.0,0.0
Colusa County,2025-12-31,50.1,0.413,0.0
Colusa County,2026-01-01,54.8,0.583,0.0
Colusa County,2026-01-02,60.7,0.61,0.0
Colusa County,2026-01-03,62.7,0.197,0.0
Colusa County,2026-01-04,58.2,0.35,0.0
Colusa County,2026-01-05,53.2,0.74,0.0
Colusa County,2026-01-06,61.0,0.079,0.0
Colusa County,2026-01-07,62.2,0.0,0.0
Colusa County,2026-01-08,55.7,0.0,0.0
Colusa County,2026-01-09,60.1,0.0,0.0
Colusa County,2026-01-10,58.5,0.0,0.0
Colusa County,2026-01-11,59.8,0.0,0.0
Colusa County,2026-01-12,61.6,0.0,0.0
Colusa County,2026-01-13,63.0,0.0,0.0
Colusa County,2026-01-14,66.6,0.0,0.0
Colusa County,2026-01-15,68.7,0.0,0.0
Colusa County,2026-01-16,72.1,0.0,0.0
Colusa County,2026-01-17,66.6,0.0,0.0
Colusa County,2026-01-18,66.9,0.0,0.0
Colusa County,2026-01-19,65.8,0.0,0.0
Colusa County,2026-01-20,61.6,0.0,0.0
Colusa County,2026-01-21,59.5,0.0,0.0
Colusa County,2026-01-22,66.6,0.0,0.0
Colusa County,2026-01-23,57.5,0.0,0.0
Colusa County,2026-01-24,64.3,0.0,0.0
Colusa County,2026-01-25,51.4,0.0,0.0
Colusa County,2026-01-26,58.7,0.0,0.0
Colusa County,2026-01-27,56.4,0.374,0.0
Colusa County,2026-01-28,61.7,0.055,0.0
Colusa County,2026-01-29,64.9,0.0,0.0
Colusa County,2026-01-30,60.5,0.0,0.0
Colusa County,2026-01-31,62.2,0.0,0.0
Colusa County,2026-02-01,63.8,0.0,0.0
Colusa County,2026-02-02,71.2,0.0,0.0
Colusa County,2026-02-03,68.4,0.0,0.0
Colusa County,2026-02-04,68.8,0.0,0.0
Colusa County,2026-02-05,71.0,0.0,0.0
Colusa County,2026-02-06,68.4,0.0,0.0
Colusa County,2026-02-07,65.8,0.0,0.0
Colusa County,2026-02-08,71.0,0.004,0.0
Colusa County,2026-02-09,65.8,0.0,0.0
Colusa County,2026-02-10,61.9,0.083,0.0
Colusa County,2026-02-11,59.6,1.028,0.0
Colusa County,2026-02-12,66.1,0.024,0.0
Colusa County,2026-02-13,65.8,0.0,0.0
Colusa County,2026-02-14,59.4,0.024,0.0
Colusa County,2026-02-15,59.9,0.65,0.0
Colusa County,2026-02-16,52.2,0.469,0.0
Colusa County,2026-02-17,51.7,0.295,0.0
Colusa County,2026-02-18,54.0,0.0,0.0
Colusa County,2026-02-19,50.8,0.378,0.0
Colusa County,2026-02-20,49.9,0.0,0.0
Colusa County,2026-02-21,56.0,0.0,0.0
Colusa County,2026-02-22,64.4,0.0,0.0
Colusa County,2026-02-23,65.6,0.024,0.0
Colusa County,2026-02-24,65.4,0.531,0.0
Colusa County,2026-02-25,69.4,0.083,0.0
Colusa County,2026-02-26,71.4,0.0,0.0
Colusa County,2026-02-27,76.3,0.0,0.0
Colusa County,2026-02-28,75.7,0.047,0.0
Colusa County,2026-03-01,72.1,0.0,0.0
Colusa County,2026-03-02,67.7,0.004,0.0
Colusa County,2026-03-03,71.8,0.0,0.0
Colusa County,2026-03-04,67.5,0.004,0.0
Colusa County,2026-03-05,67.7,0.0,0.0
Colusa County,2026-03-06,71.5,0.0,0.0
Colusa County,2026-03-07,78.6,0.0,0.0
Colusa County,2026-03-08,73.0,0.0,0.0
Colusa County,2026-03-09,76.1,0.0,0.0
Colusa County,2026-03-10,72.3,0.0,0.0
Colusa County,2026-03-11,75.6,0.0,0.0
Colusa County,2026-03-12,78.4,0.0,0.0
Colusa County,2026-03-13,76.9,0.0,0.0
Colusa County,2026-03-14,78.4,0.0,0.0
Colusa County,2026-03-15,84.4,0.0,0.0
Colusa County,2026-03-16,89.6,0.0,0.0
Colusa County,2026-03-17,87.1,0.0,0.0
Colusa County,2026-03-18,87.8,0.0,0.0
Colusa County,2026-03-19,90.1,0.0,0.0
Colusa County,2026-03-20,91.1,0.0,0.0
Colusa County,2026-03-21,89.1,0.0,0.0
Colusa County,2026-03-22,87.0,0.0,0.0
Colusa County,2026-03-23,83.6,0.008,0.0
Colusa County,2026-03-24,87.6,0.0,0.0
Colusa County,2026-03-25,84.7,0.0,0.0
Colusa County,2026-03-26,79.8,0.0,0.0
Colusa County,2026-03-27,84.2,0.0,0.0
Colusa County,2026-03-28,86.3,0.0,0.0
Colusa County,2026-03-29,90.0,0.0,0.0
Colusa County,2026-03-30,81.9,0.0,0.0
Colusa County,2026-03-31,71.2,0.469,0.0
Colusa County,2026-04-01,66.4,0.106,0.0
Colusa County,2026-04-02,66.3,0.0,0.0
Colusa County,2026-04-03,77.6,0.0,0.0
Colusa County,2026-04-04,84.1,0.0,0.0
Colusa County,2026-04-05,84.3,0.0,0.0
Colusa County,2026-04-06,87.7,0.0,0.0
Colusa County,2026-04-07,80.7,0.0,0.0
Colusa County,2026-04-08,83.6,0.0,0.0
Colusa County,2026-04-09,80.8,0.004,0.0
Colusa County,2026-04-10,67.5,0.488,0.0
Colusa County,2026-04-11,64.2,0.575,0.0
Colusa County,2026-04-12,62.5,0.488,0.0
Colusa County,2026-04-13,67.6,0.008,0.0
Colusa County,2026-04-14,71.3,0.0,0.0
Colusa County,2026-04-15,75.4,0.0,0.0
Colusa County,2026-04-16,68.5,0.0,0.0
Colusa County,2026-04-17,76.9,0.0,0.0
Colusa County,2026-04-18,79.6,0.0,0.0
Colusa County,2026-04-19,81.3,0.0,0.0
Colusa County,2026-04-20,62.5,0.961,0.0
Colusa County,2026-04-21,66.7,0.516,0.0
Colusa County,2026-04-22,63.7,0.224,0.0
Colusa County,2026-04-23,74.4,0.0,0.0
Colusa County,2026-04-24,75.2,0.0,0.0
Colusa County,2026-04-25,70.6,0.0,0.0
Colusa County,2026-04-26,66.0,0.091,0.0
Colusa County,2026-04-27,71.7,0.004,0.0
Colusa County,2026-04-28,76.9,0.0,0.0
Colusa County,2026-04-29,84.0,0.0,0.0
Colusa County,2026-04-30,91.4,0.0,0.0
Colusa County,2026-05-01,88.8,0.0,0.0
Colusa County,2026-05-02,85.4,0.0,0.0
Colusa County,2026-05-03,78.2,0.039,0.0
Colusa County,2026-05-04,66.7,0.484,0.0
Colusa County,2026-05-05,74.1,0.016,0.0
Colusa County,2026-05-06,80.2,0.0,0.0
Colusa County,2026-05-07,85.5,0.0,0.0
Colusa County,2026-05-08,88.8,0.0,0.0
Colusa County,2026-05-09,96.4,0.0,0.0
Colusa County,2026-05-10,93.8,0.0,0.0
Colusa County,2026-05-11,97.3,0.0,0.0
Colusa County,2026-05-12,96.8,0.0,0.0
Colusa County,2026-05-13,87.2,0.0,0.0
Colusa County,2026-05-14,94.9,0.0,0.0
Colusa County,2026-05-15,92.5,0.0,0.0
Colusa County,2026-05-16,85.7,0.0,0.0
Colusa County,2026-05-17,77.7,0.0,0.0
Colusa County,2026-05-18,86.9,0.0,0.0
Colusa County,2026-05-19,92.3,0.0,0.0
Colusa County,2026-05-20,95.0,0.0,0.0
Colusa County,2026-05-21,97.0,0.0,0.0
Colusa County,2026-05-22,97.0,0.0,0.0
Colusa County,2026-05-23,91.3,0.0,0.0
Colusa County,2026-05-24,93.8,0.0,0.0
Colusa County,2026-05-25,87.8,0.0,0.0
Colusa County,2026-05-26,75.8,0.004,0.0
Colusa County,2026-05-27,73.0,0.047,0.0
Colusa County,2026-05-28,75.6,0.209,0.0
Colusa County,2026-05-29,74.6,0.0,0.0
Colusa County,2026-05-30,83.3,0.004,0.0
Colusa County,2026-05-31,91.1,0.0,0.0
Colusa County,2026-06-01,95.5,0.0,0.0
Colusa County,2026-06-02,98.3,0.0,0.0
Colusa County,2026-06-03,98.6,0.0,0.0
Colusa County,2026-06-04,99.1,0.0,0.0
Colusa County,2026-06-05,101.3,0.0,0.0
Colusa County,2026-06-06,91.6,0.0,0.0
Colusa County,2026-06-07,90.9,0.0,0.0
Colusa County,2026-06-08,85.3,0.0,0.0
Colusa County,2026-06-09,88.2,0.0,0.0
Colusa County,2026-06-10,101.9,0.0,0.0
Colusa County,2026-06-11,106.7,0.0,0.0
Colusa County,2026-06-12,107.2,0.0,0.0
Colusa County,2026-06-13,107.8,0.0,0.0
Colusa County,2026-06-14,105.2,0.0,0.0
Colusa County,2026-06-15,108.2,0.0,0.0
Colusa County,2026-06-16,102.1,0.0,0.0
Colusa County,2026-06-17,100.5,0.0,0.0
Colusa County,2026-06-18,99.1,0.0,0.0
Colusa County,2026-06-19,88.0,0.02,0.0
Colusa County,2026-06-20,92.6,0.0,0.0
Colusa County,2026-06-21,96.8,0.0,0.0
Colusa County,2026-06-22,100.8,0.0,0.0
Colusa County,2026-06-23,101.5,0.0,0.0
Colusa County,2026-06-24,100.6,0.0,0.0
Colusa County,2026-06-25,98.2,0.0,0.0
Colusa County,2026-06-26,92.2,0.0,0.0
Colusa County,2026-06-27,84.0,0.0,0.0
Colusa County,2026-06-28,89.4,0.0,0.0
Colusa County,2026-06-29,93.6,0.0,0.0
Colusa County,2026-06-30,97.1,0.0,0.0
Colusa County,2026-07-01,95.9,0.0,0.0
Colusa County,2026-07-02,96.6,0.0,0.0
Colusa County,2026-07-03,99.1,0.0,0.0
Colusa County,2026-07-04,100.9,0.0,0.0
Colusa County,2026-07-05,98.6,0.0,0.0
Colusa County,2026-07-06,98.3,0.0,0.0
Colusa County,2026-07-07,96.9,0.0,0.0
Colusa County,2026-07-08,99.1,0.0,0.0
Colusa County,2026-07-09,105.1,0.0,0.0
Colusa County,2026-07-10,105.0,0.0,0.0
Colusa County,2026-07-11,100.5,0.0,0.0
Colusa County,2026-07-12,100.9,0.0,0.0
Colusa County,2026-07-13,104.9,0.0,0.0
Colusa County,2026-07-14,106.7,0.0,0.0
Colusa County,2026-07-15,109.0,0.0,0.0
Colusa County,2026-07-16,104.7,0.0,0.0
Colusa County,2026-07-17,100.3,0.0,0.0
Colusa County,2026-07-18,98.9,0.0,0.0
Colusa County,2026-07-19,98.9,0.0,0.0
Colusa County,2026-07-20,97.1,0.0,0.0
Colusa County,2026-07-21,103.5,0.028,0.0
Colusa County,2026-07-22,96.0,0.0,0.0
Colusa County,2026-07-23,99.9,0.0,0.0
Colusa County,2026-07-24,103.7,0.0,0.0
Colusa County,2026-07-25,101.8,0.0,0.0
Colusa County,2026-07-26,101.8,0.0,0.0
Colusa County,2026-07-27,100.9,0.0,0.0
Colusa County,2026-07-28,102.1,0.0,0.0
Colusa County,2026-07-29,104.4,0.0,0.0
Del Norte County,2023-07-30,76.0,0.0,0.0
Del Norte County,2023-07-31,76.3,0.0,0.0
Del Norte County,2023-08-01,79.7,0.0,0.0
Del Norte County,2023-08-02,71.6,0.0,0.0
Del Norte County,2023-08-03,73.5,0.0,0.0
Del Norte County,2023-08-04,78.7,0.0,0.0
Del Norte County,2023-08-05,79.8,0.0,0.0
Del Norte County,2023-08-06,88.4,0.0,0.0
Del Norte County,2023-08-07,81.8,0.0,0.0
Del Norte County,2023-08-08,80.9,0.0,0.0
Del Norte County,2023-08-09,75.6,0.0,0.0
Del Norte County,2023-08-10,77.3,0.0,0.0
Del Norte County,2023-08-11,82.5,0.0,0.0
Del Norte County,2023-08-12,91.0,0.0,0.0
Del Norte County,2023-08-13,90.9,0.0,0.0
Del Norte County,2023-08-14,93.3,0.0,0.0
Del Norte County,2023-08-15,97.4,0.0,0.0
Del Norte County,2023-08-16,97.1,0.0,0.0
Del Norte County,2023-08-17,88.3,0.0,0.0
Del Norte County,2023-08-18,82.6,0.004,0.0
Del Norte County,2023-08-19,82.8,0.0,0.0
Del Norte County,2023-08-20,82.6,0.0,0.0
Del Norte County,2023-08-21,75.2,0.0,0.0
Del Norte County,2023-08-22,71.6,0.0,0.0
Del Norte County,2023-08-23,83.4,0.0,0.0
Del Norte County,2023-08-24,87.3,0.0,0.0
Del Norte County,2023-08-25,72.9,0.0,0.0
Del Norte County,2023-08-26,74.1,0.0,0.0
Del Norte County,2023-08-27,72.4,0.0,0.0
Del Norte County,2023-08-28,72.3,0.0,0.0
Del Norte County,2023-08-29,72.0,0.0,0.0
Del Norte County,2023-08-30,80.0,0.0,0.0
Del Norte County,2023-08-31,66.2,0.118,0.0
Del Norte County,2023-09-01,74.2,0.602,0.0
Del Norte County,2023-09-02,71.4,0.205,0.0
Del Norte County,2023-09-03,70.3,0.0,0.0
Del Norte County,2023-09-04,69.2,0.0,0.0
Del Norte County,2023-09-05,74.0,0.0,0.0
Del Norte County,2023-09-06,71.6,0.0,0.0
Del Norte County,2023-09-07,69.7,0.0,0.0
Del Norte County,2023-09-08,73.3,0.0,0.0
Del Norte County,2023-09-09,71.6,0.0,0.0
Del Norte County,2023-09-10,73.0,0.0,0.0
Del Norte County,2023-09-11,69.9,0.0,0.0
Del Norte County,2023-09-12,73.9,0.0,0.0
Del Norte County,2023-09-13,87.1,0.0,0.0
Del Norte County,2023-09-14,91.6,0.0,0.0
Del Norte County,2023-09-15,80.5,0.0,0.0
Del Norte County,2023-09-16,80.1,0.0,0.0
Del Norte County,2023-09-17,73.7,0.0,0.0
Del Norte County,2023-09-18,69.6,0.0,0.0
Del Norte County,2023-09-19,76.4,0.0,0.0
Del Norte County,2023-09-20,72.6,0.0,0.0
Del Norte County,2023-09-21,76.0,0.0,0.0
Del Norte County,2023-09-22,72.4,0.0,0.0
Del Norte County,2023-09-23,65.7,0.0,0.0
Del Norte County,2023-09-24,63.8,0.161,0.0
Del Norte County,2023-09-25,59.4,1.433,0.0
Del Norte County,2023-09-26,61.4,0.823,0.0
Del Norte County,2023-09-27,64.0,0.311,0.0
Del Norte County,2023-09-28,64.9,0.0,0.0
Del Norte County,2023-09-29,57.1,0.492,0.0
Del Norte County,2023-09-30,65.4,0.004,0.0
Del Norte County,2023-10-01,67.8,0.0,0.0
Del Norte County,2023-10-02,71.6,0.008,0.0
Del Norte County,2023-10-03,72.4,0.063,0.0
Del Norte County,2023-10-04,83.8,0.0,0.0
Del Norte County,2023-10-05,86.6,0.0,0.0
Del Norte County,2023-10-06,85.0,0.0,0.0
Del Norte County,2023-10-07,74.5,0.0,0.0
Del Norte County,2023-10-08,68.9,0.0,0.0
Del Norte County,2023-10-09,58.9,0.571,0.0
Del Norte County,2023-10-10,54.1,0.984,0.0
Del Norte County,2023-10-11,55.2,0.331,0.0
Del Norte County,2023-10-12,67.6,0.0,0.0
Del Norte County,2023-10-13,61.6,0.094,0.0
Del Norte County,2023-10-14,62.0,0.0,0.0
Del Norte County,2023-10-15,68.0,0.0,0.0
Del Norte County,2023-10-16,63.4,1.154,0.0
Del Norte County,2023-10-17,66.5,0.0,0.0
Del Norte County,2023-10-18,73.6,0.0,0.0
Del Norte County,2023-10-19,76.5,0.0,0.0
Del Norte County,2023-10-20,74.6,0.0,0.0
Del Norte County,2023-10-21,61.9,0.0,0.0
Del Norte County,2023-10-22,58.0,0.441,0.0
Del Norte County,2023-10-23,65.6,0.0,0.0
Del Norte County,2023-10-24,58.6,0.091,0.0
Del Norte County,2023-10-25,50.1,0.72,0.0
Del Norte County,2023-10-26,54.6,0.0,0.0
Del Norte County,2023-10-27,54.3,0.0,0.0
Del Norte County,2023-10-28,62.7,0.0,0.0
Del Norte County,2023-10-29,70.0,0.0,0.0
Del Norte County,2023-10-30,70.8,0.0,0.0
Del Norte County,2023-10-31,66.6,0.0,0.0
Del Norte County,2023-11-01,70.2,0.0,0.0
Del Norte County,2023-11-02,59.7,1.197,0.0
Del Norte County,2023-11-03,68.7,0.177,0.0
Del Norte County,2023-11-04,60.3,1.067,0.0
Del Norte County,2023-11-05,54.4,0.606,0.0
Del Norte County,2023-11-06,51.6,2.189,0.0
Del Norte County,2023-11-07,53.4,0.039,0.0
Del Norte County,2023-11-08,58.1,0.0,0.0
Del Norte County,2023-11-09,54.1,0.051,0.0
Del Norte County,2023-11-10,54.9,0.169,0.0
Del Norte County,2023-11-11,57.6,0.0,0.0
Del Norte County,2023-11-12,56.7,0.024,0.0
Del Norte County,2023-11-13,60.1,1.051,0.0
Del Norte County,2023-11-14,52.3,0.346,0.0
Del Norte County,2023-11-15,69.7,0.126,0.0
Del Norte County,2023-11-16,62.3,0.0,0.0
Del Norte County,2023-11-17,68.3,0.0,0.0
Del Norte County,2023-11-18,55.3,1.059,0.0
Del Norte County,2023-11-19,50.5,0.059,0.0
Del Norte County,2023-11-20,66.9,0.0,0.0
Del Norte County,2023-11-21,61.8,0.0,0.0
Del Norte County,2023-11-22,59.2,0.008,0.0
Del Norte County,2023-11-23,56.3,0.0,0.0
Del Norte County,2023-11-24,54.9,0.0,0.0
Del Norte County,2023-11-25,55.7,0.0,0.0
Del Norte County,2023-11-26,57.6,0.0,0.0
Del Norte County,2023-11-27,57.3,0.0,0.0
Del Norte County,2023-11-28,60.4,0.0,0.0
Del Norte County,2023-11-29,56.8,0.0,0.0
Del Norte County,2023-11-30,45.4,0.705,0.0
Del Norte County,2023-12-01,48.1,0.465,0.0
Del Norte County,2023-12-02,51.1,3.138,0.0
Del Norte County,2023-12-03,51.5,2.142,0.0
Del Norte County,2023-12-04,57.5,0.449,0.0
Del Norte County,2023-12-05,59.9,0.024,0.0
Del Norte County,2023-12-06,54.6,1.87,0.0
Del Norte County,2023-12-07,43.8,0.531,0.0
Del Norte County,2023-12-08,47.8,0.028,0.0
Del Norte County,2023-12-09,53.2,0.0,0.0
Del Norte County,2023-12-10,55.5,0.012,0.0
Del Norte County,2023-12-11,56.8,0.031,0.0
Del Norte County,2023-12-12,58.7,0.0,0.0
Del Norte County,2023-12-13,58.8,0.0,0.0
Del Norte County,2023-12-14,59.9,0.0,0.0
Del Norte County,2023-12-15,64.9,0.0,0.0
Del Norte County,2023-12-16,69.6,0.0,0.0
Del Norte County,2023-12-17,58.4,0.11,0.0
Del Norte County,2023-12-18,59.5,0.394,0.0
Del Norte County,2023-12-19,53.6,1.268,0.0
Del Norte County,2023-12-20,62.9,0.098,0.0
Del Norte County,2023-12-21,61.3,0.0,0.0
Del Norte County,2023-12-22,51.4,0.071,0.0
Del Norte County,2023-12-23,52.2,0.0,0.0
Del Norte County,2023-12-24,48.6,0.094,0.0
Del Norte County,2023-12-25,54.1,0.24,0.0
Del Norte County,2023-12-26,55.0,0.031,0.0
Del Norte County,2023-12-27,54.0,0.429,0.0
Del Norte County,2023-12-28,55.0,0.15,0.0
Del Norte County,2023-12-29,60.9,1.024,0.0
Del Norte County,2023-12-30,50.1,0.213,0.0
Del Norte County,2023-12-31,51.6,0.012,0.0
Del Norte County,2024-01-01,56.0,0.0,0.0
Del Norte County,2024-01-02,51.8,0.728,0.0
Del Norte County,2024-01-03,47.6,0.421,0.0
Del Norte County,2024-01-04,50.7,0.429,0.0
Del Norte County,2024-01-05,54.9,0.0,0.0
Del Norte County,2024-01-06,43.5,0.866,2.976
Del Norte County,2024-01-07,42.3,0.043,0.11
Del Norte County,2024-01-08,46.1,0.382,0.0
Del Norte County,2024-01-09,46.5,1.39,0.331
Del Norte County,2024-01-10,43.8,1.374,0.854
Del Norte County,2024-01-11,42.0,0.122,0.028
Del Norte County,2024-01-12,42.7,1.012,0.0
Del Norte County,2024-01-13,50.8,3.996,0.0
Del Norte County,2024-01-14,52.7,0.39,0.0
Del Norte County,2024-01-15,56.6,0.0,0.0
Del Norte County,2024-01-16,48.0,1.197,0.0
Del Norte County,2024-01-17,48.4,2.272,0.0
Del Norte County,2024-01-18,58.8,0.035,0.0
Del Norte County,2024-01-19,64.8,0.047,0.0
Del Norte County,2024-01-20,50.5,1.693,0.0
Del Norte County,2024-01-21,50.5,1.201,0.0
Del Norte County,2024-01-22,51.1,0.559,0.0
Del Norte County,2024-01-23,53.0,0.126,0.0
Del Norte County,2024-01-24,51.7,0.976,0.0
Del Norte County,2024-01-25,53.8,0.035,0.0
Del Norte County,2024-01-26,54.8,0.681,0.0
Del Norte County,2024-01-27,57.3,1.35,0.0
Del Norte County,2024-01-28,71.9,0.087,0.0
Del Norte County,2024-01-29,65.9,0.0,0.0
Del Norte County,2024-01-30,61.8,0.043,0.0
Del Norte County,2024-01-31,60.0,2.157,0.0
Del Norte County,2024-02-01,50.0,0.252,0.0
Del Norte County,2024-02-02,42.5,0.441,0.193
Del Norte County,2024-02-03,50.8,0.012,0.0
Del Norte County,2024-02-04,45.5,1.563,0.0
Del Norte County,2024-02-05,43.7,1.508,0.0
Del Norte County,2024-02-06,50.5,0.035,0.0
Del Norte County,2024-02-07,42.6,0.713,0.303
Del Norte County,2024-02-08,48.7,0.0,0.0
Del Norte County,2024-02-09,44.7,0.0,0.0
Del Norte County,2024-02-10,54.9,0.012,0.0
Del Norte County,2024-02-11,54.3,0.016,0.0
Del Norte County,2024-02-12,51.9,0.0,0.0
Del Norte County,2024-02-13,50.6,0.012,0.0
Del Norte County,2024-02-14,46.5,1.575,0.0
Del Norte County,2024-02-15,46.7,1.638,0.0
Del Norte County,2024-02-16,58.8,0.035,0.0
Del Norte County,2024-02-17,50.9,0.795,0.0
Del Norte County,2024-02-18,56.5,0.559,0.0
Del Norte County,2024-02-19,53.3,0.591,0.0
Del Norte County,2024-02-20,54.6,0.165,0.0
Del Norte County,2024-02-21,50.8,0.512,0.0
Del Norte County,2024-02-22,57.7,0.008,0.0
Del Norte County,2024-02-23,63.0,0.004,0.0
Del Norte County,2024-02-24,64.6,0.0,0.0
Del Norte County,2024-02-25,60.5,0.0,0.0
Del Norte County,2024-02-26,44.0,0.323,0.0
Del Norte County,2024-02-27,48.9,0.0,0.0
Del Norte County,2024-02-28,50.9,0.287,0.0
Del Norte County,2024-02-29,46.0,1.673,0.303
Del Norte County,2024-03-01,42.2,1.098,1.791
Del Norte County,2024-03-02,38.3,0.39,2.37
Del Norte County,2024-03-03,37.2,1.059,7.055
Del Norte County,2024-03-04,39.5,1.307,3.224
Del Norte County,2024-03-05,44.9,2.169,0.0
Del Norte County,2024-03-06,53.6,0.0,0.0
Del Norte County,2024-03-07,52.6,0.0,0.0
Del Norte County,2024-03-08,56.9,0.0,0.0
Del Norte County,2024-03-09,48.0,0.417,0.0
Del Norte County,2024-03-10,45.3,0.866,0.0
Del Norte County,2024-03-11,45.9,0.709,0.0
Del Norte County,2024-03-12,48.1,0.476,0.0
Del Norte County,2024-03-13,55.8,0.0,0.0
Del Norte County,2024-03-14,67.9,0.0,0.0
Del Norte County,2024-03-15,72.7,0.0,0.0
Del Norte County,2024-03-16,70.3,0.0,0.0
Del Norte County,2024-03-17,61.7,0.0,0.0
Del Norte County,2024-03-18,67.9,0.0,0.0
Del Norte County,2024-03-19,58.4,0.0,0.0
Del Norte County,2024-03-20,52.8,0.0,0.0
Del Norte County,2024-03-21,57.8,0.02,0.0
Del Norte County,2024-03-22,50.7,1.504,0.0
Del Norte County,2024-03-23,42.9,1.358,0.165
Del Norte County,2024-03-24,52.0,0.492,0.165
Del Norte County,2024-03-25,49.6,0.106,0.0
Del Norte County,2024-03-26,54.7,0.0,0.0
Del Norte County,2024-03-27,50.6,1.508,0.0
Del Norte County,2024-03-28,42.8,0.602,0.028
Del Norte County,2024-03-29,56.6,0.008,0.0
Del Norte County,2024-03-30,63.5,0.016,0.0
Del Norte County,2024-03-31,60.1,0.0,0.0
Del Norte County,2024-04-01,70.7,0.0,0.0
Del Norte County,2024-04-02,66.2,0.0,0.0
Del Norte County,2024-04-03,45.0,0.087,0.0
Del Norte County,2024-04-04,52.2,0.016,0.0
Del Norte County,2024-04-05,46.7,0.106,0.028
Del Norte County,2024-04-06,50.4,0.201,0.0
Del Norte County,2024-04-07,51.6,0.059,0.0
Del Norte County,2024-04-08,54.8,0.0,0.0
Del Norte County,2024-04-09,59.6,0.0,0.0
Del Norte County,2024-04-10,64.3,0.0,0.0
Del Norte County,2024-04-11,56.7,0.0,0.0
Del Norte County,2024-04-12,55.3,0.209,0.0
Del Norte County,2024-04-13,51.0,0.484,0.0
Del Norte County,2024-04-14,48.2,0.52,0.0
Del Norte County,2024-04-15,58.3,0.0,0.0
Del Norte County,2024-04-16,59.3,0.0,0.0
Del Norte County,2024-04-17,68.4,0.0,0.0
Del Norte County,2024-04-18,71.2,0.0,0.0
Del Norte County,2024-04-19,68.5,0.0,0.0
Del Norte County,2024-04-20,58.6,0.004,0.0
Del Norte County,2024-04-21,70.6,0.0,0.0
Del Norte County,2024-04-22,80.5,0.0,0.0
Del Norte County,2024-04-23,60.0,0.0,0.0
Del Norte County,2024-04-24,57.1,0.0,0.0
Del Norte County,2024-04-25,48.1,0.657,0.0
Del Norte County,2024-04-26,49.2,1.189,0.0
Del Norte County,2024-04-27,49.4,0.004,0.0
Del Norte County,2024-04-28,55.4,0.142,0.0
Del Norte County,2024-04-29,52.0,0.134,0.0
Del Norte County,2024-04-30,52.4,0.028,0.0
Del Norte County,2024-05-01,57.2,0.008,0.0
Del Norte County,2024-05-02,55.6,0.571,0.0
Del Norte County,2024-05-03,57.7,0.429,0.0
Del Norte County,2024-05-04,49.0,1.996,0.469
Del Norte County,2024-05-05,47.4,0.157,0.0
Del Norte County,2024-05-06,48.7,0.299,0.0
Del Norte County,2024-05-07,59.3,0.0,0.0
Del Norte County,2024-05-08,71.5,0.0,0.0
Del Norte County,2024-05-09,79.0,0.0,0.0
Del Norte County,2024-05-10,83.7,0.0,0.0
Del Norte County,2024-05-11,79.7,0.0,0.0
Del Norte County,2024-05-12,69.1,0.0,0.0
Del Norte County,2024-05-13,72.7,0.0,0.0
Del Norte County,2024-05-14,84.9,0.0,0.0
Del Norte County,2024-05-15,89.0,0.0,0.0
Del Norte County,2024-05-16,73.4,0.0,0.0
Del Norte County,2024-05-17,76.7,0.0,0.0
Del Norte County,2024-05-18,67.6,0.0,0.0
Del Norte County,2024-05-19,63.1,0.0,0.0
Del Norte County,2024-05-20,68.6,0.0,0.0
Del Norte County,2024-05-21,68.0,0.0,0.0
Del Norte County,2024-05-22,58.4,0.024,0.0
Del Norte County,2024-05-23,63.4,0.0,0.0
Del Norte County,2024-05-24,60.2,0.0,0.0
Del Norte County,2024-05-25,60.2,0.0,0.0
Del Norte County,2024-05-26,62.6,0.0,0.0
Del Norte County,2024-05-27,64.0,0.0,0.0
Del Norte County,2024-05-28,62.7,0.0,0.0
Del Norte County,2024-05-29,66.7,0.0,0.0
Del Norte County,2024-05-30,79.1,0.0,0.0
Del Norte County,2024-05-31,77.0,0.0,0.0
Del Norte County,2024-06-01,64.9,0.0,0.0
Del Norte County,2024-06-02,60.7,0.268,0.0
Del Norte County,2024-06-03,60.0,1.358,0.0
Del Norte County,2024-06-04,69.4,0.0,0.0
Del Norte County,2024-06-05,74.1,0.0,0.0
Del Norte County,2024-06-06,82.0,0.0,0.0
Del Norte County,2024-06-07,81.0,0.0,0.0
Del Norte County,2024-06-08,69.0,0.0,0.0
Del Norte County,2024-06-09,72.0,0.0,0.0
Del Norte County,2024-06-10,77.2,0.0,0.0
Del Norte County,2024-06-11,71.4,0.0,0.0
Del Norte County,2024-06-12,72.1,0.0,0.0
Del Norte County,2024-06-13,68.9,0.0,0.0
Del Norte County,2024-06-14,66.1,0.004,0.0
Del Norte County,2024-06-15,60.0,0.008,0.0
Del Norte County,2024-06-16,59.9,0.0,0.0
Del Norte County,2024-06-17,66.7,0.0,0.0
Del Norte County,2024-06-18,70.1,0.0,0.0
Del Norte County,2024-06-19,74.5,0.0,0.0
Del Norte County,2024-06-20,70.8,0.0,0.0
Del Norte County,2024-06-21,76.8,0.0,0.0
Del Norte County,2024-06-22,74.8,0.0,0.0
Del Norte County,2024-06-23,72.2,0.0,0.0
Del Norte County,2024-06-24,74.3,0.0,0.0
Del Norte County,2024-06-25,73.6,0.0,0.0
Del Norte County,2024-06-26,65.2,0.012,0.0
Del Norte County,2024-06-27,67.1,0.0,0.0
Del Norte County,2024-06-28,75.8,0.0,0.0
Del Norte County,2024-06-29,78.7,0.0,0.0
Del Norte County,2024-06-30,72.9,0.0,0.0
Del Norte County,2024-07-01,79.7,0.0,0.0
Del Norte County,2024-07-02,91.3,0.0,0.0
Del Norte County,2024-07-03,99.3,0.0,0.0
Del Norte County,2024-07-04,101.8,0.0,0.0
Del Norte County,2024-07-05,97.9,0.0,0.0
Del Norte County,2024-07-06,105.0,0.0,0.0
Del Norte County,2024-07-07,97.0,0.0,0.0
Del Norte County,2024-07-08,92.8,0.0,0.0
Del Norte County,2024-07-09,89.0,0.0,0.0
Del Norte County,2024-07-10,84.8,0.0,0.0
Del Norte County,2024-07-11,90.4,0.0,0.0
Del Norte County,2024-07-12,87.1,0.0,0.0
Del Norte County,2024-07-13,88.5,0.0,0.0
Del Norte County,2024-07-14,82.5,0.008,0.0
Del Norte County,2024-07-15,80.0,0.0,0.0
Del Norte County,2024-07-16,66.5,0.0,0.0
Del Norte County,2024-07-17,68.8,0.0,0.0
Del Norte County,2024-07-18,75.6,0.0,0.0
Del Norte County,2024-07-19,78.5,0.0,0.0
Del Norte County,2024-07-20,72.6,0.0,0.0
Del Norte County,2024-07-21,74.4,0.0,0.0
Del Norte County,2024-07-22,82.0,0.0,0.0
Del Norte County,2024-07-23,90.1,0.0,0.0
Del Norte County,2024-07-24,79.5,0.0,0.0
Del Norte County,2024-07-25,78.5,0.0,0.0
Del Norte County,2024-07-26,76.5,0.0,0.0
Del Norte County,2024-07-27,70.7,0.0,0.0
Del Norte County,2024-07-28,69.4,0.0,0.0
Del Norte County,2024-07-29,72.5,0.0,0.0
Del Norte County,2024-07-30,73.1,0.0,0.0
Del Norte County,2024-07-31,82.9,0.0,0.0
Del Norte County,2024-08-01,78.9,0.0,0.0
Del Norte County,2024-08-02,74.8,0.0,0.0
Del Norte County,2024-08-03,74.9,0.0,0.0
Del Norte County,2024-08-04,74.5,0.0,0.0
Del Norte County,2024-08-05,74.3,0.0,0.0
Del Norte County,2024-08-06,82.8,0.0,0.0
Del Norte County,2024-08-07,87.9,0.0,0.0
Del Norte County,2024-08-08,81.8,0.0,0.0
Del Norte County,2024-08-09,72.9,0.0,0.0
Del Norte County,2024-08-10,75.3,0.0,0.0
Del Norte County,2024-08-11,77.4,0.0,0.0
Del Norte County,2024-08-12,67.0,0.0,0.0
Del Norte County,2024-08-13,72.8,0.0,0.0
Del Norte County,2024-08-14,66.1,0.043,0.0
Del Norte County,2024-08-15,69.8,0.0,0.0
Del Norte County,2024-08-16,72.3,0.0,0.0
Del Norte County,2024-08-17,66.2,0.205,0.0
Del Norte County,2024-08-18,69.5,0.039,0.0
Del Norte County,2024-08-19,70.3,0.0,0.0
Del Norte County,2024-08-20,75.0,0.0,0.0
Del Norte County,2024-08-21,71.5,0.0,0.0
Del Norte County,2024-08-22,64.5,0.193,0.0
Del Norte County,2024-08-23,55.6,2.453,0.0
Del Norte County,2024-08-24,64.4,0.835,0.0
Del Norte County,2024-08-25,72.4,0.0,0.0
Del Norte County,2024-08-26,75.2,0.0,0.0
Del Norte County,2024-08-27,78.5,0.0,0.0
Del Norte County,2024-08-28,85.4,0.0,0.0
Del Norte County,2024-08-29,79.9,0.0,0.0
Del Norte County,2024-08-30,77.0,0.0,0.0
Del Norte County,2024-08-31,74.2,0.0,0.0
Del Norte County,2024-09-01,67.1,0.0,0.0
Del Norte County,2024-09-02,68.1,0.0,0.0
Del Norte County,2024-09-03,85.0,0.0,0.0
Del Norte County,2024-09-04,91.9,0.0,0.0
Del Norte County,2024-09-05,86.7,0.0,0.0
Del Norte County,2024-09-06,81.1,0.0,0.0
Del Norte County,2024-09-07,75.5,0.0,0.0
Del Norte County,2024-09-08,78.6,0.0,0.0
Del Norte County,2024-09-09,85.8,0.0,0.0
Del Norte County,2024-09-10,72.4,0.0,0.0
Del Norte County,2024-09-11,59.4,0.705,0.0
Del Norte County,2024-09-12,70.2,0.0,0.0
Del Norte County,2024-09-13,76.9,0.0,0.0
Del Norte County,2024-09-14,68.9,0.0,0.0
Del Norte County,2024-09-15,66.6,0.028,0.0
Del Norte County,2024-09-16,73.1,0.0,0.0
Del Norte County,2024-09-17,63.4,0.11,0.0
Del Norte County,2024-09-18,72.1,0.051,0.0
Del Norte County,2024-09-19,76.0,0.0,0.0
Del Norte County,2024-09-20,81.9,0.0,0.0
Del Norte County,2024-09-21,84.8,0.0,0.0
Del Norte County,2024-09-22,83.9,0.0,0.0
Del Norte County,2024-09-23,94.4,0.0,0.0
Del Norte County,2024-09-24,91.1,0.0,0.0
Del Norte County,2024-09-25,64.9,0.004,0.0
Del Norte County,2024-09-26,70.4,0.0,0.0
Del Norte County,2024-09-27,81.7,0.0,0.0
Del Norte County,2024-09-28,70.3,0.0,0.0
Del Norte County,2024-09-29,78.7,0.0,0.0
Del Norte County,2024-09-30,91.5,0.0,0.0
Del Norte County,2024-10-01,88.9,0.0,0.0
Del Norte County,2024-10-02,88.2,0.0,0.0
Del Norte County,2024-10-03,87.4,0.0,0.0
Del Norte County,2024-10-04,76.2,0.0,0.0
Del Norte County,2024-10-05,79.8,0.0,0.0
Del Norte County,2024-10-06,88.3,0.0,0.0
Del Norte County,2024-10-07,83.6,0.0,0.0
Del Norte County,2024-10-08,70.5,0.0,0.0
Del Norte County,2024-10-09,70.2,0.0,0.0
Del Norte County,2024-10-10,72.5,0.0,0.0
Del Norte County,2024-10-11,69.5,0.0,0.0
Del Norte County,2024-10-12,66.8,0.236,0.0
Del Norte County,2024-10-13,68.4,0.0,0.0
Del Norte County,2024-10-14,69.0,0.0,0.0
Del Norte County,2024-10-15,69.3,0.205,0.0
Del Norte County,2024-10-16,62.2,0.181,0.0
Del Norte County,2024-10-17,59.6,0.004,0.0
Del Norte County,2024-10-18,64.2,0.0,0.0
Del Norte County,2024-10-19,75.2,0.0,0.0
Del Norte County,2024-10-20,66.7,0.004,0.0
Del Norte County,2024-10-21,57.3,1.008,0.0
Del Norte County,2024-10-22,59.5,0.0,0.0
Del Norte County,2024-10-23,57.4,0.008,0.0
Del Norte County,2024-10-24,66.7,0.0,0.0
Del Norte County,2024-10-25,72.0,0.0,0.0
Del Norte County,2024-10-26,65.8,0.441,0.0
Del Norte County,2024-10-27,56.2,0.969,0.0
Del Norte County,2024-10-28,52.0,0.413,0.0
Del Norte County,2024-10-29,56.4,0.0,0.0
Del Norte County,2024-10-30,52.2,0.803,0.0
Del Norte County,2024-10-31,48.3,0.472,0.0
Del Norte County,2024-11-01,49.8,2.319,0.0
Del Norte County,2024-11-02,51.1,0.469,0.0
Del Norte County,2024-11-03,57.8,0.024,0.0
Del Norte County,2024-11-04,54.9,0.035,0.0
Del Norte County,2024-11-05,59.1,0.0,0.0
Del Norte County,2024-11-06,66.6,0.0,0.0
Del Norte County,2024-11-07,66.5,0.0,0.0
Del Norte County,2024-11-08,63.6,0.0,0.0
Del Norte County,2024-11-09,55.6,0.0,0.0
Del Norte County,2024-11-10,61.0,0.047,0.0
Del Norte County,2024-11-11,52.0,1.366,0.0
Del Norte County,2024-11-12,53.9,0.094,0.0
Del Norte County,2024-11-13,51.1,3.154,0.0
Del Norte County,2024-11-14,46.9,1.358,0.0
Del Norte County,2024-11-15,49.6,0.012,0.0
Del Norte County,2024-11-16,49.3,0.039,0.0
Del Norte County,2024-11-17,49.3,1.953,0.0
Del Norte County,2024-11-18,40.1,0.831,3.996
Del Norte County,2024-11-19,45.1,1.098,0.055
Del Norte County,2024-11-20,45.8,1.85,0.0
Del Norte County,2024-11-21,53.4,1.571,0.0
Del Norte County,2024-11-22,54.7,2.815,0.0
Del Norte County,2024-11-23,45.2,0.417,0.0
Del Norte County,2024-11-24,53.2,0.323,0.0
Del Norte County,2024-11-25,46.8,0.878,0.0
Del Norte County,2024-11-26,49.0,0.209,0.055
Del Norte County,2024-11-27,53.7,0.0,0.0
Del Norte County,2024-11-28,54.9,0.0,0.0
Del Norte County,2024-11-29,56.4,0.0,0.0
Del Norte County,2024-11-30,59.2,0.0,0.0
Del Norte County,2024-12-01,62.2,0.0,0.0
Del Norte County,2024-12-02,62.9,0.0,0.0
Del Norte County,2024-12-03,62.8,0.0,0.0
Del Norte County,2024-12-04,65.1,0.0,0.0
Del Norte County,2024-12-05,65.6,0.004,0.0
Del Norte County,2024-12-06,63.0,0.0,0.0
Del Norte County,2024-12-07,57.4,0.217,0.0
Del Norte County,2024-12-08,53.7,0.0,0.0
Del Norte County,2024-12-09,61.3,0.0,0.0
Del Norte County,2024-12-10,60.2,0.0,0.0
Del Norte County,2024-12-11,57.7,0.622,0.0
Del Norte County,2024-12-12,47.6,0.961,0.0
Del Norte County,2024-12-13,46.6,2.098,0.0
Del Norte County,2024-12-14,47.1,0.921,0.028
Del Norte County,2024-12-15,50.5,0.339,0.331
Del Norte County,2024-12-16,50.5,0.957,0.0
Del Norte County,2024-12-17,60.1,0.224,0.0
Del Norte County,2024-12-18,61.8,0.65,0.0
Del Norte County,2024-12-19,65.5,0.0,0.0
Del Norte County,2024-12-20,60.9,0.0,0.0
Del Norte County,2024-12-21,57.8,0.752,0.0
Del Norte County,2024-12-22,56.4,1.0,0.0
Del Norte County,2024-12-23,60.4,1.169,0.0
Del Norte County,2024-12-24,51.4,1.059,0.0
Del Norte County,2024-12-25,46.3,0.654,0.0
Del Norte County,2024-12-26,47.7,2.858,0.0
Del Norte County,2024-12-27,51.2,1.591,0.0
Del Norte County,2024-12-28,53.2,2.209,0.0
Del Norte County,2024-12-29,52.6,2.11,0.0
Del Norte County,2024-12-30,48.5,0.016,0.0
Del Norte County,2024-12-31,45.2,0.224,0.0
Del Norte County,2025-01-01,49.4,2.161,0.0
Del Norte County,2025-01-02,54.6,1.102,0.0
Del Norte County,2025-01-03,53.0,2.421,0.083
Del Norte County,2025-01-04,45.3,1.689,0.028
Del Norte County,2025-01-05,56.4,0.425,0.0
Del Norte County,2025-01-06,55.0,0.311,0.0
Del Norte County,2025-01-07,63.3,0.0,0.0
Del Norte County,2025-01-08,66.4,0.0,0.0
Del Norte County,2025-01-09,73.0,0.0,0.0
Del Norte County,2025-01-10,53.4,0.157,0.0
Del Norte County,2025-01-11,51.2,0.0,0.0
Del Norte County,2025-01-12,53.2,0.0,0.0
Del Norte County,2025-01-13,59.8,0.0,0.0
Del Norte County,2025-01-14,66.3,0.0,0.0
Del Norte County,2025-01-15,63.1,0.0,0.0
Del Norte County,2025-01-16,55.7,0.0,0.0
Del Norte County,2025-01-17,51.8,0.0,0.0
Del Norte County,2025-01-18,56.3,0.0,0.0
Del Norte County,2025-01-19,60.1,0.0,0.0
Del Norte County,2025-01-20,61.2,0.0,0.0
Del Norte County,2025-01-21,56.7,0.0,0.0
Del Norte County,2025-01-22,63.8,0.0,0.0
Del Norte County,2025-01-23,68.8,0.0,0.0
Del Norte County,2025-01-24,57.3,0.004,0.0
Del Norte County,2025-01-25,50.5,0.0,0.0
Del Norte County,2025-01-26,54.6,0.0,0.0
Del Norte County,2025-01-27,58.4,0.0,0.0
Del Norte County,2025-01-28,55.0,0.0,0.0
Del Norte County,2025-01-29,50.9,0.0,0.0
Del Norte County,2025-01-30,45.4,0.008,0.0
Del Norte County,2025-01-31,46.0,2.937,0.0
Del Norte County,2025-02-01,45.5,2.185,0.0
Del Norte County,2025-02-02,41.8,0.476,0.0
Del Norte County,2025-02-03,36.5,1.268,5.429
Del Norte County,2025-02-04,35.9,0.047,0.276
Del Norte County,2025-02-05,39.9,1.075,6.531
Del Norte County,2025-02-06,44.4,0.217,0.0
Del Norte County,2025-02-07,41.9,0.122,0.055
Del Norte County,2025-02-08,44.1,0.043,0.248
Del Norte County,2025-02-09,47.5,0.0,0.0
Del Norte County,2025-02-10,48.6,0.0,0.0
Del Norte County,2025-02-11,44.9,0.0,0.0
Del Norte County,2025-02-12,49.1,0.0,0.0
Del Norte County,2025-02-13,44.5,1.799,0.0
Del Norte County,2025-02-14,46.1,1.181,0.0
Del Norte County,2025-02-15,53.3,0.307,0.0
Del Norte County,2025-02-16,47.2,1.28,0.0
Del Norte County,2025-02-17,45.1,0.539,0.0
Del Norte County,2025-02-18,50.1,0.016,0.0
Del Norte County,2025-02-19,48.4,1.02,0.0
Del Norte County,2025-02-20,59.7,0.0,0.0
Del Norte County,2025-02-21,62.5,0.0,0.0
Del Norte County,2025-02-22,56.7,0.803,0.0
Del Norte County,2025-02-23,55.1,3.169,0.0
Del Norte County,2025-02-24,52.1,1.433,0.0
Del Norte County,2025-02-25,55.4,0.106,0.0
Del Norte County,2025-02-26,68.4,0.0,0.0
Del Norte County,2025-02-27,69.2,0.0,0.0
Del Norte County,2025-02-28,70.8,0.0,0.0
Del Norte County,2025-03-01,53.8,0.417,0.0
Del Norte County,2025-03-02,43.1,0.496,0.0
Del Norte County,2025-03-03,48.1,0.063,0.0
Del Norte County,2025-03-04,46.8,0.232,0.0
Del Norte County,2025-03-05,50.6,0.094,0.0
Del Norte County,2025-03-06,55.9,0.0,0.0
Del Norte County,2025-03-07,55.1,0.0,0.0
Del Norte County,2025-03-08,58.1,0.0,0.0
Del Norte County,2025-03-09,52.2,0.0,0.0
Del Norte County,2025-03-10,58.0,0.0,0.0
Del Norte County,2025-03-11,52.7,0.004,0.0
Del Norte County,2025-03-12,44.6,2.134,1.213
Del Norte County,2025-03-13,43.5,0.535,2.039
Del Norte County,2025-03-14,41.8,1.138,3.087
Del Norte County,2025-03-15,46.0,1.142,0.0
Del Norte County,2025-03-16,48.3,3.335,0.0
Del Norte County,2025-03-17,50.6,0.846,0.634
Del Norte County,2025-03-18,49.5,0.031,0.0
Del Norte County,2025-03-19,52.6,0.382,0.0
Del Norte County,2025-03-20,45.1,0.48,0.0
Del Norte County,2025-03-21,45.8,1.398,0.0
Del Norte County,2025-03-22,49.7,0.846,0.0
Del Norte County,2025-03-23,65.1,0.0,0.0
Del Norte County,2025-03-24,71.9,0.0,0.0
Del Norte County,2025-03-25,78.1,0.0,0.0
Del Norte County,2025-03-26,60.8,0.512,0.0
Del Norte County,2025-03-27,46.9,1.807,0.0
Del Norte County,2025-03-28,45.3,1.016,0.0
Del Norte County,2025-03-29,52.8,0.004,0.0
Del Norte County,2025-03-30,48.3,1.232,0.0
Del Norte County,2025-03-31,40.7,1.075,1.598
Del Norte County,2025-04-01,47.8,1.37,1.957
Del Norte County,2025-04-02,50.3,0.059,0.0
Del Norte County,2025-04-03,56.5,0.0,0.0
Del Norte County,2025-04-04,63.9,0.0,0.0
Del Norte County,2025-04-05,65.8,0.0,0.0
Del Norte County,2025-04-06,54.2,1.268,0.0
Del Norte County,2025-04-07,48.3,0.52,0.0
Del Norte County,2025-04-08,55.5,0.0,0.0
Del Norte County,2025-04-09,62.7,0.0,0.0
Del Norte County,2025-04-10,62.0,0.201,0.0
Del Norte County,2025-04-11,58.6,0.004,0.0
Del Norte County,2025-04-12,61.4,0.0,0.0
Del Norte County,2025-04-13,76.9,0.0,0.0
Del Norte County,2025-04-14,74.8,0.0,0.0
Del Norte County,2025-04-15,70.7,0.0,0.0
Del Norte County,2025-04-16,72.3,0.0,0.0
Del Norte County,2025-04-17,66.6,0.0,0.0
Del Norte County,2025-04-18,71.8,0.0,0.0
Del Norte County,2025-04-19,68.6,0.0,0.0
Del Norte County,2025-04-20,68.2,0.0,0.0
Del Norte County,2025-04-21,69.0,0.0,0.0
Del Norte County,2025-04-22,67.6,0.0,0.0
Del Norte County,2025-04-23,66.9,0.0,0.0
Del Norte County,2025-04-24,54.8,0.004,0.0
Del Norte County,2025-04-25,52.8,0.362,0.0
Del Norte County,2025-04-26,53.2,0.094,0.0
Del Norte County,2025-04-27,58.6,0.0,0.0
Del Norte County,2025-04-28,64.0,0.0,0.0
Del Norte County,2025-04-29,70.9,0.008,0.0
Del Norte County,2025-04-30,72.5,0.0,0.0
Del Norte County,2025-05-01,69.4,0.0,0.0
Del Norte County,2025-05-02,62.2,0.0,0.0
Del Norte County,2025-05-03,58.2,0.035,0.0
Del Norte County,2025-05-04,66.7,0.0,0.0
Del Norte County,2025-05-05,78.7,0.0,0.0
Del Norte County,2025-05-06,76.2,0.0,0.0
Del Norte County,2025-05-07,63.6,0.0,0.0
Del Norte County,2025-05-08,65.8,0.0,0.0
Del Norte County,2025-05-09,70.3,0.0,0.0
Del Norte County,2025-05-10,64.9,0.0,0.0
Del Norte County,2025-05-11,52.9,0.524,0.0
Del Norte County,2025-05-12,52.0,1.094,0.0
Del Norte County,2025-05-13,56.3,0.028,0.0
Del Norte County,2025-05-14,58.6,0.012,0.0
Del Norte County,2025-05-15,62.8,0.0,0.0
Del Norte County,2025-05-16,61.9,0.004,0.0
Del Norte County,2025-05-17,57.4,0.173,0.0
Del Norte County,2025-05-18,57.7,0.0,0.0
Del Norte County,2025-05-19,59.0,0.075,0.0
Del Norte County,2025-05-20,58.5,0.0,0.0
Del Norte County,2025-05-21,64.5,0.0,0.0
Del Norte County,2025-05-22,58.7,0.0,0.0
Del Norte County,2025-05-23,63.3,0.0,0.0
Del Norte County,2025-05-24,60.9,0.0,0.0
Del Norte County,2025-05-25,62.6,0.0,0.0
Del Norte County,2025-05-26,64.0,0.0,0.0
Del Norte County,2025-05-27,75.7,0.0,0.0
Del Norte County,2025-05-28,63.7,0.0,0.0
Del Norte County,2025-05-29,69.4,0.0,0.0
Del Norte County,2025-05-30,78.9,0.0,0.0
Del Norte County,2025-05-31,76.5,0.0,0.0
Del Norte County,2025-06-01,77.4,0.0,0.0
Del Norte County,2025-06-02,83.1,0.0,0.0
Del Norte County,2025-06-03,82.4,0.0,0.0
Del Norte County,2025-06-04,77.5,0.0,0.0
Del Norte County,2025-06-05,82.7,0.0,0.0
Del Norte County,2025-06-06,80.2,0.0,0.0
Del Norte County,2025-06-07,76.2,0.0,0.0
Del Norte County,2025-06-08,78.3,0.0,0.0
Del Norte County,2025-06-09,79.0,0.0,0.0
Del Norte County,2025-06-10,70.7,0.0,0.0
Del Norte County,2025-06-11,64.3,0.0,0.0
Del Norte County,2025-06-12,67.3,0.0,0.0
Del Norte County,2025-06-13,67.0,0.0,0.0
Del Norte County,2025-06-14,68.9,0.0,0.0
Del Norte County,2025-06-15,70.0,0.0,0.0
Del Norte County,2025-06-16,62.6,0.0,0.0
Del Norte County,2025-06-17,68.3,0.0,0.0
Del Norte County,2025-06-18,67.2,0.0,0.0
Del Norte County,2025-06-19,66.6,0.0,0.0
Del Norte County,2025-06-20,55.6,0.898,0.0
Del Norte County,2025-06-21,57.9,0.083,0.0
Del Norte County,2025-06-22,63.2,0.0,0.0
Del Norte County,2025-06-23,74.2,0.0,0.0
Del Norte County,2025-06-24,70.0,0.0,0.0
Del Norte County,2025-06-25,66.5,0.0,0.0
Del Norte County,2025-06-26,67.5,0.0,0.0
Del Norte County,2025-06-27,70.3,0.0,0.0
Del Norte County,2025-06-28,86.1,0.0,0.0
Del Norte County,2025-06-29,86.6,0.0,0.0
Del Norte County,2025-06-30,84.3,0.0,0.0
Del Norte County,2025-07-01,77.4,0.0,0.0
Del Norte County,2025-07-02,74.8,0.0,0.0
Del Norte County,2025-07-03,69.1,0.0,0.0
Del Norte County,2025-07-04,61.6,0.0,0.0
Del Norte County,2025-07-05,72.6,0.0,0.0
Del Norte County,2025-07-06,82.0,0.0,0.0
Del Norte County,2025-07-07,80.4,0.0,0.0
Del Norte County,2025-07-08,67.2,0.0,0.0
Del Norte County,2025-07-09,69.5,0.0,0.0
Del Norte County,2025-07-10,82.1,0.0,0.0
Del Norte County,2025-07-11,91.3,0.0,0.0
Del Norte County,2025-07-12,97.3,0.0,0.0
Del Norte County,2025-07-13,84.2,0.0,0.0
Del Norte County,2025-07-14,99.9,0.0,0.0
Del Norte County,2025-07-15,76.0,0.0,0.0
Del Norte County,2025-07-16,75.5,0.0,0.0
Del Norte County,2025-07-17,72.6,0.0,0.0
Del Norte County,2025-07-18,75.7,0.0,0.0
Del Norte County,2025-07-19,78.4,0.0,0.0
Del Norte County,2025-07-20,72.5,0.0,0.0
Del Norte County,2025-07-21,67.2,0.047,0.0
Del Norte County,2025-07-22,72.7,0.0,0.0
Del Norte County,2025-07-23,71.7,0.0,0.0
Del Norte County,2025-07-24,69.4,0.0,0.0
Del Norte County,2025-07-25,69.0,0.0,0.0
Del Norte County,2025-07-26,69.5,0.0,0.0
Del Norte County,2025-07-27,70.5,0.0,0.0
Del Norte County,2025-07-28,73.2,0.0,0.0
Del Norte County,2025-07-29,72.4,0.0,0.0
Del Norte County,2025-07-30,73.0,0.0,0.0
Del Norte County,2025-07-31,71.2,0.0,0.0
Del Norte County,2025-08-01,72.3,0.0,0.0
Del Norte County,2025-08-02,71.9,0.0,0.0
Del Norte County,2025-08-03,66.9,0.0,0.0
Del Norte County,2025-08-04,68.2,0.0,0.0
Del Norte County,2025-08-05,72.1,0.0,0.0
Del Norte County,2025-08-06,73.7,0.0,0.0
Del Norte County,2025-08-07,80.9,0.0,0.0
Del Norte County,2025-08-08,92.9,0.0,0.0
Del Norte County,2025-08-09,98.1,0.0,0.0
Del Norte County,2025-08-10,88.8,0.0,0.0
Del Norte County,2025-08-11,80.5,0.0,0.0
Del Norte County,2025-08-12,78.2,0.0,0.0
Del Norte County,2025-08-13,76.9,0.0,0.0
Del Norte County,2025-08-14,75.7,0.0,0.0
Del Norte County,2025-08-15,75.0,0.067,0.0
Del Norte County,2025-08-16,69.3,0.173,0.0
Del Norte County,2025-08-17,68.3,0.0,0.0
Del Norte County,2025-08-18,67.4,0.0,0.0
Del Norte County,2025-08-19,73.2,0.0,0.0
Del Norte County,2025-08-20,79.3,0.0,0.0
Del Norte County,2025-08-21,80.8,0.0,0.0
Del Norte County,2025-08-22,83.4,0.0,0.0
Del Norte County,2025-08-23,83.0,0.0,0.0
Del Norte County,2025-08-24,83.1,0.0,0.0
Del Norte County,2025-08-25,84.7,0.0,0.0
Del Norte County,2025-08-26,77.2,0.0,0.0
Del Norte County,2025-08-27,76.1,0.0,0.0
Del Norte County,2025-08-28,71.9,0.0,0.0
Del Norte County,2025-08-29,73.8,0.0,0.0
Del Norte County,2025-08-30,78.5,0.0,0.0
Del Norte County,2025-08-31,73.9,0.0,0.0
Del Norte County,2025-09-01,73.9,0.0,0.0
Del Norte County,2025-09-02,79.0,0.0,0.0
Del Norte County,2025-09-03,80.5,0.0,0.0
Del Norte County,2025-09-04,77.7,0.0,0.0
Del Norte County,2025-09-05,67.6,0.0,0.0
Del Norte County,2025-09-06,69.2,0.0,0.0
Del Norte County,2025-09-07,71.6,0.0,0.0
Del Norte County,2025-09-08,70.8,0.512,0.0
Del Norte County,2025-09-09,67.6,0.618,0.0
Del Norte County,2025-09-10,68.3,0.0,0.0
Del Norte County,2025-09-11,66.1,0.0,0.0
Del Norte County,2025-09-12,70.5,0.0,0.0
Del Norte County,2025-09-13,68.8,0.0,0.0
Del Norte County,2025-09-14,70.9,0.181,0.0
Del Norte County,2025-09-15,78.4,0.0,0.0
Del Norte County,2025-09-16,82.0,0.0,0.0
Del Norte County,2025-09-17,75.6,0.0,0.0
Del Norte County,2025-09-18,81.5,0.0,0.0
Del Norte County,2025-09-19,77.8,0.0,0.0
Del Norte County,2025-09-20,73.8,0.0,0.0
Del Norte County,2025-09-21,71.1,0.0,0.0
Del Norte County,2025-09-22,80.7,0.0,0.0
Del Norte County,2025-09-23,89.7,0.0,0.0
Del Norte County,2025-09-24,86.3,0.0,0.0
Del Norte County,2025-09-25,79.3,0.0,0.0
Del Norte County,2025-09-26,85.5,0.0,0.0
Del Norte County,2025-09-27,75.2,0.0,0.0
Del Norte County,2025-09-28,64.6,0.0,0.0
Del Norte County,2025-09-29,56.6,1.213,0.0
Del Norte County,2025-09-30,59.9,0.425,0.0
Del Norte County,2025-10-01,62.8,0.283,0.0
Del Norte County,2025-10-02,59.7,0.835,0.0
Del Norte County,2025-10-03,66.1,0.0,0.0
Del Norte County,2025-10-04,67.6,0.0,0.0
Del Norte County,2025-10-05,73.0,0.0,0.0
Del Norte County,2025-10-06,78.7,0.0,0.0
Del Norte County,2025-10-07,78.8,0.0,0.0
Del Norte County,2025-10-08,61.7,0.0,0.0
Del Norte County,2025-10-09,58.0,0.201,0.0
Del Norte County,2025-10-10,54.3,0.724,0.0
Del Norte County,2025-10-11,57.2,0.094,0.0
Del Norte County,2025-10-12,55.7,0.087,0.0
Del Norte County,2025-10-13,55.0,0.791,0.0
Del Norte County,2025-10-14,67.7,0.0,0.0
Del Norte County,2025-10-15,59.0,0.0,0.0
Del Norte County,2025-10-16,63.9,0.0,0.0
Del Norte County,2025-10-17,70.6,0.0,0.0
Del Norte County,2025-10-18,71.2,0.0,0.0
Del Norte County,2025-10-19,61.3,0.071,0.0
Del Norte County,2025-10-20,71.7,0.0,0.0
Del Norte County,2025-10-21,77.7,0.0,0.0
Del Norte County,2025-10-22,63.8,0.0,0.0
Del Norte County,2025-10-23,63.8,0.0,0.0
Del Norte County,2025-10-24,58.1,0.862,0.0
Del Norte County,2025-10-25,53.1,1.638,0.0
Del Norte County,2025-10-26,48.8,0.579,0.0
Del Norte County,2025-10-27,58.7,0.0,0.0
Del Norte County,2025-10-28,70.2,0.0,0.0
Del Norte County,2025-10-29,70.1,0.004,0.0
Del Norte County,2025-10-30,59.2,0.0,0.0
Del Norte County,2025-10-31,65.5,0.0,0.0
Del Norte County,2025-11-01,64.2,0.559,0.0
Del Norte County,2025-11-02,66.4,0.0,0.0
Del Norte County,2025-11-03,57.2,0.217,0.0
Del Norte County,2025-11-04,61.2,0.638,0.0
Del Norte County,2025-11-05,61.1,2.142,0.0
Del Norte County,2025-11-06,55.5,0.815,0.0
Del Norte County,2025-11-07,60.7,0.11,0.0
Del Norte County,2025-11-08,73.9,0.0,0.0
Del Norte County,2025-11-09,70.8,0.0,0.0
Del Norte County,2025-11-10,70.2,0.0,0.0
Del Norte County,2025-11-11,68.4,0.0,0.0
Del Norte County,2025-11-12,60.7,0.031,0.0
Del Norte County,2025-11-13,61.3,0.807,0.0
Del Norte County,2025-11-14,61.7,0.0,0.0
Del Norte County,2025-11-15,63.6,0.0,0.0
Del Norte County,2025-11-16,52.9,0.504,0.0
Del Norte County,2025-11-17,54.9,0.756,0.0
Del Norte County,2025-11-18,57.1,0.0,0.0
Del Norte County,2025-11-19,51.9,0.547,0.0
Del Norte County,2025-11-20,46.2,0.236,0.0
Del Norte County,2025-11-21,61.3,0.0,0.0
Del Norte County,2025-11-22,58.8,0.0,0.0
Del Norte County,2025-11-23,54.3,0.0,0.0
Del Norte County,2025-11-24,54.8,0.031,0.0
Del Norte County,2025-11-25,55.2,0.0,0.0
Del Norte County,2025-11-26,57.2,0.0,0.0
Del Norte County,2025-11-27,54.1,0.307,0.0
Del Norte County,2025-11-28,55.1,0.106,0.0
Del Norte County,2025-11-29,53.2,0.0,0.0
Del Norte County,2025-11-30,53.4,0.0,0.0
Del Norte County,2025-12-01,58.4,0.0,0.0
Del Norte County,2025-12-02,59.6,0.0,0.0
Del Norte County,2025-12-03,58.5,0.0,0.0
Del Norte County,2025-12-04,60.9,0.0,0.0
Del Norte County,2025-12-05,55.7,0.154,0.0
Del Norte County,2025-12-06,57.7,0.008,0.0
Del Norte County,2025-12-07,51.8,0.126,0.0
Del Norte County,2025-12-08,55.8,0.0,0.0
Del Norte County,2025-12-09,59.4,0.0,0.0
Del Norte County,2025-12-10,63.2,0.0,0.0
Del Norte County,2025-12-11,64.6,0.0,0.0
Del Norte County,2025-12-12,73.0,0.0,0.0
Del Norte County,2025-12-13,66.4,0.0,0.0
Del Norte County,2025-12-14,53.9,0.0,0.0
Del Norte County,2025-12-15,55.9,1.606,0.0
Del Norte County,2025-12-16,57.2,0.882,0.0
Del Norte County,2025-12-17,55.3,0.906,0.0
Del Norte County,2025-12-18,53.9,0.508,0.0
Del Norte County,2025-12-19,52.5,2.787,0.0
Del Norte County,2025-12-20,48.9,0.028,0.0
Del Norte County,2025-12-21,51.8,2.976,0.0
Del Norte County,2025-12-22,47.1,0.236,0.0
Del Norte County,2025-12-23,43.9,0.965,0.0
Del Norte County,2025-12-24,50.9,1.374,0.0
Del Norte County,2025-12-25,46.9,0.882,0.028
Del Norte County,2025-12-26,48.8,0.575,0.193
Del Norte County,2025-12-27,47.6,0.0,0.0
Del Norte County,2025-12-28,58.1,0.0,0.0
Del Norte County,2025-12-29,61.2,0.0,0.0
Del Norte County,2025-12-30,60.4,0.0,0.0
Del Norte County,2025-12-31,63.8,0.024,0.0
Del Norte County,2026-01-01,53.5,0.843,0.0
Del Norte County,2026-01-02,59.0,0.335,0.0
Del Norte County,2026-01-03,51.4,1.524,0.0
Del Norte County,2026-01-04,47.7,1.76,0.028
Del Norte County,2026-01-05,48.9,1.28,0.0
Del Norte County,2026-01-06,49.2,0.008,0.0
Del Norte County,2026-01-07,44.2,0.594,0.055
Del Norte County,2026-01-08,45.8,0.0,0.0
Del Norte County,2026-01-09,61.3,0.0,0.0
Del Norte County,2026-01-10,58.4,0.0,0.0
Del Norte County,2026-01-11,59.5,0.0,0.0
Del Norte County,2026-01-12,62.9,0.0,0.0
Del Norte County,2026-01-13,65.2,0.0,0.0
Del Norte County,2026-01-14,62.8,0.0,0.0
Del Norte County,2026-01-15,75.0,0.0,0.0
Del Norte County,2026-01-16,76.0,0.0,0.0
Del Norte County,2026-01-17,65.2,0.0,0.0
Del Norte County,2026-01-18,62.2,0.0,0.0
Del Norte County,2026-01-19,64.0,0.0,0.0
Del Norte County,2026-01-20,61.2,0.0,0.0
Del Norte County,2026-01-21,60.2,0.0,0.0
Del Norte County,2026-01-22,58.4,0.0,0.0
Del Norte County,2026-01-23,60.8,0.0,0.0
Del Norte County,2026-01-24,62.8,0.0,0.0
Del Norte County,2026-01-25,58.8,0.0,0.0
Del Norte County,2026-01-26,60.6,0.0,0.0
Del Norte County,2026-01-27,59.4,0.807,0.0
Del Norte County,2026-01-28,56.6,0.039,0.0
Del Norte County,2026-01-29,58.6,0.0,0.0
Del Norte County,2026-01-30,62.3,0.0,0.0
Del Norte County,2026-01-31,65.7,0.0,0.0
Del Norte County,2026-02-01,57.0,0.248,0.0
Del Norte County,2026-02-02,66.7,0.0,0.0
Del Norte County,2026-02-03,71.4,0.0,0.0
Del Norte County,2026-02-04,72.5,0.0,0.0
Del Norte County,2026-02-05,72.8,0.0,0.0
Del Norte County,2026-02-06,61.8,0.0,0.0
Del Norte County,2026-02-07,59.2,0.075,0.0
Del Norte County,2026-02-08,51.8,2.043,0.0
Del Norte County,2026-02-09,54.3,0.028,0.0
Del Norte County,2026-02-10,58.7,0.004,0.0
Del Norte County,2026-02-11,60.6,0.15,0.0
Del Norte County,2026-02-12,56.0,0.008,0.0
Del Norte County,2026-02-13,51.7,0.0,0.0
Del Norte County,2026-02-14,53.0,0.539,0.028
Del Norte County,2026-02-15,50.0,0.441,0.0
Del Norte County,2026-02-16,42.7,0.52,0.524
Del Norte County,2026-02-17,37.9,0.642,3.555
Del Norte County,2026-02-18,40.6,0.429,2.646
Del Norte County,2026-02-19,42.2,0.48,2.866
Del Norte County,2026-02-20,45.7,0.047,0.138
Del Norte County,2026-02-21,51.3,0.012,0.0
Del Norte County,2026-02-22,51.7,1.244,0.0
Del Norte County,2026-02-23,53.6,0.795,0.0
Del Norte County,2026-02-24,52.5,3.437,0.0
Del Norte County,2026-02-25,57.3,0.37,0.0
Del Norte County,2026-02-26,63.1,0.0,0.0
Del Norte County,2026-02-27,69.7,0.0,0.0
Del Norte County,2026-02-28,67.0,0.185,0.0
Del Norte County,2026-03-01,54.2,0.661,0.0
Del Norte County,2026-03-02,60.7,0.0,0.0
Del Norte County,2026-03-03,55.7,0.024,0.0
Del Norte County,2026-03-04,47.5,1.008,0.0
Del Norte County,2026-03-05,52.4,0.004,0.0
Del Norte County,2026-03-06,61.6,0.0,0.0
Del Norte County,2026-03-07,67.7,0.0,0.0
Del Norte County,2026-03-08,64.0,0.0,0.0
Del Norte County,2026-03-09,55.9,0.0,0.0
Del Norte County,2026-03-10,49.5,0.0,0.0
Del Norte County,2026-03-11,59.0,0.0,0.0
Del Norte County,2026-03-12,60.4,0.0,0.0
Del Norte County,2026-03-13,58.8,0.0,0.0
Del Norte County,2026-03-14,55.7,0.197,0.0
Del Norte County,2026-03-15,70.4,0.0,0.0
Del Norte County,2026-03-16,77.3,0.0,0.0
Del Norte County,2026-03-17,75.7,0.0,0.0
Del Norte County,2026-03-18,73.5,0.0,0.0
Del Norte County,2026-03-19,78.4,0.0,0.0
Del Norte County,2026-03-20,73.0,0.0,0.0
Del Norte County,2026-03-21,59.8,0.0,0.0
Del Norte County,2026-03-22,64.7,0.0,0.0
Del Norte County,2026-03-23,61.3,0.0,0.0
Del Norte County,2026-03-24,59.5,0.157,0.0
Del Norte County,2026-03-25,53.2,0.154,0.0
Del Norte County,2026-03-26,70.3,0.0,0.0
Del Norte County,2026-03-27,72.0,0.0,0.0
Del Norte County,2026-03-28,65.7,0.0,0.0
Del Norte County,2026-03-29,65.2,0.0,0.0
Del Norte County,2026-03-30,56.7,0.173,0.0
Del Norte County,2026-03-31,56.8,0.031,0.0
Del Norte County,2026-04-01,46.9,1.602,0.0
Del Norte County,2026-04-02,52.1,0.083,0.0
Del Norte County,2026-04-03,68.0,0.0,0.0
Del Norte County,2026-04-04,74.3,0.0,0.0
Del Norte County,2026-04-05,72.3,0.0,0.0
Del Norte County,2026-04-06,68.5,0.0,0.0
Del Norte County,2026-04-07,62.9,0.0,0.0
Del Norte County,2026-04-08,66.5,0.0,0.0
Del Norte County,2026-04-09,63.7,0.13,0.0
Del Norte County,2026-04-10,59.3,0.256,0.0
Del Norte County,2026-04-11,52.6,1.063,0.0
Del Norte County,2026-04-12,54.2,0.291,0.0
Del Norte County,2026-04-13,52.5,0.063,0.0
Del Norte County,2026-04-14,52.7,0.028,0.0
Del Norte County,2026-04-15,47.9,0.835,0.0
Del Norte County,2026-04-16,56.7,0.0,0.0
Del Norte County,2026-04-17,62.2,0.0,0.0
Del Norte County,2026-04-18,64.6,0.0,0.0
Del Norte County,2026-04-19,61.8,0.0,0.0
Del Norte County,2026-04-20,53.4,0.961,0.0
Del Norte County,2026-04-21,51.9,1.031,0.0
Del Norte County,2026-04-22,55.8,0.031,0.0
Del Norte County,2026-04-23,57.7,0.0,0.0
Del Norte County,2026-04-24,60.6,0.0,0.0
Del Norte County,2026-04-25,57.7,0.0,0.0
Del Norte County,2026-04-26,55.0,0.071,0.0
Del Norte County,2026-04-27,55.0,0.0,0.0
Del Norte County,2026-04-28,60.8,0.0,0.0
Del Norte County,2026-04-29,62.1,0.0,0.0
Del Norte County,2026-04-30,63.5,0.0,0.0
Del Norte County,2026-05-01,60.1,0.0,0.0
Del Norte County,2026-05-02,65.9,0.0,0.0
Del Norte County,2026-05-03,66.7,0.11,0.0
Del Norte County,2026-05-04,54.4,0.429,0.0
Del Norte County,2026-05-05,59.1,0.0,0.0
Del Norte County,2026-05-06,60.6,0.0,0.0
Del Norte County,2026-05-07,65.0,0.0,0.0
Del Norte County,2026-05-08,63.5,0.0,0.0
Del Norte County,2026-05-09,67.4,0.0,0.0
Del Norte County,2026-05-10,65.1,0.0,0.0
Del Norte County,2026-05-11,73.3,0.0,0.0
Del Norte County,2026-05-12,64.0,0.0,0.0
Del Norte County,2026-05-13,61.0,0.217,0.0
Del Norte County,2026-05-14,64.3,0.0,0.0
Del Norte County,2026-05-15,60.3,0.0,0.0
Del Norte County,2026-05-16,57.9,0.0,0.0
Del Norte County,2026-05-17,64.7,0.0,0.0
Del Norte County,2026-05-18,70.5,0.0,0.0
Del Norte County,2026-05-19,75.5,0.0,0.0
Del Norte County,2026-05-20,78.5,0.0,0.0
Del Norte County,2026-05-21,76.5,0.0,0.0
Del Norte County,2026-05-22,76.6,0.0,0.0
Del Norte County,2026-05-23,67.8,0.0,0.0
Del Norte County,2026-05-24,69.3,0.0,0.0
Del Norte County,2026-05-25,55.4,0.291,0.0
Del Norte County,2026-05-26,53.9,0.413,0.0
Del Norte County,2026-05-27,68.1,0.055,0.0
Del Norte County,2026-05-28,65.4,0.016,0.0
Del Norte County,2026-05-29,62.4,0.051,0.0
Del Norte County,2026-05-30,61.9,0.0,0.0
Del Norte County,2026-05-31,75.0,0.0,0.0
Del Norte County,2026-06-01,79.0,0.0,0.0
Del Norte County,2026-06-02,71.9,0.0,0.0
Del Norte County,2026-06-03,65.1,0.0,0.0
Del Norte County,2026-06-04,68.5,0.0,0.0
Del Norte County,2026-06-05,64.9,0.0,0.0
Del Norte County,2026-06-06,59.5,0.0,0.0
Del Norte County,2026-06-07,65.5,0.0,0.0
Del Norte County,2026-06-08,54.6,1.244,0.0
Del Norte County,2026-06-09,63.3,0.236,0.0
Del Norte County,2026-06-10,69.3,0.0,0.0
Del Norte County,2026-06-11,79.5,0.0,0.0
Del Norte County,2026-06-12,87.1,0.0,0.0
Del Norte County,2026-06-13,95.4,0.0,0.0
Del Norte County,2026-06-14,81.8,0.0,0.0
Del Norte County,2026-06-15,84.3,0.0,0.0
Del Norte County,2026-06-16,86.9,0.0,0.0
Del Norte County,2026-06-17,82.7,0.0,0.0
Del Norte County,2026-06-18,68.6,0.004,0.0
Del Norte County,2026-06-19,61.0,0.0,0.0
Del Norte County,2026-06-20,65.2,0.0,0.0
Del Norte County,2026-06-21,73.0,0.0,0.0
Del Norte County,2026-06-22,78.5,0.0,0.0
Del Norte County,2026-06-23,74.9,0.0,0.0
Del Norte County,2026-06-24,76.1,0.0,0.0
Del Norte County,2026-06-25,64.5,0.02,0.0
Del Norte County,2026-06-26,57.2,0.429,0.0
Del Norte County,2026-06-27,60.2,0.106,0.0
Del Norte County,2026-06-28,69.9,0.0,0.0
Del Norte County,2026-06-29,73.5,0.0,0.0
Del Norte County,2026-06-30,73.0,0.0,0.0
Del Norte County,2026-07-01,78.5,0.0,0.0
Del Norte County,2026-07-02,73.9,0.0,0.0
Del Norte County,2026-07-03,73.8,0.0,0.0
Del Norte County,2026-07-04,75.8,0.0,0.0
Del Norte County,2026-07-05,72.5,0.0,0.0
Del Norte County,2026-07-06,70.7,0.0,0.0
Del Norte County,2026-07-07,64.7,0.0,0.0
Del Norte County,2026-07-08,71.3,0.0,0.0
Del Norte County,2026-07-09,72.9,0.0,0.0
Del Norte County,2026-07-10,66.8,0.0,0.0
Del Norte County,2026-07-11,68.5,0.0,0.0
Del Norte County,2026-07-12,77.1,0.0,0.0
Del Norte County,2026-07-13,78.6,0.0,0.0
Del Norte County,2026-07-14,76.9,0.0,0.0
Del Norte County,2026-07-15,72.7,0.0,0.0
Del Norte County,2026-07-16,67.7,0.0,0.0
Del Norte County,2026-07-17,71.3,0.0,0.0
Del Norte County,2026-07-18,78.4,0.0,0.0
Del Norte County,2026-07-19,79.2,0.0,0.0
Del Norte County,2026-07-20,76.9,0.0,0.0
Del Norte County,2026-07-21,87.8,0.0,0.0
Del Norte County,2026-07-22,75.3,0.039,0.0
Del Norte County,2026-07-23,70.2,0.0,0.0
Del Norte County,2026-07-24,69.6,0.0,0.0
Del Norte County,2026-07-25,69.4,0.0,0.0
Del Norte County,2026-07-26,69.7,0.0,0.0
Del Norte County,2026-07-27,69.7,0.0,0.0
Del Norte County,2026-07-28,69.9,0.0,0.0
Del Norte County,2026-07-29,68.1,0.0,0.0
Glenn County,2023-07-30,102.1,0.0,0.0
Glenn County,2023-07-31,101.9,0.0,0.0
Glenn County,2023-08-01,99.2,0.0,0.0
Glenn County,2023-08-02,96.5,0.0,0.0
Glenn County,2023-08-03,94.0,0.0,0.0
Glenn County,2023-08-04,98.0,0.0,0.0
Glenn County,2023-08-05,101.8,0.0,0.0
Glenn County,2023-08-06,103.7,0.0,0.0
Glenn County,2023-08-07,104.5,0.0,0.0
Glenn County,2023-08-08,97.4,0.0,0.0
Glenn County,2023-08-09,94.2,0.0,0.0
Glenn County,2023-08-10,98.4,0.0,0.0
Glenn County,2023-08-11,96.7,0.0,0.0
Glenn County,2023-08-12,102.8,0.0,0.0
Glenn County,2023-08-13,109.5,0.0,0.0
Glenn County,2023-08-14,101.7,0.008,0.0
Glenn County,2023-08-15,109.0,0.0,0.0
Glenn County,2023-08-16,111.7,0.0,0.0
Glenn County,2023-08-17,104.6,0.0,0.0
Glenn County,2023-08-18,100.9,0.0,0.0
Glenn County,2023-08-19,100.8,0.0,0.0
Glenn County,2023-08-20,91.7,0.0,0.0
Glenn County,2023-08-21,81.5,0.063,0.0
Glenn County,2023-08-22,89.5,0.004,0.0
Glenn County,2023-08-23,96.7,0.0,0.0
Glenn County,2023-08-24,98.3,0.0,0.0
Glenn County,2023-08-25,95.6,0.0,0.0
Glenn County,2023-08-26,96.7,0.0,0.0
Glenn County,2023-08-27,97.6,0.0,0.0
Glenn County,2023-08-28,100.5,0.0,0.0
Glenn County,2023-08-29,96.8,0.0,0.0
Glenn County,2023-08-30,102.1,0.0,0.0
Glenn County,2023-08-31,98.2,0.0,0.0
Glenn County,2023-09-01,77.8,0.02,0.0
Glenn County,2023-09-02,81.1,0.02,0.0
Glenn County,2023-09-03,79.6,0.016,0.0
Glenn County,2023-09-04,87.7,0.0,0.0
Glenn County,2023-09-05,92.8,0.0,0.0
Glenn County,2023-09-06,92.4,0.0,0.0
Glenn County,2023-09-07,92.0,0.0,0.0
Glenn County,2023-09-08,93.3,0.0,0.0
Glenn County,2023-09-09,93.6,0.0,0.0
Glenn County,2023-09-10,96.0,0.0,0.0
Glenn County,2023-09-11,95.8,0.0,0.0
Glenn County,2023-09-12,95.1,0.0,0.0
Glenn County,2023-09-13,99.2,0.0,0.0
Glenn County,2023-09-14,101.6,0.0,0.0
Glenn County,2023-09-15,96.7,0.0,0.0
Glenn County,2023-09-16,95.6,0.0,0.0
Glenn County,2023-09-17,89.9,0.0,0.0
Glenn County,2023-09-18,87.5,0.0,0.0
Glenn County,2023-09-19,88.5,0.0,0.0
Glenn County,2023-09-20,87.4,0.0,0.0
Glenn County,2023-09-21,81.5,0.0,0.0
Glenn County,2023-09-22,83.0,0.0,0.0
Glenn County,2023-09-23,82.9,0.0,0.0
Glenn County,2023-09-24,80.9,0.0,0.0
Glenn County,2023-09-25,78.4,0.012,0.0
Glenn County,2023-09-26,78.2,0.0,0.0
Glenn County,2023-09-27,80.4,0.0,0.0
Glenn County,2023-09-28,85.3,0.0,0.0
Glenn County,2023-09-29,80.6,0.244,0.0
Glenn County,2023-09-30,69.8,0.102,0.0
Glenn County,2023-10-01,76.1,0.0,0.0
Glenn County,2023-10-02,79.9,0.0,0.0
Glenn County,2023-10-03,84.7,0.0,0.0
Glenn County,2023-10-04,89.3,0.0,0.0
Glenn County,2023-10-05,91.8,0.0,0.0
Glenn County,2023-10-06,94.2,0.0,0.0
Glenn County,2023-10-07,92.9,0.0,0.0
Glenn County,2023-10-08,91.9,0.0,0.0
Glenn County,2023-10-09,69.6,0.02,0.0
Glenn County,2023-10-10,73.2,0.0,0.0
Glenn County,2023-10-11,73.5,0.0,0.0
Glenn County,2023-10-12,79.3,0.0,0.0
Glenn County,2023-10-13,72.4,0.055,0.0
Glenn County,2023-10-14,75.5,0.0,0.0
Glenn County,2023-10-15,82.0,0.0,0.0
Glenn County,2023-10-16,73.5,0.0,0.0
Glenn County,2023-10-17,86.3,0.0,0.0
Glenn County,2023-10-18,91.1,0.0,0.0
Glenn County,2023-10-19,91.5,0.0,0.0
Glenn County,2023-10-20,87.9,0.0,0.0
Glenn County,2023-10-21,78.8,0.0,0.0
Glenn County,2023-10-22,64.3,0.094,0.0
Glenn County,2023-10-23,78.6,0.0,0.0
Glenn County,2023-10-24,75.0,0.0,0.0
Glenn County,2023-10-25,58.2,0.024,0.0
Glenn County,2023-10-26,64.9,0.0,0.0
Glenn County,2023-10-27,64.3,0.0,0.0
Glenn County,2023-10-28,66.6,0.0,0.0
Glenn County,2023-10-29,72.5,0.0,0.0
Glenn County,2023-10-30,71.3,0.0,0.0
Glenn County,2023-10-31,72.6,0.0,0.0
Glenn County,2023-11-01,74.4,0.0,0.0
Glenn County,2023-11-02,64.5,0.02,0.0
Glenn County,2023-11-03,77.3,0.0,0.0
Glenn County,2023-11-04,71.5,0.157,0.0
Glenn County,2023-11-05,67.2,0.004,0.0
Glenn County,2023-11-06,69.4,0.024,0.0
Glenn County,2023-11-07,64.3,0.0,0.0
Glenn County,2023-11-08,69.6,0.0,0.0
Glenn County,2023-11-09,61.8,0.0,0.0
Glenn County,2023-11-10,65.5,0.0,0.0
Glenn County,2023-11-11,67.7,0.0,0.0
Glenn County,2023-11-12,65.5,0.0,0.0
Glenn County,2023-11-13,65.8,0.0,0.0
Glenn County,2023-11-14,56.8,0.138,0.0
Glenn County,2023-11-15,65.9,0.016,0.0
Glenn County,2023-11-16,65.0,0.031,0.0
Glenn County,2023-11-17,69.1,0.197,0.0
Glenn County,2023-11-18,62.2,0.854,0.0
Glenn County,2023-11-19,58.3,0.0,0.0
Glenn County,2023-11-20,67.3,0.0,0.0
Glenn County,2023-11-21,65.3,0.0,0.0
Glenn County,2023-11-22,65.8,0.0,0.0
Glenn County,2023-11-23,64.6,0.0,0.0
Glenn County,2023-11-24,58.3,0.0,0.0
Glenn County,2023-11-25,59.1,0.0,0.0
Glenn County,2023-11-26,60.5,0.0,0.0
Glenn County,2023-11-27,59.5,0.0,0.0
Glenn County,2023-11-28,59.1,0.0,0.0
Glenn County,2023-11-29,59.2,0.0,0.0
Glenn County,2023-11-30,57.8,0.055,0.0
Glenn County,2023-12-01,52.5,0.0,0.0
Glenn County,2023-12-02,55.5,0.035,0.0
Glenn County,2023-12-03,56.9,0.0,0.0
Glenn County,2023-12-04,63.9,0.0,0.0
Glenn County,2023-12-05,62.3,0.0,0.0
Glenn County,2023-12-06,55.7,0.287,0.0
Glenn County,2023-12-07,52.2,0.126,0.0
Glenn County,2023-12-08,55.5,0.0,0.0
Glenn County,2023-12-09,56.6,0.0,0.0
Glenn County,2023-12-10,53.5,0.0,0.0
Glenn County,2023-12-11,60.9,0.0,0.0
Glenn County,2023-12-12,65.4,0.0,0.0
Glenn County,2023-12-13,61.8,0.0,0.0
Glenn County,2023-12-14,58.3,0.0,0.0
Glenn County,2023-12-15,64.3,0.0,0.0
Glenn County,2023-12-16,65.0,0.0,0.0
Glenn County,2023-12-17,58.1,0.177,0.0
Glenn County,2023-12-18,52.4,1.185,0.0
Glenn County,2023-12-19,61.3,0.902,0.0
Glenn County,2023-12-20,57.9,0.736,0.0
Glenn County,2023-12-21,64.0,0.0,0.0
Glenn County,2023-12-22,61.0,0.0,0.0
Glenn County,2023-12-23,55.7,0.0,0.0
Glenn County,2023-12-24,49.7,0.0,0.0
Glenn County,2023-12-25,53.0,0.0,0.0
Glenn County,2023-12-26,55.7,0.0,0.0
Glenn County,2023-12-27,47.6,0.571,0.0
Glenn County,2023-12-28,53.0,0.177,0.0
Glenn County,2023-12-29,55.4,0.98,0.0
Glenn County,2023-12-30,54.7,0.185,0.0
Glenn County,2023-12-31,53.6,0.075,0.0
Glenn County,2024-01-01,57.6,0.0,0.0
Glenn County,2024-01-02,49.2,0.563,0.0
Glenn County,2024-01-03,48.8,0.024,0.0
Glenn County,2024-01-04,55.0,0.004,0.0
Glenn County,2024-01-05,57.6,0.004,0.0
Glenn County,2024-01-06,44.5,0.15,0.0
Glenn County,2024-01-07,48.0,0.0,0.0
Glenn County,2024-01-08,48.4,0.0,0.0
Glenn County,2024-01-09,45.0,0.063,0.0
Glenn County,2024-01-10,52.6,0.323,0.0
Glenn County,2024-01-11,46.2,0.0,0.0
Glenn County,2024-01-12,42.1,0.0,0.0
Glenn County,2024-01-13,46.7,1.047,0.0
Glenn County,2024-01-14,52.8,0.008,0.0
Glenn County,2024-01-15,57.6,0.0,0.0
Glenn County,2024-01-16,47.0,0.169,0.0
Glenn County,2024-01-17,55.9,0.016,0.0
Glenn County,2024-01-18,56.8,0.0,0.0
Glenn County,2024-01-19,55.0,0.492,0.0
Glenn County,2024-01-20,56.1,0.323,0.0
Glenn County,2024-01-21,53.1,0.874,0.0
Glenn County,2024-01-22,55.2,0.13,0.0
Glenn County,2024-01-23,58.4,0.0,0.0
Glenn County,2024-01-24,52.3,0.24,0.0
Glenn County,2024-01-25,55.1,0.0,0.0
Glenn County,2024-01-26,54.6,0.0,0.0
Glenn County,2024-01-27,59.7,0.083,0.0
Glenn County,2024-01-28,71.1,0.0,0.0
Glenn County,2024-01-29,63.2,0.0,0.0
Glenn County,2024-01-30,63.5,0.0,0.0
Glenn County,2024-01-31,55.8,1.287,0.0
Glenn County,2024-02-01,57.2,0.272,0.0
Glenn County,2024-02-02,54.4,0.055,0.0
Glenn County,2024-02-03,49.2,0.0,0.0
Glenn County,2024-02-04,47.0,2.283,1.13
Glenn County,2024-02-05,56.4,0.087,0.0
Glenn County,2024-02-06,56.4,0.0,0.0
Glenn County,2024-02-07,43.7,0.276,0.0
Glenn County,2024-02-08,50.2,0.0,0.0
Glenn County,2024-02-09,51.5,0.0,0.0
Glenn County,2024-02-10,58.6,0.0,0.0
Glenn County,2024-02-11,53.2,0.0,0.0
Glenn County,2024-02-12,53.3,0.0,0.0
Glenn County,2024-02-13,54.6,0.0,0.0
Glenn County,2024-02-14,52.6,0.366,0.0
Glenn County,2024-02-15,55.5,0.008,0.0
Glenn County,2024-02-16,56.9,0.012,0.0
Glenn County,2024-02-17,51.4,0.972,0.0
Glenn County,2024-02-18,53.7,0.906,0.0
Glenn County,2024-02-19,55.1,0.953,0.0
Glenn County,2024-02-20,52.9,0.524,0.0
Glenn County,2024-02-21,54.5,0.012,0.0
Glenn County,2024-02-22,58.1,0.0,0.0
Glenn County,2024-02-23,65.1,0.0,0.0
Glenn County,2024-02-24,65.7,0.0,0.0
Glenn County,2024-02-25,63.1,0.0,0.0
Glenn County,2024-02-26,60.4,0.02,0.0
Glenn County,2024-02-27,56.6,0.0,0.0
Glenn County,2024-02-28,59.2,0.0,0.0
Glenn County,2024-02-29,56.0,0.177,0.0
Glenn County,2024-03-01,52.3,0.354,0.0
Glenn County,2024-03-02,49.6,0.098,0.0
Glenn County,2024-03-03,50.5,0.02,0.0
Glenn County,2024-03-04,48.7,0.047,0.0
Glenn County,2024-03-05,54.9,0.189,0.0
Glenn County,2024-03-06,57.1,0.201,0.0
Glenn County,2024-03-07,60.3,0.0,0.0
Glenn County,2024-03-08,62.8,0.0,0.0
Glenn County,2024-03-09,59.7,0.008,0.0
Glenn County,2024-03-10,58.7,0.201,0.0
Glenn County,2024-03-11,58.2,0.059,0.0
Glenn County,2024-03-12,56.8,0.039,0.0
Glenn County,2024-03-13,60.4,0.0,0.0
Glenn County,2024-03-14,63.2,0.0,0.0
Glenn County,2024-03-15,67.6,0.0,0.0
Glenn County,2024-03-16,68.3,0.0,0.0
Glenn County,2024-03-17,73.0,0.0,0.0
Glenn County,2024-03-18,71.3,0.0,0.0
Glenn County,2024-03-19,69.3,0.0,0.0
Glenn County,2024-03-20,69.5,0.0,0.0
Glenn County,2024-03-21,65.3,0.0,0.0
Glenn County,2024-03-22,61.1,0.567,0.0
Glenn County,2024-03-23,58.6,0.063,0.0
Glenn County,2024-03-24,57.0,0.008,0.0
Glenn County,2024-03-25,60.1,0.0,0.0
Glenn County,2024-03-26,60.7,0.0,0.0
Glenn County,2024-03-27,57.1,0.11,0.0
Glenn County,2024-03-28,60.0,0.012,0.0
Glenn County,2024-03-29,47.8,0.945,0.0
Glenn County,2024-03-30,57.5,0.22,0.0
Glenn County,2024-03-31,63.3,0.0,0.0
Glenn County,2024-04-01,70.9,0.0,0.0
Glenn County,2024-04-02,70.3,0.0,0.0
Glenn County,2024-04-03,70.3,0.008,0.0
Glenn County,2024-04-04,48.7,0.543,0.11
Glenn County,2024-04-05,54.3,0.102,0.0
Glenn County,2024-04-06,55.3,0.0,0.0
Glenn County,2024-04-07,60.2,0.004,0.0
Glenn County,2024-04-08,68.5,0.0,0.0
Glenn County,2024-04-09,71.9,0.0,0.0
Glenn County,2024-04-10,75.5,0.0,0.0
Glenn County,2024-04-11,76.7,0.0,0.0
Glenn County,2024-04-12,67.1,0.079,0.0
Glenn County,2024-04-13,50.5,0.614,0.0
Glenn County,2024-04-14,50.3,0.287,0.0
Glenn County,2024-04-15,65.8,0.0,0.0
Glenn County,2024-04-16,71.7,0.0,0.0
Glenn County,2024-04-17,71.0,0.0,0.0
Glenn County,2024-04-18,73.5,0.0,0.0
Glenn County,2024-04-19,76.2,0.0,0.0
Glenn County,2024-04-20,77.2,0.0,0.0
Glenn County,2024-04-21,79.7,0.0,0.0
Glenn County,2024-04-22,80.3,0.0,0.0
Glenn County,2024-04-23,73.0,0.008,0.0
Glenn County,2024-04-24,69.5,0.0,0.0
Glenn County,2024-04-25,65.2,0.083,0.0
Glenn County,2024-04-26,64.0,0.024,0.0
Glenn County,2024-04-27,69.9,0.0,0.0
Glenn County,2024-04-28,72.7,0.0,0.0
Glenn County,2024-04-29,68.9,0.0,0.0
Glenn County,2024-04-30,71.2,0.0,0.0
Glenn County,2024-05-01,73.3,0.0,0.0
Glenn County,2024-05-02,76.7,0.012,0.0
Glenn County,2024-05-03,78.4,0.0,0.0
Glenn County,2024-05-04,58.7,0.63,0.0
Glenn County,2024-05-05,62.2,0.004,0.0
Glenn County,2024-05-06,67.6,0.0,0.0
Glenn County,2024-05-07,69.4,0.0,0.0
Glenn County,2024-05-08,74.3,0.0,0.0
Glenn County,2024-05-09,80.1,0.0,0.0
Glenn County,2024-05-10,85.8,0.0,0.0
Glenn County,2024-05-11,89.7,0.0,0.0
Glenn County,2024-05-12,87.6,0.0,0.0
Glenn County,2024-05-13,88.4,0.0,0.0
Glenn County,2024-05-14,91.4,0.0,0.0
Glenn County,2024-05-15,94.2,0.0,0.0
Glenn County,2024-05-16,87.5,0.0,0.0
Glenn County,2024-05-17,86.9,0.0,0.0
Glenn County,2024-05-18,88.3,0.0,0.0
Glenn County,2024-05-19,80.2,0.0,0.0
Glenn County,2024-05-20,79.1,0.0,0.0
Glenn County,2024-05-21,85.0,0.0,0.0
Glenn County,2024-05-22,84.5,0.0,0.0
Glenn County,2024-05-23,82.9,0.0,0.0
Glenn County,2024-05-24,83.8,0.0,0.0
Glenn County,2024-05-25,72.1,0.0,0.0
Glenn County,2024-05-26,84.1,0.0,0.0
Glenn County,2024-05-27,88.5,0.0,0.0
Glenn County,2024-05-28,89.9,0.0,0.0
Glenn County,2024-05-29,86.0,0.0,0.0
Glenn County,2024-05-30,92.1,0.0,0.0
Glenn County,2024-05-31,95.5,0.0,0.0
Glenn County,2024-06-01,92.2,0.0,0.0
Glenn County,2024-06-02,90.6,0.0,0.0
Glenn County,2024-06-03,85.3,0.0,0.0
Glenn County,2024-06-04,99.4,0.0,0.0
Glenn County,2024-06-05,101.7,0.0,0.0
Glenn County,2024-06-06,102.8,0.0,0.0
Glenn County,2024-06-07,99.5,0.0,0.0
Glenn County,2024-06-08,92.8,0.0,0.0
Glenn County,2024-06-09,91.7,0.0,0.0
Glenn County,2024-06-10,100.6,0.0,0.0
Glenn County,2024-06-11,101.6,0.0,0.0
Glenn County,2024-06-12,103.5,0.0,0.0
Glenn County,2024-06-13,94.6,0.0,0.0
Glenn County,2024-06-14,95.5,0.0,0.0
Glenn County,2024-06-15,86.5,0.0,0.0
Glenn County,2024-06-16,90.1,0.0,0.0
Glenn County,2024-06-17,83.1,0.0,0.0
Glenn County,2024-06-18,89.3,0.0,0.0
Glenn County,2024-06-19,91.9,0.0,0.0
Glenn County,2024-06-20,94.8,0.0,0.0
Glenn County,2024-06-21,102.3,0.0,0.0
Glenn County,2024-06-22,103.8,0.0,0.0
Glenn County,2024-06-23,104.5,0.0,0.0
Glenn County,2024-06-24,100.9,0.0,0.0
Glenn County,2024-06-25,94.3,0.0,0.0
Glenn County,2024-06-26,100.9,0.0,0.0
Glenn County,2024-06-27,91.1,0.0,0.0
Glenn County,2024-06-28,98.6,0.0,0.0
Glenn County,2024-06-29,98.7,0.0,0.0
Glenn County,2024-06-30,96.4,0.0,0.0
Glenn County,2024-07-01,102.1,0.0,0.0
Glenn County,2024-07-02,107.7,0.0,0.0
Glenn County,2024-07-03,109.0,0.0,0.0
Glenn County,2024-07-04,109.6,0.0,0.0
Glenn County,2024-07-05,114.1,0.0,0.0
Glenn County,2024-07-06,116.5,0.0,0.0
Glenn County,2024-07-07,114.2,0.0,0.0
Glenn County,2024-07-08,111.2,0.0,0.0
Glenn County,2024-07-09,105.7,0.0,0.0
Glenn County,2024-07-10,110.6,0.0,0.0
Glenn County,2024-07-11,111.1,0.0,0.0
Glenn County,2024-07-12,115.4,0.0,0.0
Glenn County,2024-07-13,109.2,0.0,0.0
Glenn County,2024-07-14,103.6,0.0,0.0
Glenn County,2024-07-15,102.1,0.0,0.0
Glenn County,2024-07-16,99.1,0.0,0.0
Glenn County,2024-07-17,96.6,0.0,0.0
Glenn County,2024-07-18,104.5,0.0,0.0
Glenn County,2024-07-19,107.0,0.0,0.0
Glenn County,2024-07-20,110.6,0.0,0.0
Glenn County,2024-07-21,104.1,0.0,0.0
Glenn County,2024-07-22,109.2,0.0,0.0
Glenn County,2024-07-23,109.0,0.0,0.0
Glenn County,2024-07-24,110.0,0.0,0.0
Glenn County,2024-07-25,107.9,0.0,0.0
Glenn County,2024-07-26,102.8,0.0,0.0
Glenn County,2024-07-27,88.6,0.0,0.0
Glenn County,2024-07-28,93.6,0.0,0.0
Glenn County,2024-07-29,94.5,0.0,0.0
Glenn County,2024-07-30,96.1,0.0,0.0
Glenn County,2024-07-31,101.5,0.0,0.0
Glenn County,2024-08-01,102.7,0.0,0.0
Glenn County,2024-08-02,104.1,0.0,0.0
Glenn County,2024-08-03,102.2,0.0,0.0
Glenn County,2024-08-04,103.8,0.0,0.0
Glenn County,2024-08-05,103.0,0.0,0.0
Glenn County,2024-08-06,103.6,0.0,0.0
Glenn County,2024-08-07,106.0,0.0,0.0
Glenn County,2024-08-08,103.5,0.0,0.0
Glenn County,2024-08-09,104.9,0.0,0.0
Glenn County,2024-08-10,100.9,0.0,0.0
Glenn County,2024-08-11,99.4,0.0,0.0
Glenn County,2024-08-12,97.7,0.0,0.0
Glenn County,2024-08-13,94.3,0.0,0.0
Glenn County,2024-08-14,97.3,0.0,0.0
Glenn County,2024-08-15,94.1,0.0,0.0
Glenn County,2024-08-16,98.0,0.0,0.0
Glenn County,2024-08-17,89.5,0.043,0.0
Glenn County,2024-08-18,88.1,0.0,0.0
Glenn County,2024-08-19,92.0,0.0,0.0
Glenn County,2024-08-20,96.0,0.0,0.0
Glenn County,2024-08-21,93.4,0.0,0.0
Glenn County,2024-08-22,91.2,0.0,0.0
Glenn County,2024-08-23,77.5,0.0,0.0
Glenn County,2024-08-24,70.6,0.244,0.0
Glenn County,2024-08-25,86.1,0.0,0.0
Glenn County,2024-08-26,91.5,0.0,0.0
Glenn County,2024-08-27,96.3,0.0,0.0
Glenn County,2024-08-28,99.6,0.0,0.0
Glenn County,2024-08-29,100.2,0.0,0.0
Glenn County,2024-08-30,99.9,0.0,0.0
Glenn County,2024-08-31,100.7,0.0,0.0
Glenn County,2024-09-01,97.5,0.0,0.0
Glenn County,2024-09-02,90.8,0.0,0.0
Glenn County,2024-09-03,99.2,0.0,0.0
Glenn County,2024-09-04,104.1,0.0,0.0
Glenn County,2024-09-05,103.1,0.0,0.0
Glenn County,2024-09-06,104.4,0.0,0.0
Glenn County,2024-09-07,99.3,0.0,0.0
Glenn County,2024-09-08,95.5,0.0,0.0
Glenn County,2024-09-09,99.1,0.0,0.0
Glenn County,2024-09-10,94.7,0.0,0.0
Glenn County,2024-09-11,85.8,0.0,0.0
Glenn County,2024-09-12,86.6,0.0,0.0
Glenn County,2024-09-13,92.6,0.0,0.0
Glenn County,2024-09-14,93.6,0.0,0.0
Glenn County,2024-09-15,77.8,0.287,0.0
Glenn County,2024-09-16,73.9,0.02,0.0
Glenn County,2024-09-17,77.5,0.0,0.0
Glenn County,2024-09-18,79.4,0.0,0.0
Glenn County,2024-09-19,88.5,0.0,0.0
Glenn County,2024-09-20,94.4,0.0,0.0
Glenn County,2024-09-21,94.3,0.0,0.0
Glenn County,2024-09-22,96.6,0.0,0.0
Glenn County,2024-09-23,99.5,0.0,0.0
Glenn County,2024-09-24,99.3,0.0,0.0
Glenn County,2024-09-25,93.0,0.0,0.0
Glenn County,2024-09-26,89.7,0.0,0.0
Glenn County,2024-09-27,97.7,0.0,0.0
Glenn County,2024-09-28,98.0,0.0,0.0
Glenn County,2024-09-29,91.2,0.0,0.0
Glenn County,2024-09-30,97.0,0.0,0.0
Glenn County,2024-10-01,100.3,0.0,0.0
Glenn County,2024-10-02,101.0,0.0,0.0
Glenn County,2024-10-03,96.9,0.0,0.0
Glenn County,2024-10-04,93.7,0.0,0.0
Glenn County,2024-10-05,96.0,0.0,0.0
Glenn County,2024-10-06,98.6,0.0,0.0
Glenn County,2024-10-07,98.4,0.0,0.0
Glenn County,2024-10-08,98.0,0.0,0.0
Glenn County,2024-10-09,88.0,0.0,0.0
Glenn County,2024-10-10,86.9,0.0,0.0
Glenn County,2024-10-11,83.8,0.0,0.0
Glenn County,2024-10-12,68.4,0.02,0.0
Glenn County,2024-10-13,82.7,0.0,0.0
Glenn County,2024-10-14,85.0,0.0,0.0
Glenn County,2024-10-15,83.3,0.0,0.0
Glenn County,2024-10-16,72.6,0.012,0.0
Glenn County,2024-10-17,71.9,0.0,0.0
Glenn County,2024-10-18,77.2,0.0,0.0
Glenn County,2024-10-19,87.1,0.0,0.0
Glenn County,2024-10-20,77.2,0.0,0.0
Glenn County,2024-10-21,72.7,0.0,0.0
Glenn County,2024-10-22,75.2,0.0,0.0
Glenn County,2024-10-23,79.7,0.0,0.0
Glenn County,2024-10-24,77.5,0.0,0.0
Glenn County,2024-10-25,76.0,0.0,0.0
Glenn County,2024-10-26,77.1,0.0,0.0
Glenn County,2024-10-27,75.3,0.0,0.0
Glenn County,2024-10-28,64.4,0.0,0.0
Glenn County,2024-10-29,66.9,0.0,0.0
Glenn County,2024-10-30,67.1,0.0,0.0
Glenn County,2024-10-31,60.7,0.028,0.0
Glenn County,2024-11-01,63.4,0.055,0.0
Glenn County,2024-11-02,60.2,0.012,0.0
Glenn County,2024-11-03,66.7,0.0,0.0
Glenn County,2024-11-04,70.9,0.0,0.0
Glenn County,2024-11-05,69.4,0.0,0.0
Glenn County,2024-11-06,65.8,0.0,0.0
Glenn County,2024-11-07,69.6,0.0,0.0
Glenn County,2024-11-08,67.8,0.0,0.0
Glenn County,2024-11-09,64.2,0.0,0.0
Glenn County,2024-11-10,68.1,0.0,0.0
Glenn County,2024-11-11,60.6,0.449,0.0
Glenn County,2024-11-12,58.4,0.0,0.0
Glenn County,2024-11-13,58.7,0.165,0.0
Glenn County,2024-11-14,55.2,0.063,0.0
Glenn County,2024-11-15,57.6,0.0,0.0
Glenn County,2024-11-16,56.6,0.0,0.0
Glenn County,2024-11-17,54.1,0.0,0.0
Glenn County,2024-11-18,57.6,0.0,0.0
Glenn County,2024-11-19,47.8,0.02,0.0
Glenn County,2024-11-20,49.6,1.874,0.0
Glenn County,2024-11-21,49.9,2.819,0.0
Glenn County,2024-11-22,58.3,1.449,0.0
Glenn County,2024-11-23,59.9,0.0,0.0
Glenn County,2024-11-24,52.3,0.0,0.0
Glenn County,2024-11-25,53.8,0.083,0.0
Glenn County,2024-11-26,53.8,0.0,0.0
Glenn County,2024-11-27,57.7,0.0,0.0
Glenn County,2024-11-28,56.4,0.0,0.0
Glenn County,2024-11-29,60.1,0.0,0.0
Glenn County,2024-11-30,60.4,0.0,0.0
Glenn County,2024-12-01,57.7,0.0,0.0
Glenn County,2024-12-02,62.1,0.0,0.0
Glenn County,2024-12-03,62.9,0.0,0.0
Glenn County,2024-12-04,63.7,0.0,0.0
Glenn County,2024-12-05,63.7,0.0,0.0
Glenn County,2024-12-06,63.6,0.0,0.0
Glenn County,2024-12-07,55.0,0.0,0.0
Glenn County,2024-12-08,63.3,0.0,0.0
Glenn County,2024-12-09,60.6,0.0,0.0
Glenn County,2024-12-10,53.7,0.0,0.0
Glenn County,2024-12-11,51.4,0.02,0.0
Glenn County,2024-12-12,47.8,0.815,0.0
Glenn County,2024-12-13,49.6,0.74,0.0
Glenn County,2024-12-14,49.2,1.425,0.0
Glenn County,2024-12-15,50.7,0.004,0.0
Glenn County,2024-12-16,44.9,0.701,0.386
Glenn County,2024-12-17,53.5,0.0,0.0
Glenn County,2024-12-18,62.3,0.0,0.0
Glenn County,2024-12-19,56.3,0.0,0.0
Glenn County,2024-12-20,52.9,0.0,0.0
Glenn County,2024-12-21,48.2,0.575,0.0
Glenn County,2024-12-22,55.0,0.315,0.0
Glenn County,2024-12-23,55.3,0.055,0.0
Glenn County,2024-12-24,57.5,0.646,0.0
Glenn County,2024-12-25,49.8,0.0,0.0
Glenn County,2024-12-26,55.0,0.437,0.0
Glenn County,2024-12-27,58.7,0.217,0.0
Glenn County,2024-12-28,59.6,0.157,0.0
Glenn County,2024-12-29,61.3,0.48,0.0
Glenn County,2024-12-30,56.8,0.0,0.0
Glenn County,2024-12-31,50.4,0.0,0.0
Glenn County,2025-01-01,45.9,0.0,0.0
Glenn County,2025-01-02,54.1,0.004,0.0
Glenn County,2025-01-03,57.6,0.917,0.0
Glenn County,2025-01-04,51.3,0.0,0.0
Glenn County,2025-01-05,55.9,0.0,0.0
Glenn County,2025-01-06,59.4,0.0,0.0
Glenn County,2025-01-07,63.1,0.0,0.0
Glenn County,2025-01-08,66.6,0.0,0.0
Glenn County,2025-01-09,67.2,0.0,0.0
Glenn County,2025-01-10,54.8,0.0,0.0
Glenn County,2025-01-11,57.9,0.0,0.0
Glenn County,2025-01-12,59.7,0.0,0.0
Glenn County,2025-01-13,58.6,0.0,0.0
Glenn County,2025-01-14,63.1,0.0,0.0
Glenn County,2025-01-15,61.0,0.0,0.0
Glenn County,2025-01-16,57.6,0.0,0.0
Glenn County,2025-01-17,54.0,0.0,0.0
Glenn County,2025-01-18,58.3,0.0,0.0
Glenn County,2025-01-19,55.4,0.0,0.0
Glenn County,2025-01-20,58.5,0.0,0.0
Glenn County,2025-01-21,50.1,0.0,0.0
Glenn County,2025-01-22,67.8,0.0,0.0
Glenn County,2025-01-23,63.8,0.0,0.0
Glenn County,2025-01-24,60.2,0.0,0.0
Glenn County,2025-01-25,52.3,0.0,0.0
Glenn County,2025-01-26,53.5,0.0,0.0
Glenn County,2025-01-27,60.8,0.0,0.0
Glenn County,2025-01-28,56.2,0.0,0.0
Glenn County,2025-01-29,52.2,0.0,0.0
Glenn County,2025-01-30,52.5,0.0,0.0
Glenn County,2025-01-31,45.5,0.531,0.0
Glenn County,2025-02-01,51.4,0.681,0.0
Glenn County,2025-02-02,60.6,0.665,0.0
Glenn County,2025-02-03,58.1,0.335,0.0
Glenn County,2025-02-04,52.4,0.949,0.0
Glenn County,2025-02-05,53.0,0.0,0.0
Glenn County,2025-02-06,43.5,0.528,0.22
Glenn County,2025-02-07,48.6,0.004,0.0
Glenn County,2025-02-08,51.6,0.004,0.0
Glenn County,2025-02-09,54.5,0.0,0.0
Glenn County,2025-02-10,52.2,0.0,0.0
Glenn County,2025-02-11,47.3,0.0,0.0
Glenn County,2025-02-12,48.3,0.016,0.0
Glenn County,2025-02-13,53.8,1.28,0.0
Glenn County,2025-02-14,57.5,0.055,0.0
Glenn County,2025-02-15,54.8,0.0,0.0
Glenn County,2025-02-16,54.3,0.264,0.0
Glenn County,2025-02-17,54.8,0.0,0.0
Glenn County,2025-02-18,58.1,0.0,0.0
Glenn County,2025-02-19,58.2,0.004,0.0
Glenn County,2025-02-20,63.3,0.0,0.0
Glenn County,2025-02-21,63.3,0.0,0.0
Glenn County,2025-02-22,61.8,0.0,0.0
Glenn County,2025-02-23,58.1,0.209,0.0
Glenn County,2025-02-24,64.6,0.0,0.0
Glenn County,2025-02-25,61.1,0.0,0.0
Glenn County,2025-02-26,67.0,0.0,0.0
Glenn County,2025-02-27,73.4,0.0,0.0
Glenn County,2025-02-28,73.2,0.0,0.0
Glenn County,2025-03-01,65.1,0.0,0.0
Glenn County,2025-03-02,55.1,0.114,0.0
Glenn County,2025-03-03,56.5,0.0,0.0
Glenn County,2025-03-04,54.9,0.0,0.0
Glenn County,2025-03-05,53.1,0.063,0.0
Glenn County,2025-03-06,55.8,0.028,0.0
Glenn County,2025-03-07,61.6,0.0,0.0
Glenn County,2025-03-08,60.1,0.0,0.0
Glenn County,2025-03-09,61.6,0.0,0.0
Glenn County,2025-03-10,66.5,0.0,0.0
Glenn County,2025-03-11,66.8,0.0,0.0
Glenn County,2025-03-12,53.2,0.551,0.0
Glenn County,2025-03-13,50.5,0.154,0.0
Glenn County,2025-03-14,50.6,0.417,0.0
Glenn County,2025-03-15,56.6,0.0,0.0
Glenn County,2025-03-16,56.2,0.429,0.0
Glenn County,2025-03-17,56.9,0.228,0.0
Glenn County,2025-03-18,55.6,0.0,0.0
Glenn County,2025-03-19,58.6,0.13,0.0
Glenn County,2025-03-20,55.5,0.0,0.0
Glenn County,2025-03-21,55.2,0.0,0.0
Glenn County,2025-03-22,61.2,0.0,0.0
Glenn County,2025-03-23,73.4,0.0,0.0
Glenn County,2025-03-24,77.5,0.0,0.0
Glenn County,2025-03-25,78.0,0.0,0.0
Glenn County,2025-03-26,73.3,0.0,0.0
Glenn County,2025-03-27,62.3,0.028,0.0
Glenn County,2025-03-28,63.0,0.028,0.0
Glenn County,2025-03-29,58.6,0.0,0.0
Glenn County,2025-03-30,64.5,0.417,0.0
Glenn County,2025-03-31,55.6,0.055,0.0
Glenn County,2025-04-01,57.5,0.051,0.0
Glenn County,2025-04-02,58.6,0.0,0.0
Glenn County,2025-04-03,62.2,0.0,0.0
Glenn County,2025-04-04,67.5,0.0,0.0
Glenn County,2025-04-05,71.2,0.0,0.0
Glenn County,2025-04-06,72.3,0.181,0.0
Glenn County,2025-04-07,70.3,0.098,0.0
Glenn County,2025-04-08,65.7,0.0,0.0
Glenn County,2025-04-09,73.9,0.0,0.0
Glenn County,2025-04-10,75.7,0.0,0.0
Glenn County,2025-04-11,74.4,0.0,0.0
Glenn County,2025-04-12,71.3,0.0,0.0
Glenn County,2025-04-13,75.7,0.0,0.0
Glenn County,2025-04-14,79.3,0.0,0.0
Glenn County,2025-04-15,78.4,0.0,0.0
Glenn County,2025-04-16,73.4,0.012,0.0
Glenn County,2025-04-17,73.7,0.0,0.0
Glenn County,2025-04-18,74.2,0.0,0.0
Glenn County,2025-04-19,74.8,0.0,0.0
Glenn County,2025-04-20,77.6,0.0,0.0
Glenn County,2025-04-21,78.3,0.0,0.0
Glenn County,2025-04-22,83.7,0.0,0.0
Glenn County,2025-04-23,72.9,0.0,0.0
Glenn County,2025-04-24,70.9,0.0,0.0
Glenn County,2025-04-25,60.3,0.059,0.0
Glenn County,2025-04-26,55.0,0.232,0.0
Glenn County,2025-04-27,59.6,0.055,0.0
Glenn County,2025-04-28,77.6,0.0,0.0
Glenn County,2025-04-29,79.5,0.0,0.0
Glenn County,2025-04-30,83.8,0.0,0.0
Glenn County,2025-05-01,87.4,0.0,0.0
Glenn County,2025-05-02,83.6,0.0,0.0
Glenn County,2025-05-03,73.9,0.035,0.0
Glenn County,2025-05-04,76.8,0.0,0.0
Glenn County,2025-05-05,83.3,0.0,0.0
Glenn County,2025-05-06,85.7,0.0,0.0
Glenn County,2025-05-07,82.6,0.0,0.0
Glenn County,2025-05-08,85.6,0.0,0.0
Glenn County,2025-05-09,91.1,0.0,0.0
Glenn County,2025-05-10,92.9,0.0,0.0
Glenn County,2025-05-11,78.2,0.0,0.0
Glenn County,2025-05-12,67.5,0.24,0.0
Glenn County,2025-05-13,72.6,0.0,0.0
Glenn County,2025-05-14,74.7,0.0,0.0
Glenn County,2025-05-15,83.7,0.0,0.0
Glenn County,2025-05-16,83.8,0.0,0.0
Glenn County,2025-05-17,78.6,0.016,0.0
Glenn County,2025-05-18,82.3,0.0,0.0
Glenn County,2025-05-19,86.1,0.0,0.0
Glenn County,2025-05-20,83.8,0.0,0.0
Glenn County,2025-05-21,93.3,0.0,0.0
Glenn County,2025-05-22,85.3,0.0,0.0
Glenn County,2025-05-23,83.0,0.0,0.0
Glenn County,2025-05-24,91.9,0.0,0.0
Glenn County,2025-05-25,88.3,0.0,0.0
Glenn County,2025-05-26,81.6,0.0,0.0
Glenn County,2025-05-27,94.6,0.0,0.0
Glenn County,2025-05-28,93.4,0.0,0.0
Glenn County,2025-05-29,94.6,0.0,0.0
Glenn County,2025-05-30,105.2,0.0,0.0
Glenn County,2025-05-31,105.5,0.0,0.0
Glenn County,2025-06-01,95.5,0.0,0.0
Glenn County,2025-06-02,99.0,0.0,0.0
Glenn County,2025-06-03,95.5,0.0,0.0
Glenn County,2025-06-04,96.2,0.0,0.0
Glenn County,2025-06-05,94.2,0.0,0.0
Glenn County,2025-06-06,96.7,0.0,0.0
Glenn County,2025-06-07,101.0,0.0,0.0
Glenn County,2025-06-08,99.7,0.0,0.0
Glenn County,2025-06-09,102.0,0.0,0.0
Glenn County,2025-06-10,100.8,0.0,0.0
Glenn County,2025-06-11,93.6,0.0,0.0
Glenn County,2025-06-12,95.3,0.0,0.0
Glenn County,2025-06-13,91.7,0.0,0.0
Glenn County,2025-06-14,90.0,0.0,0.0
Glenn County,2025-06-15,93.8,0.0,0.0
Glenn County,2025-06-16,94.5,0.0,0.0
Glenn County,2025-06-17,96.6,0.0,0.0
Glenn County,2025-06-18,102.3,0.0,0.0
Glenn County,2025-06-19,98.7,0.0,0.0
Glenn County,2025-06-20,84.3,0.0,0.0
Glenn County,2025-06-21,81.6,0.0,0.0
Glenn County,2025-06-22,84.7,0.0,0.0
Glenn County,2025-06-23,93.6,0.0,0.0
Glenn County,2025-06-24,96.1,0.0,0.0
Glenn County,2025-06-25,97.8,0.0,0.0
Glenn County,2025-06-26,95.2,0.0,0.0
Glenn County,2025-06-27,99.7,0.0,0.0
Glenn County,2025-06-28,103.0,0.0,0.0
Glenn County,2025-06-29,103.6,0.0,0.0
Glenn County,2025-06-30,100.6,0.0,0.0
Glenn County,2025-07-01,100.2,0.0,0.0
Glenn County,2025-07-02,104.4,0.0,0.0
Glenn County,2025-07-03,98.9,0.0,0.0
Glenn County,2025-07-04,92.4,0.0,0.0
Glenn County,2025-07-05,92.8,0.0,0.0
Glenn County,2025-07-06,100.2,0.0,0.0
Glenn County,2025-07-07,100.7,0.0,0.0
Glenn County,2025-07-08,94.3,0.0,0.0
Glenn County,2025-07-09,95.1,0.0,0.0
Glenn County,2025-07-10,105.4,0.0,0.0
Glenn County,2025-07-11,109.0,0.0,0.0
Glenn County,2025-07-12,107.3,0.0,0.0
Glenn County,2025-07-13,105.3,0.0,0.0
Glenn County,2025-07-14,105.5,0.0,0.0
Glenn County,2025-07-15,100.1,0.0,0.0
Glenn County,2025-07-16,95.6,0.0,0.0
Glenn County,2025-07-17,96.2,0.0,0.0
Glenn County,2025-07-18,99.4,0.0,0.0
Glenn County,2025-07-19,101.2,0.0,0.0
Glenn County,2025-07-20,99.8,0.0,0.0
Glenn County,2025-07-21,87.4,0.024,0.0
Glenn County,2025-07-22,88.3,0.0,0.0
Glenn County,2025-07-23,91.0,0.0,0.0
Glenn County,2025-07-24,93.5,0.0,0.0
Glenn County,2025-07-25,93.4,0.0,0.0
Glenn County,2025-07-26,90.1,0.0,0.0
Glenn County,2025-07-27,92.9,0.0,0.0
Glenn County,2025-07-28,95.0,0.004,0.0
Glenn County,2025-07-29,98.5,0.0,0.0
Glenn County,2025-07-30,96.7,0.0,0.0
Glenn County,2025-07-31,99.1,0.0,0.0
Glenn County,2025-08-01,99.7,0.0,0.0
Glenn County,2025-08-02,98.8,0.0,0.0
Glenn County,2025-08-03,99.1,0.0,0.0
Glenn County,2025-08-04,92.8,0.0,0.0
Glenn County,2025-08-05,93.5,0.0,0.0
Glenn County,2025-08-06,97.0,0.0,0.0
Glenn County,2025-08-07,99.7,0.0,0.0
Glenn County,2025-08-08,103.9,0.0,0.0
Glenn County,2025-08-09,107.2,0.0,0.0
Glenn County,2025-08-10,105.9,0.0,0.0
Glenn County,2025-08-11,105.8,0.0,0.0
Glenn County,2025-08-12,102.2,0.0,0.0
Glenn County,2025-08-13,96.1,0.0,0.0
Glenn County,2025-08-14,95.6,0.0,0.0
Glenn County,2025-08-15,100.2,0.0,0.0
Glenn County,2025-08-16,89.7,0.0,0.0
Glenn County,2025-08-17,91.0,0.0,0.0
Glenn County,2025-08-18,88.6,0.0,0.0
Glenn County,2025-08-19,93.5,0.0,0.0
Glenn County,2025-08-20,99.7,0.0,0.0
Glenn County,2025-08-21,104.5,0.0,0.0
Glenn County,2025-08-22,104.5,0.0,0.0
Glenn County,2025-08-23,104.8,0.0,0.0
Glenn County,2025-08-24,103.4,0.0,0.0
Glenn County,2025-08-25,102.7,0.0,0.0
Glenn County,2025-08-26,97.2,0.0,0.0
Glenn County,2025-08-27,97.0,0.0,0.0
Glenn County,2025-08-28,98.9,0.0,0.0
Glenn County,2025-08-29,101.1,0.0,0.0
Glenn County,2025-08-30,101.8,0.0,0.0
Glenn County,2025-08-31,100.6,0.0,0.0
Glenn County,2025-09-01,103.6,0.0,0.0
Glenn County,2025-09-02,101.4,0.0,0.0
Glenn County,2025-09-03,100.0,0.0,0.0
Glenn County,2025-09-04,98.0,0.0,0.0
Glenn County,2025-09-05,89.3,0.0,0.0
Glenn County,2025-09-06,88.6,0.0,0.0
Glenn County,2025-09-07,86.0,0.0,0.0
Glenn County,2025-09-08,87.6,0.024,0.0
Glenn County,2025-09-09,80.6,0.35,0.0
Glenn County,2025-09-10,74.6,0.453,0.0
Glenn County,2025-09-11,79.5,0.0,0.0
Glenn County,2025-09-12,86.6,0.0,0.0
Glenn County,2025-09-13,89.0,0.0,0.0
Glenn County,2025-09-14,84.5,0.0,0.0
Glenn County,2025-09-15,93.0,0.0,0.0
Glenn County,2025-09-16,94.0,0.0,0.0
Glenn County,2025-09-17,95.1,0.0,0.0
Glenn County,2025-09-18,96.6,0.0,0.0
Glenn County,2025-09-19,74.8,0.012,0.0
Glenn County,2025-09-20,86.7,0.0,0.0
Glenn County,2025-09-21,87.7,0.0,0.0
Glenn County,2025-09-22,94.2,0.0,0.0
Glenn County,2025-09-23,97.0,0.0,0.0
Glenn County,2025-09-24,90.3,0.0,0.0
Glenn County,2025-09-25,89.9,0.0,0.0
Glenn County,2025-09-26,95.5,0.0,0.0
Glenn County,2025-09-27,87.8,0.0,0.0
Glenn County,2025-09-28,79.0,0.0,0.0
Glenn County,2025-09-29,74.3,0.035,0.0
Glenn County,2025-09-30,74.7,0.004,0.0
Glenn County,2025-10-01,75.0,0.102,0.0
Glenn County,2025-10-02,69.6,0.012,0.0
Glenn County,2025-10-03,71.2,0.126,0.0
Glenn County,2025-10-04,78.4,0.0,0.0
Glenn County,2025-10-05,79.5,0.0,0.0
Glenn County,2025-10-06,84.5,0.0,0.0
Glenn County,2025-10-07,87.3,0.0,0.0
Glenn County,2025-10-08,84.8,0.0,0.0
Glenn County,2025-10-09,70.0,0.012,0.0
Glenn County,2025-10-10,73.9,0.004,0.0
Glenn County,2025-10-11,68.9,0.0,0.0
Glenn County,2025-10-12,71.6,0.0,0.0
Glenn County,2025-10-13,61.4,0.539,0.0
Glenn County,2025-10-14,63.5,0.063,0.0
Glenn County,2025-10-15,59.4,0.083,0.0
Glenn County,2025-10-16,74.7,0.0,0.0
Glenn County,2025-10-17,73.3,0.0,0.0
Glenn County,2025-10-18,74.2,0.0,0.0
Glenn County,2025-10-19,73.1,0.0,0.0
Glenn County,2025-10-20,79.0,0.0,0.0
Glenn County,2025-10-21,78.9,0.0,0.0
Glenn County,2025-10-22,73.4,0.0,0.0
Glenn County,2025-10-23,74.1,0.0,0.0
Glenn County,2025-10-24,64.2,0.004,0.0
Glenn County,2025-10-25,68.6,0.043,0.0
Glenn County,2025-10-26,61.1,0.122,0.0
Glenn County,2025-10-27,66.7,0.0,0.0
Glenn County,2025-10-28,74.9,0.0,0.0
Glenn County,2025-10-29,82.0,0.0,0.0
Glenn County,2025-10-30,75.8,0.0,0.0
Glenn County,2025-10-31,79.2,0.0,0.0
Glenn County,2025-11-01,74.3,0.0,0.0
Glenn County,2025-11-02,77.9,0.0,0.0
Glenn County,2025-11-03,77.1,0.004,0.0
Glenn County,2025-11-04,66.7,0.953,0.0
Glenn County,2025-11-05,67.4,0.516,0.0
Glenn County,2025-11-06,64.4,0.0,0.0
Glenn County,2025-11-07,66.5,0.063,0.0
Glenn County,2025-11-08,73.2,0.0,0.0
Glenn County,2025-11-09,76.9,0.0,0.0
Glenn County,2025-11-10,74.2,0.0,0.0
Glenn County,2025-11-11,70.3,0.0,0.0
Glenn County,2025-11-12,65.0,0.035,0.0
Glenn County,2025-11-13,60.5,1.189,0.0
Glenn County,2025-11-14,62.7,0.0,0.0
Glenn County,2025-11-15,75.0,0.0,0.0
Glenn County,2025-11-16,64.2,0.146,0.0
Glenn County,2025-11-17,56.8,0.744,0.0
Glenn County,2025-11-18,60.4,0.0,0.0
Glenn County,2025-11-19,56.6,0.012,0.0
Glenn County,2025-11-20,56.6,0.0,0.0
Glenn County,2025-11-21,67.2,0.0,0.0
Glenn County,2025-11-22,66.1,0.0,0.0
Glenn County,2025-11-23,56.5,0.0,0.0
Glenn County,2025-11-24,59.6,0.0,0.0
Glenn County,2025-11-25,58.1,0.0,0.0
Glenn County,2025-11-26,59.5,0.0,0.0
Glenn County,2025-11-27,53.4,0.0,0.0
Glenn County,2025-11-28,56.0,0.0,0.0
Glenn County,2025-11-29,55.0,0.0,0.0
Glenn County,2025-11-30,55.6,0.0,0.0
Glenn County,2025-12-01,56.9,0.0,0.0
Glenn County,2025-12-02,58.4,0.0,0.0
Glenn County,2025-12-03,61.6,0.0,0.0
Glenn County,2025-12-04,56.5,0.0,0.0
Glenn County,2025-12-05,56.8,0.0,0.0
Glenn County,2025-12-06,57.0,0.0,0.0
Glenn County,2025-12-07,49.4,0.0,0.0
Glenn County,2025-12-08,58.7,0.0,0.0
Glenn County,2025-12-09,57.1,0.0,0.0
Glenn County,2025-12-10,59.1,0.0,0.0
Glenn County,2025-12-11,58.5,0.0,0.0
Glenn County,2025-12-12,57.4,0.0,0.0
Glenn County,2025-12-13,56.7,0.0,0.0
Glenn County,2025-12-14,56.5,0.0,0.0
Glenn County,2025-12-15,53.2,0.0,0.0
Glenn County,2025-12-16,48.9,0.248,0.0
Glenn County,2025-12-17,55.1,0.106,0.0
Glenn County,2025-12-18,55.2,0.0,0.0
Glenn County,2025-12-19,55.5,0.465,0.0
Glenn County,2025-12-20,53.0,0.181,0.0
Glenn County,2025-12-21,60.6,2.303,0.0
Glenn County,2025-12-22,60.3,0.138,0.0
Glenn County,2025-12-23,57.3,0.323,0.0
Glenn County,2025-12-24,59.8,0.921,0.0
Glenn County,2025-12-25,54.7,0.669,0.0
Glenn County,2025-12-26,51.2,0.146,0.0
Glenn County,2025-12-27,53.8,0.0,0.0
Glenn County,2025-12-28,59.2,0.0,0.0
Glenn County,2025-12-29,59.5,0.0,0.0
Glenn County,2025-12-30,55.7,0.0,0.0
Glenn County,2025-12-31,55.9,0.287,0.0
Glenn County,2026-01-01,51.6,0.476,0.0
Glenn County,2026-01-02,55.7,0.496,0.0
Glenn County,2026-01-03,58.1,0.071,0.0
Glenn County,2026-01-04,57.0,0.185,0.0
Glenn County,2026-01-05,50.3,1.126,0.0
Glenn County,2026-01-06,55.7,0.079,0.0
Glenn County,2026-01-07,57.1,0.004,0.0
Glenn County,2026-01-08,51.6,0.0,0.0
Glenn County,2026-01-09,58.6,0.0,0.0
Glenn County,2026-01-10,56.6,0.0,0.0
Glenn County,2026-01-11,59.3,0.0,0.0
Glenn County,2026-01-12,61.0,0.0,0.0
Glenn County,2026-01-13,64.2,0.0,0.0
Glenn County,2026-01-14,67.1,0.0,0.0
Glenn County,2026-01-15,69.6,0.0,0.0
Glenn County,2026-01-16,71.8,0.0,0.0
Glenn County,2026-01-17,65.5,0.0,0.0
Glenn County,2026-01-18,65.4,0.0,0.0
Glenn County,2026-01-19,67.3,0.0,0.0
Glenn County,2026-01-20,60.9,0.0,0.0
Glenn County,2026-01-21,59.1,0.0,0.0
Glenn County,2026-01-22,66.4,0.0,0.0
Glenn County,2026-01-23,59.1,0.0,0.0
Glenn County,2026-01-24,62.1,0.0,0.0
Glenn County,2026-01-25,51.4,0.0,0.0
Glenn County,2026-01-26,55.7,0.0,0.0
Glenn County,2026-01-27,53.4,0.075,0.0
Glenn County,2026-01-28,56.8,0.004,0.0
Glenn County,2026-01-29,61.4,0.0,0.0
Glenn County,2026-01-30,59.6,0.0,0.0
Glenn County,2026-01-31,61.4,0.0,0.0
Glenn County,2026-02-01,60.1,0.0,0.0
Glenn County,2026-02-02,69.7,0.0,0.0
Glenn County,2026-02-03,66.3,0.0,0.0
Glenn County,2026-02-04,68.4,0.0,0.0
Glenn County,2026-02-05,69.1,0.0,0.0
Glenn County,2026-02-06,64.3,0.0,0.0
Glenn County,2026-02-07,61.4,0.0,0.0
Glenn County,2026-02-08,58.3,0.0,0.0
Glenn County,2026-02-09,61.7,0.0,0.0
Glenn County,2026-02-10,58.6,0.075,0.0
Glenn County,2026-02-11,54.3,0.988,0.0
Glenn County,2026-02-12,61.4,0.035,0.0
Glenn County,2026-02-13,61.3,0.0,0.0
Glenn County,2026-02-14,54.2,0.004,0.0
Glenn County,2026-02-15,54.2,0.689,0.0
Glenn County,2026-02-16,50.0,0.22,0.0
Glenn County,2026-02-17,48.7,0.189,0.0
Glenn County,2026-02-18,50.2,0.008,0.0
Glenn County,2026-02-19,48.6,0.5,0.0
Glenn County,2026-02-20,47.9,0.0,0.0
Glenn County,2026-02-21,50.9,0.0,0.0
Glenn County,2026-02-22,53.7,0.075,0.0
Glenn County,2026-02-23,59.1,0.087,0.0
Glenn County,2026-02-24,60.5,1.063,0.0
Glenn County,2026-02-25,62.8,0.028,0.0
Glenn County,2026-02-26,65.9,0.0,0.0
Glenn County,2026-02-27,71.8,0.0,0.0
Glenn County,2026-02-28,71.6,0.02,0.0
Glenn County,2026-03-01,67.6,0.035,0.0
Glenn County,2026-03-02,62.7,0.012,0.0
Glenn County,2026-03-03,66.9,0.0,0.0
Glenn County,2026-03-04,62.2,0.012,0.0
Glenn County,2026-03-05,60.7,0.0,0.0
Glenn County,2026-03-06,67.4,0.0,0.0
Glenn County,2026-03-07,74.8,0.0,0.0
Glenn County,2026-03-08,67.8,0.0,0.0
Glenn County,2026-03-09,69.2,0.0,0.0
Glenn County,2026-03-10,64.2,0.0,0.0
Glenn County,2026-03-11,68.5,0.0,0.0
Glenn County,2026-03-12,71.6,0.0,0.0
Glenn County,2026-03-13,71.2,0.0,0.0
Glenn County,2026-03-14,71.8,0.0,0.0
Glenn County,2026-03-15,78.5,0.0,0.0
Glenn County,2026-03-16,83.5,0.0,0.0
Glenn County,2026-03-17,83.0,0.0,0.0
Glenn County,2026-03-18,80.4,0.0,0.0
Glenn County,2026-03-19,82.7,0.0,0.0
Glenn County,2026-03-20,86.3,0.0,0.0
Glenn County,2026-03-21,81.0,0.0,0.0
Glenn County,2026-03-22,77.1,0.0,0.0
Glenn County,2026-03-23,74.7,0.012,0.0
Glenn County,2026-03-24,77.1,0.0,0.0
Glenn County,2026-03-25,75.2,0.0,0.0
Glenn County,2026-03-26,74.0,0.0,0.0
Glenn County,2026-03-27,76.3,0.0,0.0
Glenn County,2026-03-28,78.2,0.0,0.0
Glenn County,2026-03-29,79.3,0.0,0.0
Glenn County,2026-03-30,75.3,0.0,0.0
Glenn County,2026-03-31,63.5,0.13,0.0
Glenn County,2026-04-01,61.7,0.031,0.0
Glenn County,2026-04-02,59.6,0.004,0.0
Glenn County,2026-04-03,72.9,0.0,0.0
Glenn County,2026-04-04,78.1,0.0,0.0
Glenn County,2026-04-05,78.6,0.0,0.0
Glenn County,2026-04-06,81.8,0.0,0.0
Glenn County,2026-04-07,74.1,0.0,0.0
Glenn County,2026-04-08,78.1,0.0,0.0
Glenn County,2026-04-09,74.1,0.031,0.0
Glenn County,2026-04-10,64.9,0.52,0.0
Glenn County,2026-04-11,59.5,0.567,0.0
Glenn County,2026-04-12,59.1,0.484,0.0
Glenn County,2026-04-13,61.3,0.0,0.0
Glenn County,2026-04-14,65.3,0.0,0.0
Glenn County,2026-04-15,66.5,0.0,0.0
Glenn County,2026-04-16,62.2,0.0,0.0
Glenn County,2026-04-17,68.5,0.0,0.0
Glenn County,2026-04-18,74.5,0.0,0.0
Glenn County,2026-04-19,76.3,0.0,0.0
Glenn County,2026-04-20,58.8,0.768,0.0
Glenn County,2026-04-21,63.0,0.63,0.0
Glenn County,2026-04-22,59.9,0.035,0.0
Glenn County,2026-04-23,69.5,0.0,0.0
Glenn County,2026-04-24,72.0,0.0,0.0
Glenn County,2026-04-25,65.8,0.016,0.0
Glenn County,2026-04-26,60.7,0.15,0.0
Glenn County,2026-04-27,64.9,0.055,0.0
Glenn County,2026-04-28,71.1,0.0,0.0
Glenn County,2026-04-29,76.6,0.0,0.0
Glenn County,2026-04-30,83.8,0.0,0.0
Glenn County,2026-05-01,82.3,0.0,0.0
Glenn County,2026-05-02,80.8,0.0,0.0
Glenn County,2026-05-03,72.5,0.039,0.0
Glenn County,2026-05-04,64.6,0.15,0.0
Glenn County,2026-05-05,68.7,0.106,0.0
Glenn County,2026-05-06,74.9,0.0,0.0
Glenn County,2026-05-07,80.4,0.0,0.0
Glenn County,2026-05-08,83.0,0.0,0.0
Glenn County,2026-05-09,90.1,0.0,0.0
Glenn County,2026-05-10,89.5,0.0,0.0
Glenn County,2026-05-11,93.1,0.0,0.0
Glenn County,2026-05-12,93.4,0.0,0.0
Glenn County,2026-05-13,80.3,0.0,0.0
Glenn County,2026-05-14,87.3,0.0,0.0
Glenn County,2026-05-15,85.6,0.0,0.0
Glenn County,2026-05-16,79.1,0.0,0.0
Glenn County,2026-05-17,73.0,0.0,0.0
Glenn County,2026-05-18,81.3,0.0,0.0
Glenn County,2026-05-19,85.3,0.0,0.0
Glenn County,2026-05-20,89.4,0.0,0.0
Glenn County,2026-05-21,92.1,0.0,0.0
Glenn County,2026-05-22,92.9,0.0,0.0
Glenn County,2026-05-23,86.7,0.0,0.0
Glenn County,2026-05-24,90.0,0.0,0.0
Glenn County,2026-05-25,88.3,0.0,0.0
Glenn County,2026-05-26,69.3,0.067,0.0
Glenn County,2026-05-27,69.4,0.161,0.0
Glenn County,2026-05-28,72.1,0.283,0.0
Glenn County,2026-05-29,69.0,0.028,0.0
Glenn County,2026-05-30,75.7,0.0,0.0
Glenn County,2026-05-31,83.8,0.0,0.0
Glenn County,2026-06-01,90.1,0.0,0.0
Glenn County,2026-06-02,93.6,0.0,0.0
Glenn County,2026-06-03,91.9,0.0,0.0
Glenn County,2026-06-04,91.9,0.0,0.0
Glenn County,2026-06-05,95.4,0.0,0.0
Glenn County,2026-06-06,85.6,0.0,0.0
Glenn County,2026-06-07,84.5,0.0,0.0
Glenn County,2026-06-08,77.7,0.079,0.0
Glenn County,2026-06-09,82.9,0.0,0.0
Glenn County,2026-06-10,95.6,0.0,0.0
Glenn County,2026-06-11,101.1,0.0,0.0
Glenn County,2026-06-12,101.8,0.0,0.0
Glenn County,2026-06-13,103.4,0.0,0.0
Glenn County,2026-06-14,101.4,0.0,0.0
Glenn County,2026-06-15,106.3,0.0,0.0
Glenn County,2026-06-16,99.2,0.0,0.0
Glenn County,2026-06-17,98.8,0.0,0.0
Glenn County,2026-06-18,95.0,0.0,0.0
Glenn County,2026-06-19,84.1,0.016,0.0
Glenn County,2026-06-20,88.7,0.0,0.0
Glenn County,2026-06-21,93.7,0.0,0.0
Glenn County,2026-06-22,97.3,0.0,0.0
Glenn County,2026-06-23,98.7,0.0,0.0
Glenn County,2026-06-24,97.5,0.0,0.0
Glenn County,2026-06-25,94.8,0.0,0.0
Glenn County,2026-06-26,87.5,0.012,0.0
Glenn County,2026-06-27,79.4,0.0,0.0
Glenn County,2026-06-28,84.6,0.0,0.0
Glenn County,2026-06-29,87.4,0.0,0.0
Glenn County,2026-06-30,93.7,0.0,0.0
Glenn County,2026-07-01,93.1,0.0,0.0
Glenn County,2026-07-02,93.8,0.0,0.0
Glenn County,2026-07-03,97.2,0.0,0.0
Glenn County,2026-07-04,99.1,0.0,0.0
Glenn County,2026-07-05,96.4,0.0,0.0
Glenn County,2026-07-06,95.9,0.0,0.0
Glenn County,2026-07-07,94.5,0.0,0.0
Glenn County,2026-07-08,96.0,0.0,0.0
Glenn County,2026-07-09,101.9,0.0,0.0
Glenn County,2026-07-10,101.3,0.0,0.0
Glenn County,2026-07-11,97.6,0.0,0.0
Glenn County,2026-07-12,98.2,0.016,0.0
Glenn County,2026-07-13,101.1,0.0,0.0
Glenn County,2026-07-14,101.9,0.0,0.0
Glenn County,2026-07-15,105.1,0.0,0.0
Glenn County,2026-07-16,100.7,0.0,0.0
Glenn County,2026-07-17,98.1,0.0,0.0
Glenn County,2026-07-18,97.2,0.0,0.0
Glenn County,2026-07-19,96.2,0.0,0.0
Glenn County,2026-07-20,94.8,0.0,0.0
Glenn County,2026-07-21,99.9,0.028,0.0
Glenn County,2026-07-22,96.0,0.0,0.0
Glenn County,2026-07-23,97.1,0.0,0.0
Glenn County,2026-07-24,100.4,0.0,0.0
Glenn County,2026-07-25,97.0,0.0,0.0
Glenn County,2026-07-26,98.3,0.0,0.0
Glenn County,2026-07-27,97.5,0.0,0.0
Glenn County,2026-07-28,97.6,0.0,0.0
Glenn County,2026-07-29,100.1,0.0,0.0
Lassen County,2023-07-30,79.4,0.0,0.0
Lassen County,2023-07-31,79.0,0.0,0.0
Lassen County,2023-08-01,78.2,0.0,0.0
Lassen County,2023-08-02,78.5,0.0,0.0
Lassen County,2023-08-03,77.5,0.0,0.0
Lassen County,2023-08-04,74.7,0.0,0.0
Lassen County,2023-08-05,74.0,0.0,0.0
Lassen County,2023-08-06,73.6,0.0,0.0
Lassen County,2023-08-07,78.3,0.0,0.0
Lassen County,2023-08-08,78.1,0.0,0.0
Lassen County,2023-08-09,78.0,0.0,0.0
Lassen County,2023-08-10,77.8,0.0,0.0
Lassen County,2023-08-11,78.5,0.0,0.0
Lassen County,2023-08-12,81.9,0.0,0.0
Lassen County,2023-08-13,83.6,0.0,0.0
Lassen County,2023-08-14,85.1,0.0,0.0
Lassen County,2023-08-15,81.5,0.0,0.0
Lassen County,2023-08-16,83.5,0.0,0.0
Lassen County,2023-08-17,76.7,0.161,0.0
Lassen County,2023-08-18,75.7,0.012,0.0
Lassen County,2023-08-19,69.7,0.146,0.0
Lassen County,2023-08-20,61.9,0.004,0.0
Lassen County,2023-08-21,58.6,0.335,0.0
Lassen County,2023-08-22,62.4,0.02,0.0
Lassen County,2023-08-23,67.3,0.0,0.0
Lassen County,2023-08-24,73.6,0.0,0.0
Lassen County,2023-08-25,73.0,0.0,0.0
Lassen County,2023-08-26,73.3,0.0,0.0
Lassen County,2023-08-27,76.3,0.0,0.0
Lassen County,2023-08-28,80.5,0.0,0.0
Lassen County,2023-08-29,71.3,0.0,0.0
Lassen County,2023-08-30,72.3,0.0,0.0
Lassen County,2023-08-31,71.7,0.0,0.0
Lassen County,2023-09-01,55.3,0.445,0.0
Lassen County,2023-09-02,52.9,0.484,0.0
Lassen County,2023-09-03,55.3,0.043,0.0
Lassen County,2023-09-04,60.9,0.0,0.0
Lassen County,2023-09-05,64.5,0.0,0.0
Lassen County,2023-09-06,68.1,0.0,0.0
Lassen County,2023-09-07,66.8,0.0,0.0
Lassen County,2023-09-08,67.8,0.0,0.0
Lassen County,2023-09-09,68.9,0.0,0.0
Lassen County,2023-09-10,72.0,0.0,0.0
Lassen County,2023-09-11,72.2,0.0,0.0
Lassen County,2023-09-12,73.8,0.0,0.0
Lassen County,2023-09-13,70.2,0.0,0.0
Lassen County,2023-09-14,71.5,0.0,0.0
Lassen County,2023-09-15,71.8,0.0,0.0
Lassen County,2023-09-16,73.1,0.0,0.0
Lassen County,2023-09-17,74.3,0.0,0.0
Lassen County,2023-09-18,71.3,0.047,0.0
Lassen County,2023-09-19,69.4,0.0,0.0
Lassen County,2023-09-20,62.3,0.0,0.0
Lassen County,2023-09-21,51.5,0.0,0.0
Lassen County,2023-09-22,56.9,0.0,0.0
Lassen County,2023-09-23,62.7,0.0,0.0
Lassen County,2023-09-24,61.0,0.0,0.0
Lassen County,2023-09-25,60.3,0.0,0.0
Lassen County,2023-09-26,56.7,0.063,0.0
Lassen County,2023-09-27,59.9,0.0,0.0
Lassen County,2023-09-28,60.4,0.0,0.0
Lassen County,2023-09-29,56.9,0.087,0.0
Lassen County,2023-09-30,45.5,0.425,0.193
Lassen County,2023-10-01,45.4,0.0,0.0
Lassen County,2023-10-02,52.3,0.0,0.0
Lassen County,2023-10-03,54.1,0.0,0.0
Lassen County,2023-10-04,58.8,0.0,0.0
Lassen County,2023-10-05,61.0,0.0,0.0
Lassen County,2023-10-06,63.9,0.0,0.0
Lassen County,2023-10-07,67.7,0.0,0.0
Lassen County,2023-10-08,68.4,0.0,0.0
Lassen County,2023-10-09,57.5,0.008,0.0
Lassen County,2023-10-10,47.1,0.016,0.0
Lassen County,2023-10-11,43.0,0.012,0.0
Lassen County,2023-10-12,47.9,0.0,0.0
Lassen County,2023-10-13,54.3,0.012,0.0
Lassen County,2023-10-14,56.8,0.0,0.0
Lassen County,2023-10-15,62.8,0.0,0.0
Lassen County,2023-10-16,60.3,0.0,0.0
Lassen County,2023-10-17,61.6,0.0,0.0
Lassen County,2023-10-18,64.1,0.0,0.0
Lassen County,2023-10-19,70.0,0.0,0.0
Lassen County,2023-10-20,68.7,0.0,0.0
Lassen County,2023-10-21,62.8,0.0,0.0
Lassen County,2023-10-22,52.8,0.028,0.0
Lassen County,2023-10-23,53.0,0.0,0.0
Lassen County,2023-10-24,56.9,0.0,0.0
Lassen County,2023-10-25,43.6,0.063,0.0
Lassen County,2023-10-26,38.9,0.004,0.028
Lassen County,2023-10-27,45.3,0.0,0.0
Lassen County,2023-10-28,35.3,0.0,0.0
Lassen County,2023-10-29,37.3,0.0,0.0
Lassen County,2023-10-30,42.2,0.0,0.0
Lassen County,2023-10-31,46.4,0.0,0.0
Lassen County,2023-11-01,55.6,0.0,0.0
Lassen County,2023-11-02,54.5,0.004,0.0
Lassen County,2023-11-03,58.6,0.0,0.0
Lassen County,2023-11-04,56.6,0.039,0.0
Lassen County,2023-11-05,48.6,0.051,0.028
Lassen County,2023-11-06,39.7,0.177,0.083
Lassen County,2023-11-07,36.7,0.047,0.22
Lassen County,2023-11-08,38.0,0.0,0.0
Lassen County,2023-11-09,36.9,0.0,0.0
Lassen County,2023-11-10,45.2,0.0,0.0
Lassen County,2023-11-11,51.8,0.0,0.0
Lassen County,2023-11-12,45.8,0.0,0.0
Lassen County,2023-11-13,46.4,0.0,0.0
Lassen County,2023-11-14,46.5,0.0,0.0
Lassen County,2023-11-15,48.5,0.004,0.0
Lassen County,2023-11-16,42.5,0.047,0.0
Lassen County,2023-11-17,44.7,0.012,0.0
Lassen County,2023-11-18,36.6,0.488,1.047
Lassen County,2023-11-19,31.7,0.035,0.248
Lassen County,2023-11-20,33.0,0.0,0.0
Lassen County,2023-11-21,36.7,0.0,0.0
Lassen County,2023-11-22,45.8,0.0,0.0
Lassen County,2023-11-23,34.0,0.0,0.0
Lassen County,2023-11-24,28.2,0.0,0.0
Lassen County,2023-11-25,28.2,0.0,0.0
Lassen County,2023-11-26,29.9,0.0,0.0
Lassen County,2023-11-27,31.0,0.0,0.0
Lassen County,2023-11-28,33.7,0.0,0.0
Lassen County,2023-11-29,36.5,0.0,0.0
Lassen County,2023-11-30,33.2,0.067,0.469
Lassen County,2023-12-01,31.3,0.02,0.11
Lassen County,2023-12-02,33.4,0.043,0.0
Lassen County,2023-12-03,37.1,0.008,0.0
Lassen County,2023-12-04,43.2,0.0,0.0
Lassen County,2023-12-05,43.6,0.0,0.0
Lassen County,2023-12-06,41.5,0.075,0.055
Lassen County,2023-12-07,29.4,0.083,0.579
Lassen County,2023-12-08,28.3,0.0,0.0
Lassen County,2023-12-09,29.0,0.0,0.0
Lassen County,2023-12-10,39.5,0.0,0.0
Lassen County,2023-12-11,38.9,0.0,0.0
Lassen County,2023-12-12,34.3,0.0,0.0
Lassen County,2023-12-13,30.3,0.0,0.0
Lassen County,2023-12-14,34.2,0.0,0.0
Lassen County,2023-12-15,33.1,0.0,0.0
Lassen County,2023-12-16,38.7,0.0,0.0
Lassen County,2023-12-17,34.7,0.004,0.028
Lassen County,2023-12-18,29.9,0.339,1.461
Lassen County,2023-12-19,35.8,0.189,0.0
Lassen County,2023-12-20,38.9,0.0,0.0
Lassen County,2023-12-21,40.4,0.0,0.0
Lassen County,2023-12-22,41.7,0.0,0.0
Lassen County,2023-12-23,29.4,0.0,0.0
Lassen County,2023-12-24,32.5,0.02,0.138
Lassen County,2023-12-25,34.4,0.035,0.165
Lassen County,2023-12-26,37.2,0.0,0.0
Lassen County,2023-12-27,37.4,0.008,0.0
Lassen County,2023-12-28,38.3,0.043,0.0
Lassen County,2023-12-29,41.1,0.0,0.0
Lassen County,2023-12-30,36.1,0.02,0.0
Lassen County,2023-12-31,31.7,0.0,0.0
Lassen County,2024-01-01,33.6,0.0,0.0
Lassen County,2024-01-02,30.6,0.138,0.965
Lassen County,2024-01-03,25.8,0.134,0.937
Lassen County,2024-01-04,30.7,0.0,0.0
Lassen County,2024-01-05,27.9,0.043,0.303
Lassen County,2024-01-06,23.4,0.224,1.571
Lassen County,2024-01-07,20.2,0.0,0.0
Lassen County,2024-01-08,24.3,0.0,0.0
Lassen County,2024-01-09,29.9,0.004,0.0
Lassen County,2024-01-10,26.6,0.406,2.811
Lassen County,2024-01-11,17.4,0.0,0.0
Lassen County,2024-01-12,26.8,0.004,0.028
Lassen County,2024-01-13,30.3,0.264,1.543
Lassen County,2024-01-14,30.8,0.02,0.055
Lassen County,2024-01-15,25.7,0.0,0.0
Lassen County,2024-01-16,29.9,0.079,0.413
Lassen County,2024-01-17,30.7,0.012,0.0
Lassen County,2024-01-18,30.0,0.008,0.055
Lassen County,2024-01-19,32.8,0.016,0.0
Lassen County,2024-01-20,31.4,0.161,0.386
Lassen County,2024-01-21,32.6,0.094,0.055
Lassen County,2024-01-22,33.8,0.224,1.35
Lassen County,2024-01-23,34.6,0.0,0.0
Lassen County,2024-01-24,31.7,0.008,0.028
Lassen County,2024-01-25,33.8,0.091,0.606
Lassen County,2024-01-26,37.1,0.004,0.0
Lassen County,2024-01-27,40.9,0.146,0.0
Lassen County,2024-01-28,47.6,0.0,0.0
Lassen County,2024-01-29,46.6,0.0,0.0
Lassen County,2024-01-30,46.3,0.0,0.0
Lassen County,2024-01-31,42.8,0.094,0.276
Lassen County,2024-02-01,34.7,0.169,0.772
Lassen County,2024-02-02,29.7,0.02,0.138
Lassen County,2024-02-03,27.7,0.008,0.055
Lassen County,2024-02-04,25.8,0.508,3.555
Lassen County,2024-02-05,28.3,0.406,2.839
Lassen County,2024-02-06,28.4,0.0,0.0
Lassen County,2024-02-07,24.9,0.15,1.047
Lassen County,2024-02-08,24.4,0.0,0.0
Lassen County,2024-02-09,23.6,0.016,0.11
Lassen County,2024-02-10,22.7,0.0,0.0
Lassen County,2024-02-11,27.0,0.0,0.0
Lassen County,2024-02-12,30.5,0.0,0.0
Lassen County,2024-02-13,31.8,0.008,0.055
Lassen County,2024-02-14,29.8,0.429,2.949
Lassen County,2024-02-15,32.2,0.016,0.055
Lassen County,2024-02-16,29.2,0.043,0.248
Lassen County,2024-02-17,31.5,0.185,0.882
Lassen County,2024-02-18,33.4,0.071,0.358
Lassen County,2024-02-19,30.5,1.173,7.717
Lassen County,2024-02-20,30.5,0.028,0.193
Lassen County,2024-02-21,30.6,0.063,0.441
Lassen County,2024-02-22,31.0,0.0,0.0
Lassen County,2024-02-23,35.3,0.0,0.0
Lassen County,2024-02-24,34.7,0.0,0.0
Lassen County,2024-02-25,39.6,0.0,0.0
Lassen County,2024-02-26,32.4,0.031,0.193
Lassen County,2024-02-27,32.4,0.0,0.0
Lassen County,2024-02-28,41.6,0.0,0.0
Lassen County,2024-02-29,30.3,1.0,6.917
Lassen County,2024-03-01,26.0,0.953,6.669
Lassen County,2024-03-02,24.0,0.484,3.417
Lassen County,2024-03-03,21.9,0.161,1.13
Lassen County,2024-03-04,23.0,0.031,0.248
Lassen County,2024-03-05,29.0,0.142,0.965
Lassen County,2024-03-06,30.8,0.224,1.488
Lassen County,2024-03-07,25.6,0.0,0.0
Lassen County,2024-03-08,28.5,0.0,0.0
Lassen County,2024-03-09,31.0,0.016,0.055
Lassen County,2024-03-10,32.1,0.004,0.028
Lassen County,2024-03-11,31.4,0.083,0.524
Lassen County,2024-03-12,32.2,0.114,0.744
Lassen County,2024-03-13,27.0,0.008,0.055
Lassen County,2024-03-14,30.6,0.0,0.0
Lassen County,2024-03-15,34.7,0.0,0.0
Lassen County,2024-03-16,41.2,0.0,0.0
Lassen County,2024-03-17,40.9,0.0,0.0
Lassen County,2024-03-18,50.6,0.0,0.0
Lassen County,2024-03-19,53.6,0.0,0.0
Lassen County,2024-03-20,47.3,0.0,0.0
Lassen County,2024-03-21,46.6,0.0,0.0
Lassen County,2024-03-22,44.7,0.079,0.028
Lassen County,2024-03-23,33.7,0.102,0.717
Lassen County,2024-03-24,31.7,0.228,1.598
Lassen County,2024-03-25,38.0,0.031,0.22
Lassen County,2024-03-26,36.5,0.079,0.524
Lassen County,2024-03-27,36.5,0.37,2.508
Lassen County,2024-03-28,30.4,0.098,0.661
Lassen County,2024-03-29,28.5,0.142,0.992
Lassen County,2024-03-30,32.8,0.205,1.185
Lassen County,2024-03-31,32.9,0.0,0.0
Lassen County,2024-04-01,47.5,0.0,0.0
Lassen County,2024-04-02,55.2,0.0,0.0
Lassen County,2024-04-03,48.5,0.059,0.0
Lassen County,2024-04-04,31.9,0.189,1.295
Lassen County,2024-04-05,24.6,0.335,2.343
Lassen County,2024-04-06,29.1,0.0,0.0
Lassen County,2024-04-07,29.5,0.0,0.0
Lassen County,2024-04-08,36.5,0.0,0.0
Lassen County,2024-04-09,51.7,0.0,0.0
Lassen County,2024-04-10,55.0,0.0,0.0
Lassen County,2024-04-11,57.1,0.0,0.0
Lassen County,2024-04-12,49.2,0.039,0.0
Lassen County,2024-04-13,43.7,0.154,0.799
Lassen County,2024-04-14,30.5,0.504,3.5
Lassen County,2024-04-15,43.0,0.0,0.0
Lassen County,2024-04-16,52.6,0.0,0.0
Lassen County,2024-04-17,50.2,0.0,0.0
Lassen County,2024-04-18,51.4,0.0,0.0
Lassen County,2024-04-19,56.7,0.0,0.0
Lassen County,2024-04-20,58.9,0.0,0.0
Lassen County,2024-04-21,59.9,0.0,0.0
Lassen County,2024-04-22,59.5,0.0,0.0
Lassen County,2024-04-23,57.7,0.012,0.0
Lassen County,2024-04-24,51.0,0.157,0.0
Lassen County,2024-04-25,46.6,0.039,0.0
Lassen County,2024-04-26,40.7,0.067,0.083
Lassen County,2024-04-27,49.4,0.0,0.0
Lassen County,2024-04-28,53.9,0.0,0.0
Lassen County,2024-04-29,45.5,0.0,0.0
Lassen County,2024-04-30,49.5,0.0,0.0
Lassen County,2024-05-01,48.4,0.0,0.0
Lassen County,2024-05-02,51.4,0.0,0.0
Lassen County,2024-05-03,55.7,0.0,0.0
Lassen County,2024-05-04,41.6,0.827,3.941
Lassen County,2024-05-05,29.7,0.075,0.496
Lassen County,2024-05-06,39.8,0.0,0.0
Lassen County,2024-05-07,40.4,0.008,0.055
Lassen County,2024-05-08,45.8,0.0,0.0
Lassen County,2024-05-09,55.3,0.0,0.0
Lassen County,2024-05-10,59.1,0.0,0.0
Lassen County,2024-05-11,62.3,0.0,0.0
Lassen County,2024-05-12,63.8,0.0,0.0
Lassen County,2024-05-13,64.8,0.0,0.0
Lassen County,2024-05-14,65.9,0.0,0.0
Lassen County,2024-05-15,67.7,0.0,0.0
Lassen County,2024-05-16,72.4,0.008,0.0
Lassen County,2024-05-17,64.5,0.0,0.0
Lassen County,2024-05-18,67.5,0.0,0.0
Lassen County,2024-05-19,56.3,0.0,0.0
Lassen County,2024-05-20,51.5,0.0,0.0
Lassen County,2024-05-21,56.3,0.0,0.0
Lassen County,2024-05-22,57.8,0.0,0.0
Lassen County,2024-05-23,56.2,0.0,0.0
Lassen County,2024-05-24,60.2,0.016,0.0
Lassen County,2024-05-25,59.0,0.0,0.0
Lassen County,2024-05-26,66.1,0.0,0.0
Lassen County,2024-05-27,68.7,0.004,0.0
Lassen County,2024-05-28,67.9,0.0,0.0
Lassen County,2024-05-29,59.1,0.0,0.0
Lassen County,2024-05-30,64.1,0.0,0.0
Lassen County,2024-05-31,68.1,0.0,0.0
Lassen County,2024-06-01,69.4,0.008,0.0
Lassen County,2024-06-02,67.2,0.0,0.0
Lassen County,2024-06-03,59.9,0.031,0.0
Lassen County,2024-06-04,74.3,0.0,0.0
Lassen County,2024-06-05,79.1,0.0,0.0
Lassen County,2024-06-06,81.4,0.0,0.0
Lassen County,2024-06-07,81.2,0.0,0.0
Lassen County,2024-06-08,79.6,0.0,0.0
Lassen County,2024-06-09,73.5,0.169,0.0
Lassen County,2024-06-10,76.1,0.0,0.0
Lassen County,2024-06-11,79.9,0.0,0.0
Lassen County,2024-06-12,82.4,0.0,0.0
Lassen County,2024-06-13,80.3,0.0,0.0
Lassen County,2024-06-14,73.6,0.0,0.0
Lassen County,2024-06-15,63.2,0.0,0.0
Lassen County,2024-06-16,67.1,0.0,0.0
Lassen County,2024-06-17,55.5,0.0,0.0
Lassen County,2024-06-18,62.9,0.0,0.0
Lassen County,2024-06-19,67.8,0.0,0.0
Lassen County,2024-06-20,74.4,0.0,0.0
Lassen County,2024-06-21,78.9,0.0,0.0
Lassen County,2024-06-22,84.1,0.0,0.0
Lassen County,2024-06-23,79.2,0.0,0.0
Lassen County,2024-06-24,79.6,0.0,0.0
Lassen County,2024-06-25,75.1,0.008,0.0
Lassen County,2024-06-26,74.7,0.008,0.0
Lassen County,2024-06-27,71.3,0.0,0.0
Lassen County,2024-06-28,76.8,0.0,0.0
Lassen County,2024-06-29,76.8,0.0,0.0
Lassen County,2024-06-30,71.9,0.004,0.0
Lassen County,2024-07-01,75.0,0.0,0.0
Lassen County,2024-07-02,80.1,0.0,0.0
Lassen County,2024-07-03,81.0,0.0,0.0
Lassen County,2024-07-04,83.9,0.0,0.0
Lassen County,2024-07-05,87.9,0.0,0.0
Lassen County,2024-07-06,91.0,0.0,0.0
Lassen County,2024-07-07,90.8,0.0,0.0
Lassen County,2024-07-08,90.5,0.0,0.0
Lassen County,2024-07-09,87.4,0.0,0.0
Lassen County,2024-07-10,89.9,0.0,0.0
Lassen County,2024-07-11,89.3,0.0,0.0
Lassen County,2024-07-12,88.8,0.0,0.0
Lassen County,2024-07-13,87.1,0.0,0.0
Lassen County,2024-07-14,78.7,0.008,0.0
Lassen County,2024-07-15,79.2,0.0,0.0
Lassen County,2024-07-16,79.6,0.051,0.0
Lassen County,2024-07-17,80.3,0.0,0.0
Lassen County,2024-07-18,85.1,0.0,0.0
Lassen County,2024-07-19,87.5,0.0,0.0
Lassen County,2024-07-20,89.1,0.0,0.0
Lassen County,2024-07-21,87.0,0.0,0.0
Lassen County,2024-07-22,89.9,0.0,0.0
Lassen County,2024-07-23,86.6,0.008,0.0
Lassen County,2024-07-24,80.1,0.02,0.0
Lassen County,2024-07-25,82.9,0.0,0.0
Lassen County,2024-07-26,80.4,0.0,0.0
Lassen County,2024-07-27,73.1,0.0,0.0
Lassen County,2024-07-28,75.9,0.0,0.0
Lassen County,2024-07-29,76.1,0.0,0.0
Lassen County,2024-07-30,79.5,0.0,0.0
Lassen County,2024-07-31,85.4,0.0,0.0
Lassen County,2024-08-01,86.6,0.0,0.0
Lassen County,2024-08-02,84.8,0.0,0.0
Lassen County,2024-08-03,77.7,0.004,0.0
Lassen County,2024-08-04,82.9,0.0,0.0
Lassen County,2024-08-05,82.9,0.0,0.0
Lassen County,2024-08-06,85.9,0.0,0.0
Lassen County,2024-08-07,85.2,0.0,0.0
Lassen County,2024-08-08,84.3,0.0,0.0
Lassen County,2024-08-09,84.2,0.0,0.0
Lassen County,2024-08-10,84.1,0.0,0.0
Lassen County,2024-08-11,81.8,0.0,0.0
Lassen County,2024-08-12,76.3,0.0,0.0
Lassen County,2024-08-13,74.5,0.0,0.0
Lassen County,2024-08-14,74.7,0.0,0.0
Lassen County,2024-08-15,72.1,0.0,0.0
Lassen County,2024-08-16,75.0,0.0,0.0
Lassen County,2024-08-17,68.7,0.0,0.0
Lassen County,2024-08-18,69.5,0.0,0.0
Lassen County,2024-08-19,71.1,0.0,0.0
Lassen County,2024-08-20,72.4,0.0,0.0
Lassen County,2024-08-21,72.1,0.0,0.0
Lassen County,2024-08-22,67.7,0.0,0.0
Lassen County,2024-08-23,54.2,0.016,0.0
Lassen County,2024-08-24,49.4,0.291,0.0
Lassen County,2024-08-25,60.0,0.0,0.0
Lassen County,2024-08-26,66.7,0.0,0.0
Lassen County,2024-08-27,77.7,0.0,0.0
Lassen County,2024-08-28,75.5,0.0,0.0
Lassen County,2024-08-29,76.8,0.0,0.0
Lassen County,2024-08-30,80.1,0.0,0.0
Lassen County,2024-08-31,81.6,0.0,0.0
Lassen County,2024-09-01,77.8,0.0,0.0
Lassen County,2024-09-02,71.8,0.0,0.0
Lassen County,2024-09-03,73.6,0.0,0.0
Lassen County,2024-09-04,76.7,0.0,0.0
Lassen County,2024-09-05,80.7,0.0,0.0
Lassen County,2024-09-06,81.0,0.0,0.0
Lassen County,2024-09-07,76.9,0.0,0.0
Lassen County,2024-09-08,74.8,0.0,0.0
Lassen County,2024-09-09,75.5,0.0,0.0
Lassen County,2024-09-10,73.8,0.0,0.0
Lassen County,2024-09-11,62.9,0.0,0.0
Lassen County,2024-09-12,59.0,0.0,0.0
Lassen County,2024-09-13,66.5,0.0,0.0
Lassen County,2024-09-14,74.0,0.0,0.0
Lassen County,2024-09-15,60.4,0.059,0.0
Lassen County,2024-09-16,48.3,0.197,0.0
Lassen County,2024-09-17,54.5,0.012,0.0
Lassen County,2024-09-18,57.0,0.024,0.0
Lassen County,2024-09-19,62.1,0.0,0.0
Lassen County,2024-09-20,66.0,0.0,0.0
Lassen County,2024-09-21,65.9,0.0,0.0
Lassen County,2024-09-22,68.3,0.0,0.0
Lassen County,2024-09-23,70.3,0.0,0.0
Lassen County,2024-09-24,74.7,0.0,0.0
Lassen County,2024-09-25,71.2,0.0,0.0
Lassen County,2024-09-26,72.5,0.0,0.0
Lassen County,2024-09-27,74.9,0.0,0.0
Lassen County,2024-09-28,77.2,0.0,0.0
Lassen County,2024-09-29,72.0,0.0,0.0
Lassen County,2024-09-30,66.5,0.0,0.0
Lassen County,2024-10-01,77.4,0.0,0.0
Lassen County,2024-10-02,79.4,0.0,0.0
Lassen County,2024-10-03,76.3,0.0,0.0
Lassen County,2024-10-04,71.5,0.0,0.0
Lassen County,2024-10-05,74.0,0.0,0.0
Lassen County,2024-10-06,73.1,0.0,0.0
Lassen County,2024-10-07,70.6,0.0,0.0
Lassen County,2024-10-08,71.8,0.0,0.0
Lassen County,2024-10-09,69.4,0.0,0.0
Lassen County,2024-10-10,67.9,0.0,0.0
Lassen County,2024-10-11,67.5,0.0,0.0
Lassen County,2024-10-12,52.9,0.303,0.0
Lassen County,2024-10-13,58.6,0.0,0.0
Lassen County,2024-10-14,64.0,0.0,0.0
Lassen County,2024-10-15,68.4,0.0,0.0
Lassen County,2024-10-16,47.3,0.283,0.0
Lassen County,2024-10-17,39.3,0.087,0.083
Lassen County,2024-10-18,43.4,0.0,0.0
Lassen County,2024-10-19,50.2,0.0,0.0
Lassen County,2024-10-20,59.0,0.0,0.0
Lassen County,2024-10-21,54.2,0.0,0.0
Lassen County,2024-10-22,54.1,0.0,0.0
Lassen County,2024-10-23,55.6,0.0,0.0
Lassen County,2024-10-24,41.9,0.0,0.0
Lassen County,2024-10-25,48.2,0.0,0.0
Lassen County,2024-10-26,56.0,0.0,0.0
Lassen County,2024-10-27,47.9,0.031,0.0
Lassen County,2024-10-28,37.1,0.177,0.358
Lassen County,2024-10-29,35.2,0.0,0.0
Lassen County,2024-10-30,40.6,0.0,0.0
Lassen County,2024-10-31,35.9,0.098,0.579
Lassen County,2024-11-01,41.0,0.028,0.055
Lassen County,2024-11-02,37.5,0.055,0.303
Lassen County,2024-11-03,36.0,0.004,0.028
Lassen County,2024-11-04,46.0,0.0,0.0
Lassen County,2024-11-05,36.1,0.0,0.0
Lassen County,2024-11-06,33.0,0.0,0.0
Lassen County,2024-11-07,38.7,0.0,0.0
Lassen County,2024-11-08,44.4,0.0,0.0
Lassen County,2024-11-09,46.4,0.0,0.0
Lassen County,2024-11-10,47.2,0.0,0.0
Lassen County,2024-11-11,35.7,0.264,0.413
Lassen County,2024-11-12,34.9,0.0,0.0
Lassen County,2024-11-13,35.3,0.213,1.488
Lassen County,2024-11-14,35.7,0.055,0.331
Lassen County,2024-11-15,26.3,0.012,0.083
Lassen County,2024-11-16,28.5,0.0,0.0
Lassen County,2024-11-17,40.3,0.118,0.579
Lassen County,2024-11-18,26.4,0.047,0.331
Lassen County,2024-11-19,26.0,0.051,0.358
Lassen County,2024-11-20,28.1,1.047,7.303
Lassen County,2024-11-21,33.9,1.925,6.228
Lassen County,2024-11-22,35.1,1.264,4.63
Lassen County,2024-11-23,30.4,0.272,1.736
Lassen County,2024-11-24,28.1,0.0,0.0
Lassen County,2024-11-25,29.4,0.102,0.551
Lassen County,2024-11-26,29.3,0.087,0.606
Lassen County,2024-11-27,26.2,0.0,0.0
Lassen County,2024-11-28,26.3,0.0,0.0
Lassen County,2024-11-29,29.4,0.0,0.0
Lassen County,2024-11-30,31.8,0.0,0.0
Lassen County,2024-12-01,31.4,0.0,0.0
Lassen County,2024-12-02,35.3,0.0,0.0
Lassen County,2024-12-03,36.2,0.0,0.0
Lassen County,2024-12-04,36.4,0.0,0.0
Lassen County,2024-12-05,36.9,0.0,0.0
Lassen County,2024-12-06,37.3,0.0,0.0
Lassen County,2024-12-07,38.2,0.0,0.0
Lassen County,2024-12-08,32.3,0.0,0.0
Lassen County,2024-12-09,27.5,0.0,0.0
Lassen County,2024-12-10,28.1,0.0,0.0
Lassen County,2024-12-11,35.0,0.0,0.0
Lassen County,2024-12-12,27.7,0.213,1.488
Lassen County,2024-12-13,28.5,0.232,1.626
Lassen County,2024-12-14,28.0,0.717,5.016
Lassen County,2024-12-15,24.4,0.0,0.0
Lassen County,2024-12-16,29.3,0.165,1.102
Lassen County,2024-12-17,32.1,0.0,0.0
Lassen County,2024-12-18,38.9,0.0,0.0
Lassen County,2024-12-19,34.9,0.0,0.0
Lassen County,2024-12-20,33.8,0.0,0.0
Lassen County,2024-12-21,31.8,0.11,0.579
Lassen County,2024-12-22,33.9,0.051,0.0
Lassen County,2024-12-23,34.1,0.024,0.0
Lassen County,2024-12-24,34.8,0.378,1.819
Lassen County,2024-12-25,30.4,0.0,0.0
Lassen County,2024-12-26,32.3,0.319,2.15
Lassen County,2024-12-27,37.1,0.421,2.646
Lassen County,2024-12-28,36.2,0.126,0.0
Lassen County,2024-12-29,33.5,0.618,2.811
Lassen County,2024-12-30,24.5,0.008,0.055
Lassen County,2024-12-31,23.3,0.0,0.0
Lassen County,2025-01-01,32.0,0.012,0.083
Lassen County,2025-01-02,36.9,0.0,0.0
Lassen County,2025-01-03,32.8,0.335,2.039
Lassen County,2025-01-04,32.3,0.004,0.028
Lassen County,2025-01-05,34.0,0.0,0.0
Lassen County,2025-01-06,33.1,0.004,0.0
Lassen County,2025-01-07,27.7,0.0,0.0
Lassen County,2025-01-08,29.5,0.0,0.0
Lassen County,2025-01-09,31.7,0.0,0.0
Lassen County,2025-01-10,41.3,0.012,0.055
Lassen County,2025-01-11,26.0,0.0,0.0
Lassen County,2025-01-12,23.3,0.0,0.0
Lassen County,2025-01-13,26.3,0.0,0.0
Lassen County,2025-01-14,32.2,0.0,0.0
Lassen County,2025-01-15,34.1,0.0,0.0
Lassen County,2025-01-16,36.9,0.0,0.0
Lassen County,2025-01-17,35.2,0.0,0.0
Lassen County,2025-01-18,27.8,0.0,0.0
Lassen County,2025-01-19,34.0,0.0,0.0
Lassen County,2025-01-20,23.6,0.0,0.0
Lassen County,2025-01-21,38.0,0.0,0.0
Lassen County,2025-01-22,35.9,0.0,0.0
Lassen County,2025-01-23,34.4,0.0,0.0
Lassen County,2025-01-24,37.2,0.0,0.0
Lassen County,2025-01-25,21.5,0.0,0.0
Lassen County,2025-01-26,24.5,0.0,0.0
Lassen County,2025-01-27,29.5,0.0,0.0
Lassen County,2025-01-28,32.4,0.0,0.0
Lassen County,2025-01-29,34.5,0.0,0.0
Lassen County,2025-01-30,36.7,0.0,0.0
Lassen County,2025-01-31,28.8,0.146,0.992
Lassen County,2025-02-01,34.4,0.61,1.654
Lassen County,2025-02-02,35.3,2.177,3.39
Lassen County,2025-02-03,33.7,1.091,4.74
Lassen County,2025-02-04,31.2,1.378,7.827
Lassen County,2025-02-05,28.0,0.0,0.0
Lassen County,2025-02-06,28.1,1.114,7.799
Lassen County,2025-02-07,29.0,0.453,3.114
Lassen County,2025-02-08,23.9,0.0,0.0
Lassen County,2025-02-09,20.8,0.0,0.0
Lassen County,2025-02-10,20.4,0.0,0.0
Lassen County,2025-02-11,15.8,0.0,0.0
Lassen County,2025-02-12,21.4,0.0,0.0
Lassen County,2025-02-13,29.9,1.165,8.102
Lassen County,2025-02-14,30.0,0.043,0.303
Lassen County,2025-02-15,31.5,0.0,0.0
Lassen County,2025-02-16,33.1,0.11,0.744
Lassen County,2025-02-17,31.2,0.028,0.193
Lassen County,2025-02-18,30.5,0.016,0.055
Lassen County,2025-02-19,32.9,0.185,0.909
Lassen County,2025-02-20,30.7,0.0,0.0
Lassen County,2025-02-21,34.5,0.0,0.0
Lassen County,2025-02-22,42.4,0.004,0.0
Lassen County,2025-02-23,39.7,0.079,0.0
Lassen County,2025-02-24,41.5,0.0,0.0
Lassen County,2025-02-25,35.0,0.0,0.0
Lassen County,2025-02-26,38.1,0.0,0.0
Lassen County,2025-02-27,40.7,0.0,0.0
Lassen County,2025-02-28,42.4,0.0,0.0
Lassen County,2025-03-01,43.2,0.0,0.0
Lassen County,2025-03-02,29.8,0.126,0.882
Lassen County,2025-03-03,32.4,0.0,0.0
Lassen County,2025-03-04,35.1,0.0,0.0
Lassen County,2025-03-05,30.8,0.386,2.673
Lassen County,2025-03-06,28.5,0.102,0.689
Lassen County,2025-03-07,29.9,0.0,0.0
Lassen County,2025-03-08,35.8,0.0,0.0
Lassen County,2025-03-09,39.8,0.0,0.0
Lassen County,2025-03-10,40.9,0.0,0.0
Lassen County,2025-03-11,41.9,0.0,0.0
Lassen County,2025-03-12,33.2,0.732,4.575
Lassen County,2025-03-13,26.4,0.154,1.075
Lassen County,2025-03-14,25.3,0.067,0.469
Lassen County,2025-03-15,28.5,0.004,0.0
Lassen County,2025-03-16,33.0,0.807,5.181
Lassen County,2025-03-17,30.6,0.449,3.059
Lassen County,2025-03-18,29.9,0.0,0.0
Lassen County,2025-03-19,34.6,0.126,0.882
Lassen County,2025-03-20,34.7,0.016,0.11
Lassen County,2025-03-21,34.6,0.035,0.248
Lassen County,2025-03-22,36.2,0.0,0.0
Lassen County,2025-03-23,45.9,0.0,0.0
Lassen County,2025-03-24,49.9,0.0,0.0
Lassen County,2025-03-25,53.8,0.0,0.0
Lassen County,2025-03-26,53.7,0.0,0.0
Lassen County,2025-03-27,36.0,0.043,0.083
Lassen County,2025-03-28,37.1,0.071,0.358
Lassen County,2025-03-29,33.4,0.016,0.11
Lassen County,2025-03-30,33.0,0.059,0.413
Lassen County,2025-03-31,29.9,0.37,2.591
Lassen County,2025-04-01,29.7,0.252,1.736
Lassen County,2025-04-02,29.8,0.0,0.0
Lassen County,2025-04-03,32.5,0.0,0.0
Lassen County,2025-04-04,36.7,0.0,0.0
Lassen County,2025-04-05,43.9,0.0,0.0
Lassen County,2025-04-06,51.5,0.0,0.0
Lassen County,2025-04-07,43.1,0.043,0.0
Lassen County,2025-04-08,48.4,0.0,0.0
Lassen County,2025-04-09,55.8,0.0,0.0
Lassen County,2025-04-10,58.1,0.0,0.0
Lassen County,2025-04-11,57.1,0.0,0.0
Lassen County,2025-04-12,46.7,0.0,0.0
Lassen County,2025-04-13,48.6,0.0,0.0
Lassen County,2025-04-14,55.8,0.0,0.0
Lassen County,2025-04-15,60.8,0.0,0.0
Lassen County,2025-04-16,58.7,0.024,0.0
Lassen County,2025-04-17,45.0,0.0,0.0
Lassen County,2025-04-18,45.1,0.0,0.0
Lassen County,2025-04-19,54.0,0.004,0.0
Lassen County,2025-04-20,54.7,0.0,0.0
Lassen County,2025-04-21,54.5,0.0,0.0
Lassen County,2025-04-22,56.7,0.016,0.0
Lassen County,2025-04-23,49.2,0.059,0.0
Lassen County,2025-04-24,52.9,0.0,0.0
Lassen County,2025-04-25,43.7,0.024,0.0
Lassen County,2025-04-26,37.1,0.697,2.26
Lassen County,2025-04-27,44.3,0.35,2.094
Lassen County,2025-04-28,51.8,0.0,0.0
Lassen County,2025-04-29,56.0,0.0,0.0
Lassen County,2025-04-30,55.6,0.0,0.0
Lassen County,2025-05-01,57.1,0.0,0.0
Lassen County,2025-05-02,61.2,0.028,0.0
Lassen County,2025-05-03,52.7,0.26,0.0
Lassen County,2025-05-04,47.0,0.004,0.0
Lassen County,2025-05-05,52.7,0.0,0.0
Lassen County,2025-05-06,53.2,0.0,0.0
Lassen County,2025-05-07,65.4,0.0,0.0
Lassen County,2025-05-08,65.3,0.0,0.0
Lassen County,2025-05-09,69.3,0.0,0.0
Lassen County,2025-05-10,66.8,0.0,0.0
Lassen County,2025-05-11,54.5,0.0,0.0
Lassen County,2025-05-12,40.0,0.185,0.799
Lassen County,2025-05-13,43.8,0.059,0.303
Lassen County,2025-05-14,51.8,0.0,0.0
Lassen County,2025-05-15,55.8,0.0,0.0
Lassen County,2025-05-16,58.2,0.008,0.0
Lassen County,2025-05-17,46.9,0.657,1.819
Lassen County,2025-05-18,49.6,0.0,0.0
Lassen County,2025-05-19,57.8,0.0,0.0
Lassen County,2025-05-20,59.5,0.0,0.0
Lassen County,2025-05-21,65.8,0.0,0.0
Lassen County,2025-05-22,60.5,0.0,0.0
Lassen County,2025-05-23,58.8,0.0,0.0
Lassen County,2025-05-24,64.8,0.0,0.0
Lassen County,2025-05-25,67.4,0.0,0.0
Lassen County,2025-05-26,63.2,0.0,0.0
Lassen County,2025-05-27,70.7,0.0,0.0
Lassen County,2025-05-28,74.7,0.004,0.0
Lassen County,2025-05-29,72.9,0.0,0.0
Lassen County,2025-05-30,80.7,0.0,0.0
Lassen County,2025-05-31,82.4,0.0,0.0
Lassen County,2025-06-01,76.6,0.0,0.0
Lassen County,2025-06-02,72.5,0.0,0.0
Lassen County,2025-06-03,70.0,0.0,0.0
Lassen County,2025-06-04,66.9,0.0,0.0
Lassen County,2025-06-05,71.0,0.0,0.0
Lassen County,2025-06-06,73.5,0.0,0.0
Lassen County,2025-06-07,77.0,0.0,0.0
Lassen County,2025-06-08,78.8,0.012,0.0
Lassen County,2025-06-09,79.7,0.0,0.0
Lassen County,2025-06-10,78.9,0.016,0.0
Lassen County,2025-06-11,76.5,0.0,0.0
Lassen County,2025-06-12,71.6,0.0,0.0
Lassen County,2025-06-13,68.1,0.0,0.0
Lassen County,2025-06-14,71.3,0.0,0.0
Lassen County,2025-06-15,72.5,0.0,0.0
Lassen County,2025-06-16,70.2,0.004,0.0
Lassen County,2025-06-17,75.8,0.0,0.0
Lassen County,2025-06-18,81.4,0.0,0.0
Lassen County,2025-06-19,75.8,0.0,0.0
Lassen County,2025-06-20,59.1,0.0,0.0
Lassen County,2025-06-21,49.7,0.047,0.055
Lassen County,2025-06-22,53.8,0.0,0.0
Lassen County,2025-06-23,62.3,0.0,0.0
Lassen County,2025-06-24,69.5,0.0,0.0
Lassen County,2025-06-25,73.2,0.0,0.0
Lassen County,2025-06-26,75.5,0.0,0.0
Lassen County,2025-06-27,76.6,0.0,0.0
Lassen County,2025-06-28,79.3,0.008,0.0
Lassen County,2025-06-29,81.3,0.0,0.0
Lassen County,2025-06-30,84.2,0.0,0.0
Lassen County,2025-07-01,78.8,0.012,0.0
Lassen County,2025-07-02,79.4,0.177,0.0
Lassen County,2025-07-03,75.6,0.0,0.0
Lassen County,2025-07-04,66.2,0.0,0.0
Lassen County,2025-07-05,73.1,0.0,0.0
Lassen County,2025-07-06,77.7,0.0,0.0
Lassen County,2025-07-07,81.7,0.0,0.0
Lassen County,2025-07-08,77.0,0.0,0.0
Lassen County,2025-07-09,73.3,0.0,0.0
Lassen County,2025-07-10,77.9,0.0,0.0
Lassen County,2025-07-11,82.0,0.0,0.0
Lassen County,2025-07-12,85.7,0.0,0.0
Lassen County,2025-07-13,87.4,0.0,0.0
Lassen County,2025-07-14,90.3,0.0,0.0
Lassen County,2025-07-15,85.0,0.0,0.0
Lassen County,2025-07-16,82.1,0.0,0.0
Lassen County,2025-07-17,81.3,0.0,0.0
Lassen County,2025-07-18,80.2,0.0,0.0
Lassen County,2025-07-19,82.0,0.0,0.0
Lassen County,2025-07-20,82.3,0.0,0.0
Lassen County,2025-07-21,66.8,0.492,0.0
Lassen County,2025-07-22,70.7,0.004,0.0
Lassen County,2025-07-23,74.9,0.0,0.0
Lassen County,2025-07-24,76.0,0.11,0.0
Lassen County,2025-07-25,69.5,0.012,0.0
Lassen County,2025-07-26,67.6,0.185,0.0
Lassen County,2025-07-27,70.8,0.008,0.0
Lassen County,2025-07-28,73.5,0.008,0.0
Lassen County,2025-07-29,76.2,0.047,0.0
Lassen County,2025-07-30,69.4,0.004,0.0
Lassen County,2025-07-31,72.3,0.028,0.0
Lassen County,2025-08-01,74.9,0.0,0.0
Lassen County,2025-08-02,73.4,0.0,0.0
Lassen County,2025-08-03,73.1,0.0,0.0
Lassen County,2025-08-04,72.3,0.004,0.0
Lassen County,2025-08-05,75.9,0.0,0.0
Lassen County,2025-08-06,75.8,0.0,0.0
Lassen County,2025-08-07,75.5,0.0,0.0
Lassen County,2025-08-08,76.3,0.0,0.0
Lassen County,2025-08-09,81.0,0.0,0.0
Lassen County,2025-08-10,82.2,0.0,0.0
Lassen County,2025-08-11,86.6,0.0,0.0
Lassen County,2025-08-12,88.1,0.0,0.0
Lassen County,2025-08-13,84.2,0.0,0.0
Lassen County,2025-08-14,78.5,0.0,0.0
Lassen County,2025-08-15,77.3,0.0,0.0
Lassen County,2025-08-16,75.0,0.0,0.0
Lassen County,2025-08-17,69.9,0.098,0.0
Lassen County,2025-08-18,71.5,0.0,0.0
Lassen County,2025-08-19,74.6,0.0,0.0
Lassen County,2025-08-20,74.7,0.0,0.0
Lassen County,2025-08-21,80.0,0.0,0.0
Lassen County,2025-08-22,84.1,0.0,0.0
Lassen County,2025-08-23,84.2,0.0,0.0
Lassen County,2025-08-24,73.2,0.083,0.0
Lassen County,2025-08-25,74.2,0.201,0.0
Lassen County,2025-08-26,73.4,0.004,0.0
Lassen County,2025-08-27,68.6,0.055,0.0
Lassen County,2025-08-28,72.6,0.0,0.0
Lassen County,2025-08-29,72.9,0.0,0.0
Lassen County,2025-08-30,75.5,0.0,0.0
Lassen County,2025-08-31,77.0,0.0,0.0
Lassen County,2025-09-01,76.8,0.0,0.0
Lassen County,2025-09-02,78.4,0.012,0.0
Lassen County,2025-09-03,73.8,0.035,0.0
Lassen County,2025-09-04,76.8,0.0,0.0
Lassen County,2025-09-05,76.7,0.0,0.0
Lassen County,2025-09-06,71.3,0.0,0.0
Lassen County,2025-09-07,67.2,0.0,0.0
Lassen County,2025-09-08,65.9,0.0,0.0
Lassen County,2025-09-09,60.6,0.031,0.0
Lassen County,2025-09-10,57.0,0.11,0.0
Lassen County,2025-09-11,58.1,0.0,0.0
Lassen County,2025-09-12,60.4,0.0,0.0
Lassen County,2025-09-13,71.0,0.0,0.0
Lassen County,2025-09-14,68.1,0.0,0.0
Lassen County,2025-09-15,68.5,0.0,0.0
Lassen County,2025-09-16,71.6,0.0,0.0
Lassen County,2025-09-17,74.5,0.0,0.0
Lassen County,2025-09-18,74.2,0.0,0.0
Lassen County,2025-09-19,62.5,0.024,0.0
Lassen County,2025-09-20,65.5,0.024,0.0
Lassen County,2025-09-21,64.9,0.028,0.0
Lassen County,2025-09-22,67.4,0.0,0.0
Lassen County,2025-09-23,69.5,0.0,0.0
Lassen County,2025-09-24,72.2,0.0,0.0
Lassen County,2025-09-25,71.0,0.0,0.0
Lassen County,2025-09-26,69.0,0.0,0.0
Lassen County,2025-09-27,70.9,0.0,0.0
Lassen County,2025-09-28,66.6,0.0,0.0
Lassen County,2025-09-29,54.2,0.094,0.0
Lassen County,2025-09-30,49.7,0.024,0.0
Lassen County,2025-10-01,49.3,0.059,0.0
Lassen County,2025-10-02,46.4,0.244,0.0
Lassen County,2025-10-03,46.8,0.063,0.0
Lassen County,2025-10-04,51.2,0.0,0.0
Lassen County,2025-10-05,49.4,0.0,0.0
Lassen County,2025-10-06,51.6,0.0,0.0
Lassen County,2025-10-07,57.3,0.0,0.0
Lassen County,2025-10-08,60.2,0.0,0.0
Lassen County,2025-10-09,54.5,0.0,0.0
Lassen County,2025-10-10,49.2,0.067,0.0
Lassen County,2025-10-11,40.4,0.098,0.22
Lassen County,2025-10-12,49.2,0.004,0.0
Lassen County,2025-10-13,40.0,0.075,0.028
Lassen County,2025-10-14,47.0,0.02,0.0
Lassen County,2025-10-15,41.8,0.055,0.0
Lassen County,2025-10-16,48.8,0.0,0.0
Lassen County,2025-10-17,56.3,0.0,0.0
Lassen County,2025-10-18,57.8,0.0,0.0
Lassen County,2025-10-19,53.8,0.0,0.0
Lassen County,2025-10-20,48.8,0.0,0.0
Lassen County,2025-10-21,54.5,0.0,0.0
Lassen County,2025-10-22,56.9,0.0,0.0
Lassen County,2025-10-23,56.4,0.0,0.0
Lassen County,2025-10-24,55.3,0.0,0.0
Lassen County,2025-10-25,40.4,0.524,0.0
Lassen County,2025-10-26,38.8,0.374,0.413
Lassen County,2025-10-27,43.1,0.039,0.0
Lassen County,2025-10-28,46.8,0.0,0.0
Lassen County,2025-10-29,53.9,0.0,0.0
Lassen County,2025-10-30,48.8,0.0,0.0
Lassen County,2025-10-31,53.3,0.0,0.0
Lassen County,2025-11-01,59.7,0.0,0.0
Lassen County,2025-11-02,55.1,0.0,0.0
Lassen County,2025-11-03,53.9,0.0,0.0
Lassen County,2025-11-04,49.8,0.028,0.0
Lassen County,2025-11-05,41.1,0.484,1.157
Lassen County,2025-11-06,44.2,0.016,0.0
Lassen County,2025-11-07,47.9,0.0,0.0
Lassen County,2025-11-08,48.8,0.0,0.0
Lassen County,2025-11-09,50.2,0.0,0.0
Lassen County,2025-11-10,58.0,0.0,0.0
Lassen County,2025-11-11,52.4,0.0,0.0
Lassen County,2025-11-12,51.0,0.071,0.0
Lassen County,2025-11-13,40.2,0.925,0.0
Lassen County,2025-11-14,45.5,0.043,0.0
Lassen County,2025-11-15,48.6,0.0,0.0
Lassen County,2025-11-16,39.8,0.335,0.0
Lassen County,2025-11-17,35.1,0.618,2.287
Lassen County,2025-11-18,40.1,0.0,0.0
Lassen County,2025-11-19,39.0,0.02,0.0
Lassen County,2025-11-20,34.7,0.114,0.386
Lassen County,2025-11-21,40.2,0.0,0.0
Lassen County,2025-11-22,39.6,0.0,0.0
Lassen County,2025-11-23,46.3,0.0,0.0
Lassen County,2025-11-24,41.2,0.0,0.0
Lassen County,2025-11-25,40.9,0.0,0.0
Lassen County,2025-11-26,45.3,0.0,0.0
Lassen County,2025-11-27,50.7,0.0,0.0
Lassen County,2025-11-28,42.2,0.0,0.0
Lassen County,2025-11-29,38.6,0.0,0.0
Lassen County,2025-11-30,34.1,0.0,0.0
Lassen County,2025-12-01,34.8,0.0,0.0
Lassen County,2025-12-02,42.2,0.0,0.0
Lassen County,2025-12-03,31.3,0.0,0.0
Lassen County,2025-12-04,38.8,0.0,0.0
Lassen County,2025-12-05,39.8,0.0,0.0
Lassen County,2025-12-06,40.8,0.0,0.0
Lassen County,2025-12-07,47.1,0.0,0.0
Lassen County,2025-12-08,46.1,0.0,0.0
Lassen County,2025-12-09,50.0,0.0,0.0
Lassen County,2025-12-10,50.3,0.0,0.0
Lassen County,2025-12-11,49.8,0.0,0.0
Lassen County,2025-12-12,47.2,0.0,0.0
Lassen County,2025-12-13,42.1,0.0,0.0
Lassen County,2025-12-14,45.9,0.0,0.0
Lassen County,2025-12-15,46.6,0.0,0.0
Lassen County,2025-12-16,39.9,0.094,0.0
Lassen County,2025-12-17,42.1,0.22,0.0
Lassen County,2025-12-18,44.3,0.0,0.0
Lassen County,2025-12-19,34.5,0.327,0.22
Lassen County,2025-12-20,39.1,0.098,0.0
Lassen County,2025-12-21,38.5,2.787,0.0
Lassen County,2025-12-22,37.6,0.37,0.0
Lassen County,2025-12-23,42.5,0.154,0.496
Lassen County,2025-12-24,34.9,1.331,3.969
Lassen County,2025-12-25,29.0,1.335,9.26
Lassen County,2025-12-26,28.2,0.551,3.858
Lassen County,2025-12-27,27.0,0.028,0.193
Lassen County,2025-12-28,22.6,0.0,0.0
Lassen County,2025-12-29,25.8,0.0,0.0
Lassen County,2025-12-30,30.5,0.0,0.0
Lassen County,2025-12-31,31.9,0.028,0.0
Lassen County,2026-01-01,32.4,0.122,0.0
Lassen County,2026-01-02,33.7,0.004,0.0
Lassen County,2026-01-03,32.2,0.197,0.138
Lassen County,2026-01-04,30.1,0.386,2.563
Lassen County,2026-01-05,29.0,0.102,0.661
Lassen County,2026-01-06,31.3,0.0,0.0
Lassen County,2026-01-07,32.6,0.031,0.22
Lassen County,2026-01-08,22.2,0.094,0.661
Lassen County,2026-01-09,26.0,0.0,0.0
Lassen County,2026-01-10,28.2,0.0,0.0
Lassen County,2026-01-11,31.7,0.0,0.0
Lassen County,2026-01-12,35.5,0.0,0.0
Lassen County,2026-01-13,37.1,0.0,0.0
Lassen County,2026-01-14,38.9,0.0,0.0
Lassen County,2026-01-15,40.9,0.0,0.0
Lassen County,2026-01-16,39.2,0.0,0.0
Lassen County,2026-01-17,36.8,0.0,0.0
Lassen County,2026-01-18,44.1,0.0,0.0
Lassen County,2026-01-19,37.4,0.0,0.0
Lassen County,2026-01-20,35.3,0.0,0.0
Lassen County,2026-01-21,39.3,0.0,0.0
Lassen County,2026-01-22,42.6,0.0,0.0
Lassen County,2026-01-23,37.3,0.0,0.0
Lassen County,2026-01-24,31.7,0.0,0.0
Lassen County,2026-01-25,34.9,0.0,0.0
Lassen County,2026-01-26,38.3,0.0,0.0
Lassen County,2026-01-27,36.0,0.0,0.0
Lassen County,2026-01-28,35.7,0.024,0.165
Lassen County,2026-01-29,39.4,0.0,0.0
Lassen County,2026-01-30,43.3,0.0,0.0
Lassen County,2026-01-31,43.9,0.0,0.0
Lassen County,2026-02-01,46.2,0.0,0.0
Lassen County,2026-02-02,42.3,0.0,0.0
Lassen County,2026-02-03,42.4,0.0,0.0
Lassen County,2026-02-04,43.0,0.0,0.0
Lassen County,2026-02-05,43.8,0.0,0.0
Lassen County,2026-02-06,48.8,0.0,0.0
Lassen County,2026-02-07,44.9,0.0,0.0
Lassen County,2026-02-08,43.4,0.11,0.028
Lassen County,2026-02-09,34.1,0.031,0.0
Lassen County,2026-02-10,34.5,0.106,0.744
Lassen County,2026-02-11,35.9,0.114,0.606
Lassen County,2026-02-12,36.2,0.0,0.0
Lassen County,2026-02-13,38.0,0.0,0.0
Lassen County,2026-02-14,38.8,0.0,0.0
Lassen County,2026-02-15,36.3,0.063,0.276
Lassen County,2026-02-16,29.3,0.661,4.63
Lassen County,2026-02-17,22.9,0.354,2.48
Lassen County,2026-02-18,20.5,0.055,0.413
Lassen County,2026-02-19,20.5,0.256,1.764
Lassen County,2026-02-20,22.2,0.0,0.0
Lassen County,2026-02-21,23.1,0.0,0.0
Lassen County,2026-02-22,34.2,0.0,0.0
Lassen County,2026-02-23,38.4,0.004,0.0
Lassen County,2026-02-24,37.6,1.134,0.0
Lassen County,2026-02-25,45.1,0.02,0.0
Lassen County,2026-02-26,51.0,0.0,0.0
Lassen County,2026-02-27,51.5,0.0,0.0
Lassen County,2026-02-28,48.8,0.079,0.0
Lassen County,2026-03-01,44.8,0.028,0.0
Lassen County,2026-03-02,42.5,0.0,0.0
Lassen County,2026-03-03,45.0,0.0,0.0
Lassen County,2026-03-04,35.4,0.157,1.047
Lassen County,2026-03-05,34.7,0.004,0.028
Lassen County,2026-03-06,41.6,0.0,0.0
Lassen County,2026-03-07,48.3,0.0,0.0
Lassen County,2026-03-08,57.0,0.0,0.0
Lassen County,2026-03-09,50.3,0.0,0.0
Lassen County,2026-03-10,43.5,0.0,0.0
Lassen County,2026-03-11,51.3,0.0,0.0
Lassen County,2026-03-12,56.3,0.0,0.0
Lassen County,2026-03-13,57.0,0.0,0.0
Lassen County,2026-03-14,50.3,0.0,0.0
Lassen County,2026-03-15,52.5,0.0,0.0
Lassen County,2026-03-16,59.5,0.0,0.0
Lassen County,2026-03-17,63.8,0.0,0.0
Lassen County,2026-03-18,65.9,0.0,0.0
Lassen County,2026-03-19,67.7,0.0,0.0
Lassen County,2026-03-20,68.8,0.0,0.0
Lassen County,2026-03-21,63.3,0.0,0.0
Lassen County,2026-03-22,56.2,0.0,0.0
Lassen County,2026-03-23,59.5,0.0,0.0
Lassen County,2026-03-24,60.9,0.0,0.0
Lassen County,2026-03-25,59.5,0.0,0.0
Lassen County,2026-03-26,48.1,0.0,0.0
Lassen County,2026-03-27,54.2,0.0,0.0
Lassen County,2026-03-28,58.8,0.0,0.0
Lassen County,2026-03-29,58.3,0.0,0.0
Lassen County,2026-03-30,54.1,0.0,0.0
Lassen County,2026-03-31,41.0,0.059,0.028
Lassen County,2026-04-01,37.1,0.276,0.22
Lassen County,2026-04-02,35.0,0.031,0.165
Lassen County,2026-04-03,44.3,0.0,0.0
Lassen County,2026-04-04,51.9,0.0,0.0
Lassen County,2026-04-05,58.1,0.0,0.0
Lassen County,2026-04-06,59.4,0.0,0.0
Lassen County,2026-04-07,59.3,0.004,0.0
Lassen County,2026-04-08,55.1,0.02,0.0
Lassen County,2026-04-09,53.1,0.02,0.0
Lassen County,2026-04-10,42.8,0.461,0.909
Lassen County,2026-04-11,39.2,0.268,0.661
Lassen County,2026-04-12,34.8,0.051,0.358
Lassen County,2026-04-13,41.1,0.0,0.0
Lassen County,2026-04-14,48.4,0.0,0.0
Lassen County,2026-04-15,44.4,0.008,0.0
Lassen County,2026-04-16,33.4,0.0,0.0
Lassen County,2026-04-17,43.0,0.0,0.0
Lassen County,2026-04-18,52.6,0.0,0.0
Lassen County,2026-04-19,54.1,0.0,0.0
Lassen County,2026-04-20,54.2,0.0,0.0
Lassen County,2026-04-21,40.5,0.091,0.11
Lassen County,2026-04-22,40.7,0.012,0.055
Lassen County,2026-04-23,50.4,0.0,0.0
Lassen County,2026-04-24,52.4,0.0,0.0
Lassen County,2026-04-25,48.2,0.13,0.358
Lassen County,2026-04-26,33.5,0.724,3.472
Lassen County,2026-04-27,42.7,0.004,0.028
Lassen County,2026-04-28,47.8,0.004,0.0
Lassen County,2026-04-29,53.5,0.0,0.0
Lassen County,2026-04-30,55.3,0.0,0.0
Lassen County,2026-05-01,58.5,0.0,0.0
Lassen County,2026-05-02,56.8,0.0,0.0
Lassen County,2026-05-03,59.1,0.087,0.0
Lassen County,2026-05-04,54.8,0.146,0.0
Lassen County,2026-05-05,60.1,0.047,0.0
Lassen County,2026-05-06,64.8,0.0,0.0
Lassen County,2026-05-07,64.8,0.0,0.0
Lassen County,2026-05-08,63.6,0.0,0.0
Lassen County,2026-05-09,66.5,0.0,0.0
Lassen County,2026-05-10,72.3,0.0,0.0
Lassen County,2026-05-11,71.7,0.0,0.0
Lassen County,2026-05-12,70.8,0.0,0.0
Lassen County,2026-05-13,57.7,0.0,0.0
Lassen County,2026-05-14,64.8,0.0,0.0
Lassen County,2026-05-15,59.7,0.0,0.0
Lassen County,2026-05-16,49.7,0.0,0.0
Lassen County,2026-05-17,40.4,0.02,0.138
Lassen County,2026-05-18,48.8,0.0,0.0
Lassen County,2026-05-19,54.6,0.0,0.0
Lassen County,2026-05-20,61.7,0.0,0.0
Lassen County,2026-05-21,61.4,0.012,0.0
Lassen County,2026-05-22,64.0,0.004,0.0
Lassen County,2026-05-23,67.6,0.004,0.0
Lassen County,2026-05-24,68.3,0.0,0.0
Lassen County,2026-05-25,64.3,0.0,0.0
Lassen County,2026-05-26,43.9,0.28,1.157
Lassen County,2026-05-27,41.6,0.378,0.028
Lassen County,2026-05-28,49.0,0.083,0.0
Lassen County,2026-05-29,47.3,0.327,0.0
Lassen County,2026-05-30,54.1,0.004,0.0
Lassen County,2026-05-31,57.7,0.0,0.0
Lassen County,2026-06-01,63.5,0.0,0.0
Lassen County,2026-06-02,69.3,0.0,0.0
Lassen County,2026-06-03,69.9,0.0,0.0
Lassen County,2026-06-04,67.7,0.0,0.0
Lassen County,2026-06-05,73.2,0.0,0.0
Lassen County,2026-06-06,62.7,0.008,0.0
Lassen County,2026-06-07,58.4,0.0,0.0
Lassen County,2026-06-08,51.7,0.047,0.0
Lassen County,2026-06-09,59.6,0.008,0.0
Lassen County,2026-06-10,65.5,0.0,0.0
Lassen County,2026-06-11,68.8,0.0,0.0
Lassen County,2026-06-12,74.2,0.0,0.0
Lassen County,2026-06-13,74.9,0.0,0.0
Lassen County,2026-06-14,76.1,0.0,0.0
Lassen County,2026-06-15,80.0,0.0,0.0
Lassen County,2026-06-16,82.2,0.0,0.0
Lassen County,2026-06-17,81.1,0.0,0.0
Lassen County,2026-06-18,79.3,0.016,0.0
Lassen County,2026-06-19,67.7,0.11,0.0
Lassen County,2026-06-20,67.4,0.039,0.0
Lassen County,2026-06-21,71.4,0.0,0.0
Lassen County,2026-06-22,75.8,0.0,0.0
Lassen County,2026-06-23,78.5,0.0,0.0
Lassen County,2026-06-24,74.4,0.02,0.0
Lassen County,2026-06-25,73.1,0.0,0.0
Lassen County,2026-06-26,62.5,0.059,0.0
Lassen County,2026-06-27,55.2,0.079,0.0
Lassen County,2026-06-28,56.8,0.0,0.0
Lassen County,2026-06-29,60.2,0.0,0.0
Lassen County,2026-06-30,66.4,0.0,0.0
Lassen County,2026-07-01,66.8,0.0,0.0
Lassen County,2026-07-02,72.0,0.0,0.0
Lassen County,2026-07-03,76.7,0.012,0.0
Lassen County,2026-07-04,80.4,0.004,0.0
Lassen County,2026-07-05,76.6,0.059,0.0
Lassen County,2026-07-06,74.4,0.024,0.0
Lassen County,2026-07-07,77.8,0.0,0.0
Lassen County,2026-07-08,77.5,0.0,0.0
Lassen County,2026-07-09,78.1,0.0,0.0
Lassen County,2026-07-10,78.6,0.0,0.0
Lassen County,2026-07-11,81.0,0.0,0.0
Lassen County,2026-07-12,74.1,0.0,0.0
Lassen County,2026-07-13,74.2,0.004,0.0
Lassen County,2026-07-14,71.9,0.087,0.0
Lassen County,2026-07-15,77.7,0.0,0.0
Lassen County,2026-07-16,77.6,0.004,0.0
Lassen County,2026-07-17,79.5,0.0,0.0
Lassen County,2026-07-18,79.4,0.0,0.0
Lassen County,2026-07-19,82.9,0.0,0.0
Lassen County,2026-07-20,76.5,0.0,0.0
Lassen County,2026-07-21,75.9,0.209,0.0
Lassen County,2026-07-22,77.5,0.0,0.0
Lassen County,2026-07-23,81.0,0.0,0.0
Lassen County,2026-07-24,82.1,0.0,0.0
Lassen County,2026-07-25,78.8,0.0,0.0
Lassen County,2026-07-26,77.3,0.0,0.0
Lassen County,2026-07-27,79.0,0.0,0.0
Lassen County,2026-07-28,78.5,0.0,0.0
Lassen County,2026-07-29,81.3,0.0,0.0
Amador County,2023-07-30,93.1,0.0,0.0
Amador County,2023-07-31,91.7,0.0,0.0
Amador County,2023-08-01,88.6,0.0,0.0
Amador County,2023-08-02,84.2,0.0,0.0
Amador County,2023-08-03,81.1,0.0,0.0
Amador County,2023-08-04,85.5,0.0,0.0
Amador County,2023-08-05,89.0,0.0,0.0
Amador County,2023-08-06,95.6,0.0,0.0
Amador County,2023-08-07,94.1,0.0,0.0
Amador County,2023-08-08,88.0,0.0,0.0
Amador County,2023-08-09,85.8,0.0,0.0
Amador County,2023-08-10,86.0,0.0,0.0
Amador County,2023-08-11,83.8,0.0,0.0
Amador County,2023-08-12,88.7,0.0,0.0
Amador County,2023-08-13,91.8,0.0,0.0
Amador County,2023-08-14,94.1,0.016,0.0
Amador County,2023-08-15,100.5,0.0,0.0
Amador County,2023-08-16,99.6,0.0,0.0
Amador County,2023-08-17,95.5,0.004,0.0
Amador County,2023-08-18,90.1,0.0,0.0
Amador County,2023-08-19,91.5,0.0,0.0
Amador County,2023-08-20,82.0,0.008,0.0
Amador County,2023-08-21,78.4,0.425,0.0
Amador County,2023-08-22,80.2,0.008,0.0
Amador County,2023-08-23,87.0,0.0,0.0
Amador County,2023-08-24,89.5,0.0,0.0
Amador County,2023-08-25,83.8,0.0,0.0
Amador County,2023-08-26,86.3,0.0,0.0
Amador County,2023-08-27,86.5,0.0,0.0
Amador County,2023-08-28,91.0,0.0,0.0
Amador County,2023-08-29,87.4,0.0,0.0
Amador County,2023-08-30,91.5,0.0,0.0
Amador County,2023-08-31,89.3,0.0,0.0
Amador County,2023-09-01,68.5,0.331,0.0
Amador County,2023-09-02,69.1,0.799,0.0
Amador County,2023-09-03,67.7,1.118,0.0
Amador County,2023-09-04,73.2,0.0,0.0
Amador County,2023-09-05,78.3,0.0,0.0
Amador County,2023-09-06,79.0,0.0,0.0
Amador County,2023-09-07,80.5,0.0,0.0
Amador County,2023-09-08,84.0,0.0,0.0
Amador County,2023-09-09,84.7,0.0,0.0
Amador County,2023-09-10,84.6,0.0,0.0
Amador County,2023-09-11,85.1,0.0,0.0
Amador County,2023-09-12,82.1,0.0,0.0
Amador County,2023-09-13,83.1,0.0,0.0
Amador County,2023-09-14,84.1,0.0,0.0
Amador County,2023-09-15,85.2,0.0,0.0
Amador County,2023-09-16,84.4,0.0,0.0
Amador County,2023-09-17,76.1,0.0,0.0
Amador County,2023-09-18,74.8,0.0,0.0
Amador County,2023-09-19,75.3,0.0,0.0
Amador County,2023-09-20,75.1,0.0,0.0
Amador County,2023-09-21,70.1,0.118,0.0
Amador County,2023-09-22,72.2,0.0,0.0
Amador County,2023-09-23,73.0,0.0,0.0
Amador County,2023-09-24,74.7,0.0,0.0
Amador County,2023-09-25,73.8,0.0,0.0
Amador County,2023-09-26,71.7,0.0,0.0
Amador County,2023-09-27,74.0,0.0,0.0
Amador County,2023-09-28,74.6,0.0,0.0
Amador County,2023-09-29,71.3,0.205,0.0
Amador County,2023-09-30,60.4,0.157,0.0
Amador County,2023-10-01,64.0,0.008,0.0
Amador County,2023-10-02,66.0,0.0,0.0
Amador County,2023-10-03,70.3,0.0,0.0
Amador County,2023-10-04,78.5,0.0,0.0
Amador County,2023-10-05,82.0,0.0,0.0
Amador County,2023-10-06,84.6,0.0,0.0
Amador County,2023-10-07,87.2,0.0,0.0
Amador County,2023-10-08,85.3,0.0,0.0
Amador County,2023-10-09,67.2,0.0,0.0
Amador County,2023-10-10,65.6,0.087,0.0
Amador County,2023-10-11,61.7,0.059,0.0
Amador County,2023-10-12,68.0,0.0,0.0
Amador County,2023-10-13,71.9,0.0,0.0
Amador County,2023-10-14,73.7,0.0,0.0
Amador County,2023-10-15,78.3,0.0,0.0
Amador County,2023-10-16,76.2,0.0,0.0
Amador County,2023-10-17,75.9,0.0,0.0
Amador County,2023-10-18,84.0,0.0,0.0
Amador County,2023-10-19,87.1,0.0,0.0
Amador County,2023-10-20,80.9,0.0,0.0
Amador County,2023-10-21,71.0,0.0,0.0
Amador County,2023-10-22,63.8,0.335,0.0
Amador County,2023-10-23,66.7,0.043,0.0
Amador County,2023-10-24,66.1,0.0,0.0
Amador County,2023-10-25,59.5,0.047,0.0
Amador County,2023-10-26,59.6,0.008,0.0
Amador County,2023-10-27,58.7,0.0,0.0
Amador County,2023-10-28,57.7,0.0,0.0
Amador County,2023-10-29,63.1,0.0,0.0
Amador County,2023-10-30,64.9,0.0,0.0
Amador County,2023-10-31,69.1,0.0,0.0
Amador County,2023-11-01,70.1,0.0,0.0
Amador County,2023-11-02,71.6,0.0,0.0
Amador County,2023-11-03,72.6,0.0,0.0
Amador County,2023-11-04,72.6,0.0,0.0
Amador County,2023-11-05,66.5,0.154,0.0
Amador County,2023-11-06,54.8,1.075,0.0
Amador County,2023-11-07,54.0,0.039,0.0
Amador County,2023-11-08,59.5,0.0,0.0
Amador County,2023-11-09,59.5,0.0,0.0
Amador County,2023-11-10,62.1,0.008,0.0
Amador County,2023-11-11,64.0,0.0,0.0
Amador County,2023-11-12,67.3,0.0,0.0
Amador County,2023-11-13,65.1,0.0,0.0
Amador County,2023-11-14,64.7,0.0,0.0
Amador County,2023-11-15,67.0,0.15,0.0
Amador County,2023-11-16,62.2,0.409,0.0
Amador County,2023-11-17,62.6,0.024,0.0
Amador County,2023-11-18,54.0,1.228,0.0
Amador County,2023-11-19,51.6,0.283,0.0
Amador County,2023-11-20,59.3,0.0,0.0
Amador County,2023-11-21,64.5,0.0,0.0
Amador County,2023-11-22,63.7,0.0,0.0
Amador County,2023-11-23,57.9,0.0,0.0
Amador County,2023-11-24,54.0,0.0,0.0
Amador County,2023-11-25,54.4,0.0,0.0
Amador County,2023-11-26,56.3,0.0,0.0
Amador County,2023-11-27,56.0,0.0,0.0
Amador County,2023-11-28,58.9,0.0,0.0
Amador County,2023-11-29,55.0,0.012,0.0
Amador County,2023-11-30,51.5,0.098,0.0
Amador County,2023-12-01,50.2,0.055,0.0
Amador County,2023-12-02,51.5,0.039,0.0
Amador County,2023-12-03,56.5,0.004,0.0
Amador County,2023-12-04,58.3,0.0,0.0
Amador County,2023-12-05,64.4,0.0,0.0
Amador County,2023-12-06,60.2,0.358,0.0
Amador County,2023-12-07,49.3,0.157,0.0
Amador County,2023-12-08,49.4,0.0,0.0
Amador County,2023-12-09,52.8,0.0,0.0
Amador County,2023-12-10,57.3,0.0,0.0
Amador County,2023-12-11,56.8,0.0,0.0
Amador County,2023-12-12,55.9,0.0,0.0
Amador County,2023-12-13,58.4,0.0,0.0
Amador County,2023-12-14,58.5,0.0,0.0
Amador County,2023-12-15,63.8,0.0,0.0
Amador County,2023-12-16,66.1,0.0,0.0
Amador County,2023-12-17,63.6,0.031,0.0
Amador County,2023-12-18,59.2,0.441,0.0
Amador County,2023-12-19,51.8,0.772,0.0
Amador County,2023-12-20,59.6,0.382,0.0
Amador County,2023-12-21,61.6,0.008,0.0
Amador County,2023-12-22,62.7,0.0,0.0
Amador County,2023-12-23,53.2,0.0,0.0
Amador County,2023-12-24,52.0,0.0,0.0
Amador County,2023-12-25,56.0,0.0,0.0
Amador County,2023-12-26,56.8,0.0,0.0
Amador County,2023-12-27,55.4,0.772,0.0
Amador County,2023-12-28,59.1,0.0,0.0
Amador County,2023-12-29,59.1,0.016,0.0
Amador County,2023-12-30,48.9,0.839,0.0
Amador County,2023-12-31,50.2,0.0,0.0
Amador County,2024-01-01,55.9,0.0,0.0
Amador County,2024-01-02,52.7,0.252,0.055
Amador County,2024-01-03,41.4,0.665,0.248
Amador County,2024-01-04,49.8,0.0,0.0
Amador County,2024-01-05,53.6,0.0,0.0
Amador County,2024-01-06,43.8,0.539,2.811
Amador County,2024-01-07,43.2,0.0,0.0
Amador County,2024-01-08,45.1,0.0,0.0
Amador County,2024-01-09,44.1,0.118,0.0
Amador County,2024-01-10,38.4,0.969,1.185
Amador County,2024-01-11,43.0,0.016,0.0
Amador County,2024-01-12,40.8,0.0,0.0
Amador County,2024-01-13,43.3,0.882,0.0
Amador County,2024-01-14,51.4,0.398,0.0
Amador County,2024-01-15,55.0,0.0,0.0
Amador County,2024-01-16,53.8,0.528,0.0
Amador County,2024-01-17,53.3,0.15,0.0
Amador County,2024-01-18,52.6,0.0,0.0
Amador County,2024-01-19,60.9,0.083,0.0
Amador County,2024-01-20,53.0,1.071,0.0
Amador County,2024-01-21,54.1,0.142,0.0
Amador County,2024-01-22,49.4,0.913,0.0
Amador County,2024-01-23,55.9,0.0,0.0
Amador County,2024-01-24,50.3,0.484,0.0
Amador County,2024-01-25,53.7,0.209,0.0
Amador County,2024-01-26,56.5,0.0,0.0
Amador County,2024-01-27,62.3,0.0,0.0
Amador County,2024-01-28,70.6,0.02,0.0
Amador County,2024-01-29,67.8,0.0,0.0
Amador County,2024-01-30,65.9,0.0,0.0
Amador County,2024-01-31,59.3,0.268,0.0
Amador County,2024-02-01,49.1,0.701,0.0
Amador County,2024-02-02,42.0,0.661,0.772
Amador County,2024-02-03,46.9,0.228,1.213
Amador County,2024-02-04,51.4,0.764,0.0
Amador County,2024-02-05,47.7,0.657,0.248
Amador County,2024-02-06,48.8,0.154,0.0
Amador County,2024-02-07,38.7,0.575,2.15
Amador County,2024-02-08,43.0,0.063,0.028
Amador County,2024-02-09,46.4,0.0,0.0
Amador County,2024-02-10,50.0,0.0,0.0
Amador County,2024-02-11,51.5,0.0,0.0
Amador County,2024-02-12,55.5,0.0,0.0
Amador County,2024-02-13,51.6,0.0,0.0
Amador County,2024-02-14,51.7,0.398,0.0
Amador County,2024-02-15,53.5,0.48,0.0
Amador County,2024-02-16,57.7,0.0,0.0
Amador County,2024-02-17,56.4,0.287,0.0
Amador County,2024-02-18,60.0,0.291,0.0
Amador County,2024-02-19,51.4,1.528,0.0
Amador County,2024-02-20,55.0,0.89,0.055
Amador County,2024-02-21,50.5,0.217,0.0
Amador County,2024-02-22,55.0,0.0,0.0
Amador County,2024-02-23,63.9,0.0,0.0
Amador County,2024-02-24,65.2,0.0,0.0
Amador County,2024-02-25,61.2,0.0,0.0
Amador County,2024-02-26,54.9,0.209,0.0
Amador County,2024-02-27,55.4,0.012,0.0
Amador County,2024-02-28,58.6,0.0,0.0
Amador County,2024-02-29,49.0,0.547,0.0
Amador County,2024-03-01,44.3,1.835,0.0
Amador County,2024-03-02,40.6,1.031,2.535
Amador County,2024-03-03,40.7,0.685,2.094
Amador County,2024-03-04,44.6,0.035,0.028
Amador County,2024-03-05,53.4,0.0,0.0
Amador County,2024-03-06,53.6,0.039,0.0
Amador County,2024-03-07,51.4,0.059,0.0
Amador County,2024-03-08,58.7,0.0,0.0
Amador County,2024-03-09,55.1,0.0,0.0
Amador County,2024-03-10,53.7,0.0,0.0
Amador County,2024-03-11,50.9,0.063,0.0
Amador County,2024-03-12,50.2,0.524,0.0
Amador County,2024-03-13,55.9,0.0,0.0
Amador County,2024-03-14,59.8,0.0,0.0
Amador County,2024-03-15,63.9,0.0,0.0
Amador County,2024-03-16,60.9,0.0,0.0
Amador County,2024-03-17,63.1,0.0,0.0
Amador County,2024-03-18,65.8,0.0,0.0
Amador County,2024-03-19,66.2,0.0,0.0
Amador County,2024-03-20,66.8,0.0,0.0
Amador County,2024-03-21,63.4,0.0,0.0
Amador County,2024-03-22,62.4,0.516,0.0
Amador County,2024-03-23,48.0,0.98,0.331
Amador County,2024-03-24,48.1,0.433,0.386
Amador County,2024-03-25,52.0,0.043,0.0
Amador County,2024-03-26,55.3,0.016,0.0
Amador County,2024-03-27,55.6,0.343,0.0
Amador County,2024-03-28,51.0,0.598,0.0
Amador County,2024-03-29,46.7,0.378,0.055
Amador County,2024-03-30,50.8,0.327,0.661
Amador County,2024-03-31,52.6,0.043,0.0
Amador County,2024-04-01,60.0,0.0,0.0
Amador County,2024-04-02,65.2,0.0,0.0
Amador County,2024-04-03,65.1,0.5,0.992
Amador County,2024-04-04,40.7,0.563,2.673
Amador County,2024-04-05,40.4,0.445,2.811
Amador County,2024-04-06,48.4,0.0,0.0
Amador County,2024-04-07,51.7,0.0,0.0
Amador County,2024-04-08,61.3,0.0,0.0
Amador County,2024-04-09,64.1,0.0,0.0
Amador County,2024-04-10,69.5,0.0,0.0
Amador County,2024-04-11,73.9,0.0,0.0
Amador County,2024-04-12,65.6,0.059,0.0
Amador County,2024-04-13,51.2,0.89,1.654
Amador County,2024-04-14,50.0,0.051,0.0
Amador County,2024-04-15,59.4,0.0,0.0
Amador County,2024-04-16,64.9,0.0,0.0
Amador County,2024-04-17,70.7,0.0,0.0
Amador County,2024-04-18,70.5,0.0,0.0
Amador County,2024-04-19,70.6,0.0,0.0
Amador County,2024-04-20,71.8,0.0,0.0
Amador County,2024-04-21,75.2,0.0,0.0
Amador County,2024-04-22,75.6,0.0,0.0
Amador County,2024-04-23,63.1,0.0,0.0
Amador County,2024-04-24,59.5,0.0,0.0
Amador County,2024-04-25,60.6,0.087,0.0
Amador County,2024-04-26,55.7,0.205,0.0
Amador County,2024-04-27,61.7,0.0,0.0
Amador County,2024-04-28,64.6,0.0,0.0
Amador County,2024-04-29,65.0,0.0,0.0
Amador County,2024-04-30,65.7,0.0,0.0
Amador County,2024-05-01,67.6,0.0,0.0
Amador County,2024-05-02,69.0,0.0,0.0
Amador County,2024-05-03,69.4,0.0,0.0
Amador County,2024-05-04,49.5,1.343,0.331
Amador County,2024-05-05,50.1,0.193,0.882
Amador County,2024-05-06,59.5,0.0,0.0
Amador County,2024-05-07,63.1,0.0,0.0
Amador County,2024-05-08,73.5,0.0,0.0
Amador County,2024-05-09,71.9,0.0,0.0
Amador County,2024-05-10,76.3,0.0,0.0
Amador County,2024-05-11,78.9,0.0,0.0
Amador County,2024-05-12,78.2,0.0,0.0
Amador County,2024-05-13,76.5,0.0,0.0
Amador County,2024-05-14,76.9,0.0,0.0
Amador County,2024-05-15,79.5,0.0,0.0
Amador County,2024-05-16,77.8,0.0,0.0
Amador County,2024-05-17,76.5,0.0,0.0
Amador County,2024-05-18,74.8,0.0,0.0
Amador County,2024-05-19,71.4,0.0,0.0
Amador County,2024-05-20,71.5,0.0,0.0
Amador County,2024-05-21,74.8,0.0,0.0
Amador County,2024-05-22,74.2,0.0,0.0
Amador County,2024-05-23,73.0,0.0,0.0
Amador County,2024-05-24,70.2,0.0,0.0
Amador County,2024-05-25,65.6,0.0,0.0
Amador County,2024-05-26,72.4,0.0,0.0
Amador County,2024-05-27,77.5,0.0,0.0
Amador County,2024-05-28,77.5,0.0,0.0
Amador County,2024-05-29,78.4,0.0,0.0
Amador County,2024-05-30,81.1,0.0,0.0
Amador County,2024-05-31,84.4,0.0,0.0
Amador County,2024-06-01,81.1,0.0,0.0
Amador County,2024-06-02,78.4,0.0,0.0
Amador County,2024-06-03,75.3,0.0,0.0
Amador County,2024-06-04,91.3,0.0,0.0
Amador County,2024-06-05,92.8,0.0,0.0
Amador County,2024-06-06,92.5,0.0,0.0
Amador County,2024-06-07,90.9,0.0,0.0
Amador County,2024-06-08,82.9,0.0,0.0
Amador County,2024-06-09,80.0,0.0,0.0
Amador County,2024-06-10,85.2,0.0,0.0
Amador County,2024-06-11,92.6,0.0,0.0
Amador County,2024-06-12,92.5,0.0,0.0
Amador County,2024-06-13,85.9,0.0,0.0
Amador County,2024-06-14,85.6,0.0,0.0
Amador County,2024-06-15,81.3,0.0,0.0
Amador County,2024-06-16,81.4,0.0,0.0
Amador County,2024-06-17,76.0,0.0,0.0
Amador County,2024-06-18,79.8,0.0,0.0
Amador County,2024-06-19,80.9,0.0,0.0
Amador County,2024-06-20,82.7,0.0,0.0
Amador County,2024-06-21,87.4,0.0,0.0
Amador County,2024-06-22,95.6,0.0,0.0
Amador County,2024-06-23,95.3,0.0,0.0
Amador County,2024-06-24,93.7,0.0,0.0
Amador County,2024-06-25,92.0,0.0,0.0
Amador County,2024-06-26,87.0,0.0,0.0
Amador County,2024-06-27,84.9,0.0,0.0
Amador County,2024-06-28,88.7,0.0,0.0
Amador County,2024-06-29,89.1,0.0,0.0
Amador County,2024-06-30,89.5,0.0,0.0
Amador County,2024-07-01,93.4,0.0,0.0
Amador County,2024-07-02,99.3,0.0,0.0
Amador County,2024-07-03,101.4,0.0,0.0
Amador County,2024-07-04,101.2,0.0,0.0
Amador County,2024-07-05,102.2,0.0,0.0
Amador County,2024-07-06,106.4,0.0,0.0
Amador County,2024-07-07,104.1,0.0,0.0
Amador County,2024-07-08,101.3,0.0,0.0
Amador County,2024-07-09,98.9,0.0,0.0
Amador County,2024-07-10,101.8,0.0,0.0
Amador County,2024-07-11,105.4,0.0,0.0
Amador County,2024-07-12,106.0,0.0,0.0
Amador County,2024-07-13,100.7,0.0,0.0
Amador County,2024-07-14,95.5,0.0,0.0
Amador County,2024-07-15,91.5,0.0,0.0
Amador County,2024-07-16,89.5,0.0,0.0
Amador County,2024-07-17,90.3,0.0,0.0
Amador County,2024-07-18,94.8,0.0,0.0
Amador County,2024-07-19,98.2,0.0,0.0
Amador County,2024-07-20,99.3,0.0,0.0
Amador County,2024-07-21,94.8,0.0,0.0
Amador County,2024-07-22,99.9,0.0,0.0
Amador County,2024-07-23,100.9,0.0,0.0
Amador County,2024-07-24,100.0,0.0,0.0
Amador County,2024-07-25,95.8,0.0,0.0
Amador County,2024-07-26,95.3,0.0,0.0
Amador County,2024-07-27,80.7,0.0,0.0
Amador County,2024-07-28,83.8,0.0,0.0
Amador County,2024-07-29,85.7,0.0,0.0
Amador County,2024-07-30,86.6,0.0,0.0
Amador County,2024-07-31,90.7,0.0,0.0
Amador County,2024-08-01,94.7,0.0,0.0
Amador County,2024-08-02,94.7,0.0,0.0
Amador County,2024-08-03,94.7,0.0,0.0
Amador County,2024-08-04,94.3,0.0,0.0
Amador County,2024-08-05,95.2,0.0,0.0
Amador County,2024-08-06,99.0,0.0,0.0
Amador County,2024-08-07,99.5,0.0,0.0
Amador County,2024-08-08,96.2,0.0,0.0
Amador County,2024-08-09,95.6,0.0,0.0
Amador County,2024-08-10,94.8,0.0,0.0
Amador County,2024-08-11,91.7,0.0,0.0
Amador County,2024-08-12,87.1,0.008,0.0
Amador County,2024-08-13,86.1,0.0,0.0
Amador County,2024-08-14,86.4,0.0,0.0
Amador County,2024-08-15,86.3,0.0,0.0
Amador County,2024-08-16,88.0,0.0,0.0
Amador County,2024-08-17,79.3,0.0,0.0
Amador County,2024-08-18,80.7,0.0,0.0
Amador County,2024-08-19,84.0,0.0,0.0
Amador County,2024-08-20,86.3,0.0,0.0
Amador County,2024-08-21,84.5,0.0,0.0
Amador County,2024-08-22,77.3,0.0,0.0
Amador County,2024-08-23,69.4,0.102,0.0
Amador County,2024-08-24,67.6,0.201,0.0
Amador County,2024-08-25,77.3,0.0,0.0
Amador County,2024-08-26,84.8,0.0,0.0
Amador County,2024-08-27,89.7,0.0,0.0
Amador County,2024-08-28,92.2,0.0,0.0
Amador County,2024-08-29,90.2,0.0,0.0
Amador County,2024-08-30,91.6,0.0,0.0
Amador County,2024-08-31,92.8,0.0,0.0
Amador County,2024-09-01,90.8,0.0,0.0
Amador County,2024-09-02,86.1,0.0,0.0
Amador County,2024-09-03,93.0,0.0,0.0
Amador County,2024-09-04,95.4,0.0,0.0
Amador County,2024-09-05,96.5,0.0,0.0
Amador County,2024-09-06,96.8,0.0,0.0
Amador County,2024-09-07,91.3,0.0,0.0
Amador County,2024-09-08,92.8,0.0,0.0
Amador County,2024-09-09,93.5,0.0,0.0
Amador County,2024-09-10,85.3,0.0,0.0
Amador County,2024-09-11,76.8,0.0,0.0
Amador County,2024-09-12,79.2,0.0,0.0
Amador County,2024-09-13,82.9,0.0,0.0
Amador County,2024-09-14,83.7,0.0,0.0
Amador County,2024-09-15,72.2,0.0,0.0
Amador County,2024-09-16,66.0,0.0,0.0
Amador County,2024-09-17,70.2,0.0,0.0
Amador County,2024-09-18,67.8,0.0,0.0
Amador County,2024-09-19,77.3,0.012,0.0
Amador County,2024-09-20,79.3,0.0,0.0
Amador County,2024-09-21,81.7,0.0,0.0
Amador County,2024-09-22,85.7,0.0,0.0
Amador County,2024-09-23,90.0,0.0,0.0
Amador County,2024-09-24,92.8,0.0,0.0
Amador County,2024-09-25,80.8,0.0,0.0
Amador County,2024-09-26,85.5,0.0,0.0
Amador County,2024-09-27,88.4,0.0,0.0
Amador County,2024-09-28,88.9,0.0,0.0
Amador County,2024-09-29,85.5,0.0,0.0
Amador County,2024-09-30,89.2,0.0,0.0
Amador County,2024-10-01,98.5,0.0,0.0
Amador County,2024-10-02,98.2,0.0,0.0
Amador County,2024-10-03,95.3,0.0,0.0
Amador County,2024-10-04,92.1,0.0,0.0
Amador County,2024-10-05,94.9,0.0,0.0
Amador County,2024-10-06,94.1,0.0,0.0
Amador County,2024-10-07,93.7,0.0,0.0
Amador County,2024-10-08,92.2,0.0,0.0
Amador County,2024-10-09,85.0,0.0,0.0
Amador County,2024-10-10,83.0,0.0,0.0
Amador County,2024-10-11,80.9,0.0,0.0
Amador County,2024-10-12,73.4,0.0,0.0
Amador County,2024-10-13,75.3,0.0,0.0
Amador County,2024-10-14,74.5,0.0,0.0
Amador County,2024-10-15,77.7,0.0,0.0
Amador County,2024-10-16,63.2,0.476,0.0
Amador County,2024-10-17,63.0,0.059,0.0
Amador County,2024-10-18,71.2,0.0,0.0
Amador County,2024-10-19,71.6,0.0,0.0
Amador County,2024-10-20,74.0,0.0,0.0
Amador County,2024-10-21,73.9,0.0,0.0
Amador County,2024-10-22,73.5,0.0,0.0
Amador County,2024-10-23,76.0,0.0,0.0
Amador County,2024-10-24,73.0,0.0,0.0
Amador County,2024-10-25,76.0,0.0,0.0
Amador County,2024-10-26,76.9,0.0,0.0
Amador County,2024-10-27,67.6,0.142,0.0
Amador County,2024-10-28,56.7,0.051,0.0
Amador County,2024-10-29,58.9,0.0,0.0
Amador County,2024-10-30,58.4,0.0,0.0
Amador County,2024-10-31,57.9,0.059,0.0
Amador County,2024-11-01,58.6,0.087,0.0
Amador County,2024-11-02,55.4,0.181,0.0
Amador County,2024-11-03,63.0,0.0,0.0
Amador County,2024-11-04,61.3,0.0,0.0
Amador County,2024-11-05,62.1,0.0,0.0
Amador County,2024-11-06,62.8,0.0,0.0
Amador County,2024-11-07,62.2,0.0,0.0
Amador County,2024-11-08,62.7,0.0,0.0
Amador County,2024-11-09,63.6,0.0,0.0
Amador County,2024-11-10,65.8,0.0,0.0
Amador County,2024-11-11,50.8,0.815,0.0
Amador County,2024-11-12,54.5,0.0,0.0
Amador County,2024-11-13,57.1,0.161,0.0
Amador County,2024-11-14,53.3,0.075,0.0
Amador County,2024-11-15,44.2,0.193,0.772
Amador County,2024-11-16,49.7,0.0,0.0
Amador County,2024-11-17,52.9,0.031,0.0
Amador County,2024-11-18,49.2,0.13,0.0
Amador County,2024-11-19,49.8,0.0,0.0
Amador County,2024-11-20,56.1,0.087,0.0
Amador County,2024-11-21,57.7,0.654,0.0
Amador County,2024-11-22,59.0,0.673,0.0
Amador County,2024-11-23,49.3,1.587,0.0
Amador County,2024-11-24,52.2,0.004,0.0
Amador County,2024-11-25,49.6,0.248,0.0
Amador County,2024-11-26,48.6,0.256,0.0
Amador County,2024-11-27,56.6,0.0,0.0
Amador County,2024-11-28,57.0,0.0,0.0
Amador County,2024-11-29,60.7,0.0,0.0
Amador County,2024-11-30,63.8,0.0,0.0
Amador County,2024-12-01,65.2,0.0,0.0
Amador County,2024-12-02,63.6,0.0,0.0
Amador County,2024-12-03,63.1,0.0,0.0
Amador County,2024-12-04,64.2,0.0,0.0
Amador County,2024-12-05,62.5,0.0,0.0
Amador County,2024-12-06,61.6,0.0,0.0
Amador County,2024-12-07,63.1,0.0,0.0
Amador County,2024-12-08,61.6,0.0,0.0
Amador County,2024-12-09,57.8,0.0,0.0
Amador County,2024-12-10,59.7,0.0,0.0
Amador County,2024-12-11,61.6,0.0,0.0
Amador County,2024-12-12,49.8,0.886,0.992
Amador County,2024-12-13,51.8,0.268,0.0
Amador County,2024-12-14,52.4,0.823,0.248
Amador County,2024-12-15,53.3,0.0,0.0
Amador County,2024-12-16,48.6,0.5,0.524
Amador County,2024-12-17,60.4,0.0,0.0
Amador County,2024-12-18,66.0,0.0,0.0
Amador County,2024-12-19,68.9,0.0,0.0
Amador County,2024-12-20,67.8,0.0,0.0
Amador County,2024-12-21,57.0,0.827,0.0
Amador County,2024-12-22,61.9,0.484,0.0
Amador County,2024-12-23,62.3,0.02,0.0
Amador County,2024-12-24,54.2,0.996,0.0
Amador County,2024-12-25,50.7,0.0,0.0
Amador County,2024-12-26,47.4,0.567,0.0
Amador County,2024-12-27,50.9,0.5,0.0
Amador County,2024-12-28,52.9,0.047,0.0
Amador County,2024-12-29,48.9,0.878,0.0
Amador County,2024-12-30,52.1,0.0,0.0
Amador County,2024-12-31,55.3,0.0,0.0
Amador County,2025-01-01,55.2,0.0,0.0
Amador County,2025-01-02,63.1,0.0,0.0
Amador County,2025-01-03,54.2,0.787,0.0
Amador County,2025-01-04,49.4,0.0,0.0
Amador County,2025-01-05,55.0,0.0,0.0
Amador County,2025-01-06,56.1,0.0,0.0
Amador County,2025-01-07,57.0,0.0,0.0
Amador County,2025-01-08,57.9,0.0,0.0
Amador County,2025-01-09,63.7,0.0,0.0
Amador County,2025-01-10,60.0,0.0,0.0
Amador County,2025-01-11,59.8,0.0,0.0
Amador County,2025-01-12,51.6,0.0,0.0
Amador County,2025-01-13,55.5,0.0,0.0
Amador County,2025-01-14,52.0,0.0,0.0
Amador County,2025-01-15,59.0,0.0,0.0
Amador County,2025-01-16,59.4,0.0,0.0
Amador County,2025-01-17,54.4,0.0,0.0
Amador County,2025-01-18,54.1,0.0,0.0
Amador County,2025-01-19,53.9,0.0,0.0
Amador County,2025-01-20,57.7,0.0,0.0
Amador County,2025-01-21,55.0,0.0,0.0
Amador County,2025-01-22,59.1,0.0,0.0
Amador County,2025-01-23,65.3,0.0,0.0
Amador County,2025-01-24,60.9,0.0,0.0
Amador County,2025-01-25,50.2,0.181,0.358
Amador County,2025-01-26,48.8,0.0,0.0
Amador County,2025-01-27,50.7,0.0,0.0
Amador County,2025-01-28,49.2,0.0,0.0
Amador County,2025-01-29,50.0,0.0,0.0
Amador County,2025-01-30,52.1,0.0,0.0
Amador County,2025-01-31,45.0,0.697,0.0
Amador County,2025-02-01,50.1,1.862,0.0
Amador County,2025-02-02,52.6,0.209,0.0
Amador County,2025-02-03,53.9,0.256,0.0
Amador County,2025-02-04,50.4,1.866,0.0
Amador County,2025-02-05,49.6,0.055,0.0
Amador County,2025-02-06,48.3,1.516,0.0
Amador County,2025-02-07,46.6,0.583,0.0
Amador County,2025-02-08,49.6,0.0,0.0
Amador County,2025-02-09,49.6,0.0,0.0
Amador County,2025-02-10,49.5,0.0,0.0
Amador County,2025-02-11,46.4,0.0,0.0
Amador County,2025-02-12,48.1,0.043,0.0
Amador County,2025-02-13,47.2,2.976,0.0
Amador County,2025-02-14,44.2,1.0,0.0
Amador County,2025-02-15,53.8,0.0,0.0
Amador County,2025-02-16,56.3,0.224,0.0
Amador County,2025-02-17,51.9,0.0,0.0
Amador County,2025-02-18,56.8,0.0,0.0
Amador County,2025-02-19,54.1,0.224,0.0
Amador County,2025-02-20,61.6,0.0,0.0
Amador County,2025-02-21,62.0,0.0,0.0
Amador County,2025-02-22,65.6,0.0,0.0
Amador County,2025-02-23,63.6,0.0,0.0
Amador County,2025-02-24,63.8,0.0,0.0
Amador County,2025-02-25,63.9,0.0,0.0
Amador County,2025-02-26,65.8,0.0,0.0
Amador County,2025-02-27,73.9,0.0,0.0
Amador County,2025-02-28,70.6,0.0,0.0
Amador County,2025-03-01,65.6,0.0,0.0
Amador County,2025-03-02,44.7,0.622,0.138
Amador County,2025-03-03,46.6,0.024,0.0
Amador County,2025-03-04,52.1,0.0,0.0
Amador County,2025-03-05,43.9,0.941,0.0
Amador County,2025-03-06,44.2,0.122,0.11
Amador County,2025-03-07,57.6,0.0,0.0
Amador County,2025-03-08,57.1,0.0,0.0
Amador County,2025-03-09,62.4,0.0,0.0
Amador County,2025-03-10,63.7,0.0,0.0
Amador County,2025-03-11,57.2,0.0,0.0
Amador County,2025-03-12,48.7,1.185,0.827
Amador County,2025-03-13,38.8,0.874,4.244
Amador County,2025-03-14,38.0,0.583,2.921
Amador County,2025-03-15,47.8,0.051,0.055
Amador County,2025-03-16,57.8,0.126,0.0
Amador County,2025-03-17,44.3,1.205,0.165
Amador County,2025-03-18,51.2,0.0,0.0
Amador County,2025-03-19,54.5,0.008,0.0
Amador County,2025-03-20,55.6,0.016,0.0
Amador County,2025-03-21,55.0,0.0,0.0
Amador County,2025-03-22,57.6,0.008,0.0
Amador County,2025-03-23,65.8,0.0,0.0
Amador County,2025-03-24,73.2,0.0,0.0
Amador County,2025-03-25,78.7,0.0,0.0
Amador County,2025-03-26,67.6,0.0,0.0
Amador County,2025-03-27,55.0,0.646,0.0
Amador County,2025-03-28,51.9,0.315,0.0
Amador County,2025-03-29,55.7,0.0,0.0
Amador County,2025-03-30,55.7,0.539,0.11
Amador County,2025-03-31,46.0,1.516,0.331
Amador County,2025-04-01,39.5,0.76,1.461
Amador County,2025-04-02,50.1,0.008,0.0
Amador County,2025-04-03,53.4,0.047,0.0
Amador County,2025-04-04,59.8,0.0,0.0
Amador County,2025-04-05,63.5,0.0,0.0
Amador County,2025-04-06,68.0,0.0,0.0
Amador County,2025-04-07,56.4,0.024,0.0
Amador County,2025-04-08,65.3,0.0,0.0
Amador County,2025-04-09,72.8,0.0,0.0
Amador County,2025-04-10,71.8,0.0,0.0
Amador County,2025-04-11,72.9,0.0,0.0
Amador County,2025-04-12,65.0,0.0,0.0
Amador County,2025-04-13,68.7,0.0,0.0
Amador County,2025-04-14,75.7,0.0,0.0
Amador County,2025-04-15,68.3,0.0,0.0
Amador County,2025-04-16,60.3,0.0,0.0
Amador County,2025-04-17,57.7,0.0,0.0
Amador County,2025-04-18,66.7,0.0,0.0
Amador County,2025-04-19,64.8,0.0,0.0
Amador County,2025-04-20,68.5,0.0,0.0
Amador County,2025-04-21,71.9,0.0,0.0
Amador County,2025-04-22,71.2,0.0,0.0
Amador County,2025-04-23,63.1,0.0,0.0
Amador County,2025-04-24,62.0,0.0,0.0
Amador County,2025-04-25,51.8,0.004,0.0
Amador County,2025-04-26,49.9,0.386,0.0
Amador County,2025-04-27,51.0,0.122,0.0
Amador County,2025-04-28,62.2,0.0,0.0
Amador County,2025-04-29,69.0,0.0,0.0
Amador County,2025-04-30,71.2,0.016,0.0
Amador County,2025-05-01,73.6,0.0,0.0
Amador County,2025-05-02,72.5,0.0,0.0
Amador County,2025-05-03,61.3,0.004,0.0
Amador County,2025-05-04,64.8,0.193,0.0
Amador County,2025-05-05,79.6,0.0,0.0
Amador County,2025-05-06,74.0,0.0,0.0
Amador County,2025-05-07,72.1,0.0,0.0
Amador County,2025-05-08,77.5,0.0,0.0
Amador County,2025-05-09,83.1,0.0,0.0
Amador County,2025-05-10,83.5,0.0,0.0
Amador County,2025-05-11,69.7,0.0,0.0
Amador County,2025-05-12,54.5,0.386,0.0
Amador County,2025-05-13,57.7,0.197,0.0
Amador County,2025-05-14,66.7,0.0,0.0
Amador County,2025-05-15,71.3,0.0,0.0
Amador County,2025-05-16,74.7,0.0,0.0
Amador County,2025-05-17,63.5,0.047,0.0
Amador County,2025-05-18,71.2,0.0,0.0
Amador County,2025-05-19,77.5,0.0,0.0
Amador County,2025-05-20,78.4,0.0,0.0
Amador County,2025-05-21,80.4,0.0,0.0
Amador County,2025-05-22,74.7,0.0,0.0
Amador County,2025-05-23,71.0,0.0,0.0
Amador County,2025-05-24,73.9,0.0,0.0
Amador County,2025-05-25,73.9,0.0,0.0
Amador County,2025-05-26,71.6,0.0,0.0
Amador County,2025-05-27,79.3,0.0,0.0
Amador County,2025-05-28,79.1,0.0,0.0
Amador County,2025-05-29,81.3,0.0,0.0
Amador County,2025-05-30,91.1,0.0,0.0
Amador County,2025-05-31,93.2,0.0,0.0
Amador County,2025-06-01,85.8,0.0,0.0
Amador County,2025-06-02,81.6,0.0,0.0
Amador County,2025-06-03,80.6,0.0,0.0
Amador County,2025-06-04,83.5,0.0,0.0
Amador County,2025-06-05,80.0,0.0,0.0
Amador County,2025-06-06,82.9,0.0,0.0
Amador County,2025-06-07,86.4,0.0,0.0
Amador County,2025-06-08,86.0,0.0,0.0
Amador County,2025-06-09,87.9,0.0,0.0
Amador County,2025-06-10,86.2,0.0,0.0
Amador County,2025-06-11,81.9,0.0,0.0
Amador County,2025-06-12,81.8,0.0,0.0
Amador County,2025-06-13,79.7,0.0,0.0
Amador County,2025-06-14,80.1,0.0,0.0
Amador County,2025-06-15,84.4,0.0,0.0
Amador County,2025-06-16,82.9,0.0,0.0
Amador County,2025-06-17,85.8,0.0,0.0
Amador County,2025-06-18,91.2,0.0,0.0
Amador County,2025-06-19,86.0,0.0,0.0
Amador County,2025-06-20,72.0,0.0,0.0
Amador County,2025-06-21,70.6,0.0,0.0
Amador County,2025-06-22,74.4,0.0,0.0
Amador County,2025-06-23,81.5,0.0,0.0
Amador County,2025-06-24,81.4,0.0,0.0
Amador County,2025-06-25,85.4,0.0,0.0
Amador County,2025-06-26,84.7,0.0,0.0
Amador County,2025-06-27,89.2,0.0,0.0
Amador County,2025-06-28,90.5,0.0,0.0
Amador County,2025-06-29,89.3,0.0,0.0
Amador County,2025-06-30,89.4,0.0,0.0
Amador County,2025-07-01,90.1,0.0,0.0
Amador County,2025-07-02,90.0,0.0,0.0
Amador County,2025-07-03,85.4,0.0,0.0
Amador County,2025-07-04,79.6,0.0,0.0
Amador County,2025-07-05,82.1,0.0,0.0
Amador County,2025-07-06,87.0,0.0,0.0
Amador County,2025-07-07,87.4,0.0,0.0
Amador County,2025-07-08,84.2,0.0,0.0
Amador County,2025-07-09,85.8,0.0,0.0
Amador County,2025-07-10,91.0,0.0,0.0
Amador County,2025-07-11,93.7,0.0,0.0
Amador County,2025-07-12,93.0,0.0,0.0
Amador County,2025-07-13,93.1,0.0,0.0
Amador County,2025-07-14,93.7,0.0,0.0
Amador County,2025-07-15,89.2,0.0,0.0
Amador County,2025-07-16,84.8,0.0,0.0
Amador County,2025-07-17,85.8,0.0,0.0
Amador County,2025-07-18,88.0,0.0,0.0
Amador County,2025-07-19,88.3,0.0,0.0
Amador County,2025-07-20,88.1,0.0,0.0
Amador County,2025-07-21,79.6,0.0,0.0
Amador County,2025-07-22,74.7,0.0,0.0
Amador County,2025-07-23,78.9,0.0,0.0
Amador County,2025-07-24,79.8,0.0,0.0
Amador County,2025-07-25,79.7,0.0,0.0
Amador County,2025-07-26,78.5,0.0,0.0
Amador County,2025-07-27,81.1,0.0,0.0
Amador County,2025-07-28,84.5,0.0,0.0
Amador County,2025-07-29,86.3,0.0,0.0
Amador County,2025-07-30,85.0,0.0,0.0
Amador County,2025-07-31,86.8,0.0,0.0
Amador County,2025-08-01,87.5,0.0,0.0
Amador County,2025-08-02,87.5,0.0,0.0
Amador County,2025-08-03,86.4,0.0,0.0
Amador County,2025-08-04,81.1,0.0,0.0
Amador County,2025-08-05,82.9,0.0,0.0
Amador County,2025-08-06,88.3,0.0,0.0
Amador County,2025-08-07,89.7,0.0,0.0
Amador County,2025-08-08,92.8,0.0,0.0
Amador County,2025-08-09,94.3,0.0,0.0
Amador County,2025-08-10,94.7,0.0,0.0
Amador County,2025-08-11,94.6,0.0,0.0
Amador County,2025-08-12,91.9,0.0,0.0
Amador County,2025-08-13,88.2,0.0,0.0
Amador County,2025-08-14,86.2,0.0,0.0
Amador County,2025-08-15,87.3,0.0,0.0
Amador County,2025-08-16,79.6,0.0,0.0
Amador County,2025-08-17,79.0,0.0,0.0
Amador County,2025-08-18,80.7,0.0,0.0
Amador County,2025-08-19,84.9,0.0,0.0
Amador County,2025-08-20,89.8,0.0,0.0
Amador County,2025-08-21,93.9,0.0,0.0
Amador County,2025-08-22,96.3,0.0,0.0
Amador County,2025-08-23,95.6,0.0,0.0
Amador County,2025-08-24,95.9,0.004,0.0
Amador County,2025-08-25,93.8,0.0,0.0
Amador County,2025-08-26,90.5,0.031,0.0
Amador County,2025-08-27,87.4,0.004,0.0
Amador County,2025-08-28,88.8,0.0,0.0
Amador County,2025-08-29,88.3,0.0,0.0
Amador County,2025-08-30,91.7,0.0,0.0
Amador County,2025-08-31,93.5,0.0,0.0
Amador County,2025-09-01,97.0,0.0,0.0
Amador County,2025-09-02,98.9,0.012,0.0
Amador County,2025-09-03,90.0,0.0,0.0
Amador County,2025-09-04,87.9,0.0,0.0
Amador County,2025-09-05,84.2,0.0,0.0
Amador County,2025-09-06,81.0,0.0,0.0
Amador County,2025-09-07,79.6,0.0,0.0
Amador County,2025-09-08,76.8,0.0,0.0
Amador County,2025-09-09,71.5,0.031,0.0
Amador County,2025-09-10,70.1,0.236,0.0
Amador County,2025-09-11,72.3,0.043,0.0
Amador County,2025-09-12,75.7,0.0,0.0
Amador County,2025-09-13,79.0,0.0,0.0
Amador County,2025-09-14,79.6,0.0,0.0
Amador County,2025-09-15,84.5,0.0,0.0
Amador County,2025-09-16,88.3,0.0,0.0
Amador County,2025-09-17,89.9,0.0,0.0
Amador County,2025-09-18,83.3,0.0,0.0
Amador County,2025-09-19,75.4,0.201,0.0
Amador County,2025-09-20,79.9,0.0,0.0
Amador County,2025-09-21,82.2,0.0,0.0
Amador County,2025-09-22,85.1,0.0,0.0
Amador County,2025-09-23,91.2,0.0,0.0
Amador County,2025-09-24,80.1,0.0,0.0
Amador County,2025-09-25,77.2,0.012,0.0
Amador County,2025-09-26,82.6,0.0,0.0
Amador County,2025-09-27,81.0,0.0,0.0
Amador County,2025-09-28,75.2,0.0,0.0
Amador County,2025-09-29,68.7,0.13,0.0
Amador County,2025-09-30,68.0,0.055,0.0
Amador County,2025-10-01,69.8,0.024,0.0
Amador County,2025-10-02,60.5,1.161,0.0
Amador County,2025-10-03,60.0,0.24,0.0
Amador County,2025-10-04,66.3,0.0,0.0
Amador County,2025-10-05,71.5,0.0,0.0
Amador County,2025-10-06,78.0,0.0,0.0
Amador County,2025-10-07,81.7,0.0,0.0
Amador County,2025-10-08,75.1,0.0,0.0
Amador County,2025-10-09,68.0,0.0,0.0
Amador County,2025-10-10,66.1,0.0,0.0
Amador County,2025-10-11,61.8,0.0,0.0
Amador County,2025-10-12,65.2,0.0,0.0
Amador County,2025-10-13,55.8,0.02,0.0
Amador County,2025-10-14,48.5,0.854,0.0
Amador County,2025-10-15,55.0,0.012,0.0
Amador County,2025-10-16,60.4,0.0,0.0
Amador County,2025-10-17,66.2,0.0,0.0
Amador County,2025-10-18,73.3,0.0,0.0
Amador County,2025-10-19,72.9,0.0,0.0
Amador County,2025-10-20,74.6,0.0,0.0
Amador County,2025-10-21,77.5,0.0,0.0
Amador County,2025-10-22,60.6,0.004,0.0
Amador County,2025-10-23,66.7,0.0,0.0
Amador County,2025-10-24,68.2,0.0,0.0
Amador County,2025-10-25,54.7,0.591,0.0
Amador County,2025-10-26,57.6,0.079,0.0
Amador County,2025-10-27,60.6,0.0,0.0
Amador County,2025-10-28,70.5,0.0,0.0
Amador County,2025-10-29,78.3,0.0,0.0
Amador County,2025-10-30,74.0,0.0,0.0
Amador County,2025-10-31,74.3,0.0,0.0
Amador County,2025-11-01,73.1,0.0,0.0
Amador County,2025-11-02,75.3,0.0,0.0
Amador County,2025-11-03,70.5,0.0,0.0
Amador County,2025-11-04,68.2,0.0,0.0
Amador County,2025-11-05,60.0,1.476,0.0
Amador County,2025-11-06,61.4,0.008,0.0
Amador County,2025-11-07,65.1,0.0,0.0
Amador County,2025-11-08,70.4,0.0,0.0
Amador County,2025-11-09,78.4,0.0,0.0
Amador County,2025-11-10,76.6,0.0,0.0
Amador County,2025-11-11,75.0,0.0,0.0
Amador County,2025-11-12,64.5,0.0,0.0
Amador County,2025-11-13,60.3,2.106,0.0
Amador County,2025-11-14,56.2,0.787,0.0
Amador County,2025-11-15,65.6,0.165,0.0
Amador County,2025-11-16,50.4,1.665,0.0
Amador County,2025-11-17,50.6,0.937,0.0
Amador County,2025-11-18,53.2,0.004,0.0
Amador County,2025-11-19,50.2,0.063,0.0
Amador County,2025-11-20,46.2,0.232,0.0
Amador County,2025-11-21,56.1,0.008,0.0
Amador County,2025-11-22,58.4,0.0,0.0
Amador County,2025-11-23,57.3,0.0,0.0
Amador County,2025-11-24,58.6,0.0,0.0
Amador County,2025-11-25,57.9,0.0,0.0
Amador County,2025-11-26,61.8,0.0,0.0
Amador County,2025-11-27,64.4,0.0,0.0
Amador County,2025-11-28,61.7,0.0,0.0
Amador County,2025-11-29,58.2,0.0,0.0
Amador County,2025-11-30,54.1,0.0,0.0
Amador County,2025-12-01,57.0,0.0,0.0
Amador County,2025-12-02,59.1,0.0,0.0
Amador County,2025-12-03,57.5,0.0,0.0
Amador County,2025-12-04,54.1,0.0,0.0
Amador County,2025-12-05,53.4,0.0,0.0
Amador County,2025-12-06,57.4,0.0,0.0
Amador County,2025-12-07,60.3,0.0,0.0
Amador County,2025-12-08,60.1,0.0,0.0
Amador County,2025-12-09,63.4,0.0,0.0
Amador County,2025-12-10,64.0,0.0,0.0
Amador County,2025-12-11,67.9,0.0,0.0
Amador County,2025-12-12,68.5,0.0,0.0
Amador County,2025-12-13,68.7,0.0,0.0
Amador County,2025-12-14,68.1,0.0,0.0
Amador County,2025-12-15,63.4,0.0,0.0
Amador County,2025-12-16,65.3,0.012,0.0
Amador County,2025-12-17,58.0,0.496,0.0
Amador County,2025-12-18,57.9,0.0,0.0
Amador County,2025-12-19,52.3,0.787,0.0
Amador County,2025-12-20,58.2,0.323,0.0
Amador County,2025-12-21,55.1,0.559,0.0
Amador County,2025-12-22,56.3,0.921,0.0
Amador County,2025-12-23,58.5,0.504,0.0
Amador County,2025-12-24,53.4,1.681,0.0
Amador County,2025-12-25,49.1,1.516,0.0
Amador County,2025-12-26,46.2,0.929,0.0
Amador County,2025-12-27,49.3,0.059,0.0
Amador County,2025-12-28,49.5,0.0,0.0
Amador County,2025-12-29,55.2,0.0,0.0
Amador County,2025-12-30,59.2,0.0,0.0
Amador County,2025-12-31,57.3,0.311,0.0
Amador County,2026-01-01,53.1,0.969,0.0
Amador County,2026-01-02,56.3,0.323,0.0
Amador County,2026-01-03,51.2,1.913,0.0
Amador County,2026-01-04,46.3,1.693,0.0
Amador County,2026-01-05,52.5,0.161,0.0
Amador County,2026-01-06,55.3,0.0,0.0
Amador County,2026-01-07,47.9,0.232,0.0
Amador County,2026-01-08,48.6,0.157,0.138
Amador County,2026-01-09,49.4,0.0,0.0
Amador County,2026-01-10,56.9,0.0,0.0
Amador County,2026-01-11,58.0,0.0,0.0
Amador County,2026-01-12,62.5,0.0,0.0
Amador County,2026-01-13,63.2,0.0,0.0
Amador County,2026-01-14,65.7,0.0,0.0
Amador County,2026-01-15,71.0,0.0,0.0
Amador County,2026-01-16,66.7,0.0,0.0
Amador County,2026-01-17,69.4,0.0,0.0
Amador County,2026-01-18,69.0,0.0,0.0
Amador County,2026-01-19,61.4,0.0,0.0
Amador County,2026-01-20,65.8,0.0,0.0
Amador County,2026-01-21,63.2,0.0,0.0
Amador County,2026-01-22,58.2,0.004,0.0
Amador County,2026-01-23,57.0,0.0,0.0
Amador County,2026-01-24,58.5,0.0,0.0
Amador County,2026-01-25,55.1,0.0,0.0
Amador County,2026-01-26,59.2,0.0,0.0
Amador County,2026-01-27,59.1,0.004,0.0
Amador County,2026-01-28,58.8,0.091,0.0
Amador County,2026-01-29,64.0,0.0,0.0
Amador County,2026-01-30,64.9,0.0,0.0
Amador County,2026-01-31,69.4,0.0,0.0
Amador County,2026-02-01,67.6,0.0,0.0
Amador County,2026-02-02,65.3,0.0,0.0
Amador County,2026-02-03,68.2,0.0,0.0
Amador County,2026-02-04,68.0,0.0,0.0
Amador County,2026-02-05,73.8,0.0,0.0
Amador County,2026-02-06,64.8,0.0,0.0
Amador County,2026-02-07,65.4,0.0,0.0
Amador County,2026-02-08,62.4,0.0,0.0
Amador County,2026-02-09,63.5,0.012,0.0
Amador County,2026-02-10,59.9,0.673,0.0
Amador County,2026-02-11,51.7,0.181,0.0
Amador County,2026-02-12,56.0,0.067,0.0
Amador County,2026-02-13,56.7,0.0,0.0
Amador County,2026-02-14,57.7,0.008,0.0
Amador County,2026-02-15,57.5,0.177,0.055
Amador County,2026-02-16,44.1,2.264,0.441
Amador County,2026-02-17,35.7,1.846,9.067
Amador County,2026-02-18,35.8,0.465,3.197
Amador County,2026-02-19,36.1,0.87,5.65
Amador County,2026-02-20,43.8,0.059,0.413
Amador County,2026-02-21,50.7,0.0,0.0
Amador County,2026-02-22,59.1,0.0,0.0
Amador County,2026-02-23,65.4,0.0,0.0
Amador County,2026-02-24,59.0,0.374,0.0
Amador County,2026-02-25,62.2,0.287,0.0
Amador County,2026-02-26,69.0,0.0,0.0
Amador County,2026-02-27,72.7,0.0,0.0
Amador County,2026-02-28,71.1,0.004,0.0
Amador County,2026-03-01,61.6,0.016,0.0
Amador County,2026-03-02,58.6,0.035,0.0
Amador County,2026-03-03,62.4,0.0,0.0
Amador County,2026-03-04,56.0,0.063,0.0
Amador County,2026-03-05,56.7,0.0,0.0
Amador County,2026-03-06,64.6,0.0,0.0
Amador County,2026-03-07,70.3,0.0,0.0
Amador County,2026-03-08,68.8,0.0,0.0
Amador County,2026-03-09,68.5,0.0,0.0
Amador County,2026-03-10,63.6,0.0,0.0
Amador County,2026-03-11,69.1,0.0,0.0
Amador County,2026-03-12,72.6,0.0,0.0
Amador County,2026-03-13,71.4,0.0,0.0
Amador County,2026-03-14,70.8,0.0,0.0
Amador County,2026-03-15,73.8,0.0,0.0
Amador County,2026-03-16,75.4,0.0,0.0
Amador County,2026-03-17,80.7,0.0,0.0
Amador County,2026-03-18,82.8,0.0,0.0
Amador County,2026-03-19,83.8,0.0,0.0
Amador County,2026-03-20,83.1,0.0,0.0
Amador County,2026-03-21,79.9,0.0,0.0
Amador County,2026-03-22,75.8,0.0,0.0
Amador County,2026-03-23,75.5,0.0,0.0
Amador County,2026-03-24,77.4,0.0,0.0
Amador County,2026-03-25,74.4,0.0,0.0
Amador County,2026-03-26,72.1,0.0,0.0
Amador County,2026-03-27,74.8,0.0,0.0
Amador County,2026-03-28,73.7,0.0,0.0
Amador County,2026-03-29,77.7,0.0,0.0
Amador County,2026-03-30,74.6,0.0,0.0
Amador County,2026-03-31,55.9,1.343,0.0
Amador County,2026-04-01,50.7,0.575,0.0
Amador County,2026-04-02,56.5,0.232,0.0
Amador County,2026-04-03,64.6,0.0,0.0
Amador County,2026-04-04,72.1,0.0,0.0
Amador County,2026-04-05,75.4,0.0,0.0
Amador County,2026-04-06,72.8,0.0,0.0
Amador County,2026-04-07,69.4,0.0,0.0
Amador County,2026-04-08,71.9,0.0,0.0
Amador County,2026-04-09,66.4,0.201,0.0
Amador County,2026-04-10,53.4,1.406,0.0
Amador County,2026-04-11,56.0,1.102,0.0
Amador County,2026-04-12,45.3,1.244,1.626
Amador County,2026-04-13,54.2,0.059,0.0
Amador County,2026-04-14,60.1,0.0,0.0
Amador County,2026-04-15,62.2,0.0,0.0
Amador County,2026-04-16,59.3,0.0,0.0
Amador County,2026-04-17,62.4,0.0,0.0
Amador County,2026-04-18,67.7,0.0,0.0
Amador County,2026-04-19,69.4,0.0,0.0
Amador County,2026-04-20,67.6,0.0,0.0
Amador County,2026-04-21,51.7,1.311,0.0
Amador County,2026-04-22,54.1,0.197,0.0
Amador County,2026-04-23,60.7,0.0,0.0
Amador County,2026-04-24,62.1,0.008,0.0
Amador County,2026-04-25,55.6,0.083,0.0
Amador County,2026-04-26,47.8,0.346,0.0
Amador County,2026-04-27,54.9,0.087,0.0
Amador County,2026-04-28,61.8,0.012,0.0
Amador County,2026-04-29,67.3,0.0,0.0
Amador County,2026-04-30,70.4,0.0,0.0
Amador County,2026-05-01,72.7,0.0,0.0
Amador County,2026-05-02,71.2,0.0,0.0
Amador County,2026-05-03,60.8,0.343,0.0
Amador County,2026-05-04,51.0,0.417,0.0
Amador County,2026-05-05,54.2,0.138,0.0
Amador County,2026-05-06,65.3,0.0,0.0
Amador County,2026-05-07,73.8,0.0,0.0
Amador County,2026-05-08,74.0,0.0,0.0
Amador County,2026-05-09,77.2,0.0,0.0
Amador County,2026-05-10,79.4,0.0,0.0
Amador County,2026-05-11,85.2,0.0,0.0
Amador County,2026-05-12,81.4,0.0,0.0
Amador County,2026-05-13,70.2,0.0,0.0
Amador County,2026-05-14,75.1,0.0,0.0
Amador County,2026-05-15,75.8,0.0,0.0
Amador County,2026-05-16,70.3,0.0,0.0
Amador County,2026-05-17,67.7,0.0,0.0
Amador County,2026-05-18,73.3,0.0,0.0
Amador County,2026-05-19,73.8,0.0,0.0
Amador County,2026-05-20,77.6,0.0,0.0
Amador County,2026-05-21,79.7,0.0,0.0
Amador County,2026-05-22,78.9,0.0,0.0
Amador County,2026-05-23,76.1,0.0,0.0
Amador County,2026-05-24,73.9,0.0,0.0
Amador County,2026-05-25,69.9,0.0,0.0
Amador County,2026-05-26,55.0,0.425,0.0
Amador County,2026-05-27,59.3,0.217,0.0
Amador County,2026-05-28,58.6,0.197,0.0
Amador County,2026-05-29,60.0,0.087,0.0
Amador County,2026-05-30,69.2,0.031,0.0
Amador County,2026-05-31,76.2,0.0,0.0
Amador County,2026-06-01,81.2,0.0,0.0
Amador County,2026-06-02,81.3,0.0,0.0
Amador County,2026-06-03,82.6,0.0,0.0
Amador County,2026-06-04,84.3,0.0,0.0
Amador County,2026-06-05,85.2,0.0,0.0
Amador County,2026-06-06,75.6,0.0,0.0
Amador County,2026-06-07,76.4,0.0,0.0
Amador County,2026-06-08,73.4,0.0,0.0
Amador County,2026-06-09,75.7,0.0,0.0
Amador County,2026-06-10,86.6,0.0,0.0
Amador County,2026-06-11,90.1,0.0,0.0
Amador County,2026-06-12,90.8,0.0,0.0
Amador County,2026-06-13,90.1,0.0,0.0
Amador County,2026-06-14,88.8,0.0,0.0
Amador County,2026-06-15,87.4,0.0,0.0
Amador County,2026-06-16,87.4,0.0,0.0
Amador County,2026-06-17,85.2,0.0,0.0
Amador County,2026-06-18,81.7,0.0,0.0
Amador County,2026-06-19,75.4,0.024,0.0
Amador County,2026-06-20,77.2,0.0,0.0
Amador County,2026-06-21,80.8,0.0,0.0
Amador County,2026-06-22,84.2,0.0,0.0
Amador County,2026-06-23,85.5,0.0,0.0
Amador County,2026-06-24,84.5,0.0,0.0
Amador County,2026-06-25,83.2,0.0,0.0
Amador County,2026-06-26,72.7,0.012,0.0
Amador County,2026-06-27,70.3,0.0,0.0
Amador County,2026-06-28,74.8,0.0,0.0
Amador County,2026-06-29,78.4,0.0,0.0
Amador County,2026-06-30,81.4,0.0,0.0
Amador County,2026-07-01,79.0,0.0,0.0
Amador County,2026-07-02,79.5,0.0,0.0
Amador County,2026-07-03,83.2,0.0,0.0
Amador County,2026-07-04,86.0,0.0,0.0
Amador County,2026-07-05,82.8,0.0,0.0
Amador County,2026-07-06,84.1,0.0,0.0
Amador County,2026-07-07,82.0,0.0,0.0
Amador County,2026-07-08,83.6,0.0,0.0
Amador County,2026-07-09,88.8,0.0,0.0
Amador County,2026-07-10,89.9,0.0,0.0
Amador County,2026-07-11,89.7,0.0,0.0
Amador County,2026-07-12,88.5,0.008,0.0
Amador County,2026-07-13,89.3,0.004,0.0
Amador County,2026-07-14,92.5,0.0,0.0
Amador County,2026-07-15,93.2,0.0,0.0
Amador County,2026-07-16,89.1,0.0,0.0
Amador County,2026-07-17,88.8,0.0,0.0
Amador County,2026-07-18,86.4,0.0,0.0
Amador County,2026-07-19,88.4,0.0,0.0
Amador County,2026-07-20,89.0,0.0,0.0
Amador County,2026-07-21,91.4,0.0,0.0
Amador County,2026-07-22,82.3,0.0,0.0
Amador County,2026-07-23,87.5,0.0,0.0
Amador County,2026-07-24,89.1,0.0,0.0
Amador County,2026-07-25,88.5,0.0,0.0
Amador County,2026-07-26,87.5,0.0,0.0
Amador County,2026-07-27,86.4,0.0,0.0
Amador County,2026-07-28,87.6,0.0,0.0
Amador County,2026-07-29,89.1,0.0,0.0
Siskiyou County,2023-07-30,90.7,0.0,0.0
Siskiyou County,2023-07-31,93.3,0.0,0.0
Siskiyou County,2023-08-01,94.4,0.0,0.0
Siskiyou County,2023-08-02,93.2,0.0,0.0
Siskiyou County,2023-08-03,90.9,0.0,0.0
Siskiyou County,2023-08-04,90.6,0.0,0.0
Siskiyou County,2023-08-05,88.9,0.0,0.0
Siskiyou County,2023-08-06,87.2,0.0,0.0
Siskiyou County,2023-08-07,90.3,0.0,0.0
Siskiyou County,2023-08-08,95.4,0.0,0.0
Siskiyou County,2023-08-09,91.9,0.0,0.0
Siskiyou County,2023-08-10,93.4,0.0,0.0
Siskiyou County,2023-08-11,93.7,0.0,0.0
Siskiyou County,2023-08-12,97.3,0.0,0.0
Siskiyou County,2023-08-13,100.6,0.0,0.0
Siskiyou County,2023-08-14,99.8,0.0,0.0
Siskiyou County,2023-08-15,101.4,0.0,0.0
Siskiyou County,2023-08-16,100.3,0.0,0.0
Siskiyou County,2023-08-17,92.9,0.008,0.0
Siskiyou County,2023-08-18,95.0,0.004,0.0
Siskiyou County,2023-08-19,94.8,0.004,0.0
Siskiyou County,2023-08-20,88.0,0.055,0.0
Siskiyou County,2023-08-21,76.3,0.913,0.0
Siskiyou County,2023-08-22,70.9,0.984,0.0
Siskiyou County,2023-08-23,79.8,0.0,0.0
Siskiyou County,2023-08-24,87.2,0.0,0.0
Siskiyou County,2023-08-25,85.0,0.0,0.0
Siskiyou County,2023-08-26,84.9,0.0,0.0
Siskiyou County,2023-08-27,86.5,0.0,0.0
Siskiyou County,2023-08-28,86.9,0.0,0.0
Siskiyou County,2023-08-29,78.9,0.0,0.0
Siskiyou County,2023-08-30,82.0,0.0,0.0
Siskiyou County,2023-08-31,79.8,0.0,0.0
Siskiyou County,2023-09-01,66.7,0.213,0.0
Siskiyou County,2023-09-02,73.0,0.0,0.0
Siskiyou County,2023-09-03,73.5,0.055,0.0
Siskiyou County,2023-09-04,74.7,0.043,0.0
Siskiyou County,2023-09-05,81.4,0.0,0.0
Siskiyou County,2023-09-06,80.1,0.0,0.0
Siskiyou County,2023-09-07,83.4,0.0,0.0
Siskiyou County,2023-09-08,83.8,0.0,0.0
Siskiyou County,2023-09-09,83.9,0.0,0.0
Siskiyou County,2023-09-10,84.0,0.0,0.0
Siskiyou County,2023-09-11,85.8,0.0,0.0
Siskiyou County,2023-09-12,83.6,0.0,0.0
Siskiyou County,2023-09-13,83.8,0.0,0.0
Siskiyou County,2023-09-14,86.3,0.0,0.0
Siskiyou County,2023-09-15,90.2,0.0,0.0
Siskiyou County,2023-09-16,88.8,0.004,0.0
Siskiyou County,2023-09-17,88.7,0.0,0.0
Siskiyou County,2023-09-18,85.5,0.0,0.0
Siskiyou County,2023-09-19,80.1,0.0,0.0
Siskiyou County,2023-09-20,68.5,0.0,0.0
Siskiyou County,2023-09-21,69.9,0.0,0.0
Siskiyou County,2023-09-22,74.0,0.0,0.0
Siskiyou County,2023-09-23,80.4,0.0,0.0
Siskiyou County,2023-09-24,71.4,0.008,0.0
Siskiyou County,2023-09-25,64.3,0.315,0.0
Siskiyou County,2023-09-26,68.8,0.382,0.0
Siskiyou County,2023-09-27,67.2,0.094,0.0
Siskiyou County,2023-09-28,67.2,0.0,0.0
Siskiyou County,2023-09-29,64.7,0.339,0.0
Siskiyou County,2023-09-30,61.3,0.047,0.0
Siskiyou County,2023-10-01,65.1,0.0,0.0
Siskiyou County,2023-10-02,66.8,0.004,0.0
Siskiyou County,2023-10-03,68.5,0.039,0.0
Siskiyou County,2023-10-04,77.5,0.0,0.0
Siskiyou County,2023-10-05,76.9,0.0,0.0
Siskiyou County,2023-10-06,79.6,0.0,0.0
Siskiyou County,2023-10-07,83.8,0.0,0.0
Siskiyou County,2023-10-08,84.4,0.0,0.0
Siskiyou County,2023-10-09,68.4,0.142,0.0
Siskiyou County,2023-10-10,62.7,0.358,0.0
Siskiyou County,2023-10-11,59.5,0.063,0.0
Siskiyou County,2023-10-12,62.3,0.0,0.0
Siskiyou County,2023-10-13,66.1,0.008,0.0
Siskiyou County,2023-10-14,70.1,0.0,0.0
Siskiyou County,2023-10-15,76.9,0.0,0.0
Siskiyou County,2023-10-16,62.8,0.307,0.0
Siskiyou County,2023-10-17,66.3,0.024,0.0
Siskiyou County,2023-10-18,72.9,0.0,0.0
Siskiyou County,2023-10-19,77.3,0.0,0.0
Siskiyou County,2023-10-20,75.8,0.0,0.0
Siskiyou County,2023-10-21,76.6,0.0,0.0
Siskiyou County,2023-10-22,68.0,0.035,0.0
Siskiyou County,2023-10-23,64.5,0.0,0.0
Siskiyou County,2023-10-24,68.3,0.197,0.0
Siskiyou County,2023-10-25,53.2,0.417,0.0
Siskiyou County,2023-10-26,54.1,0.0,0.0
Siskiyou County,2023-10-27,55.3,0.0,0.0
Siskiyou County,2023-10-28,52.9,0.0,0.0
Siskiyou County,2023-10-29,55.0,0.0,0.0
Siskiyou County,2023-10-30,55.1,0.0,0.0
Siskiyou County,2023-10-31,60.3,0.0,0.0
Siskiyou County,2023-11-01,64.9,0.0,0.0
Siskiyou County,2023-11-02,54.5,0.276,0.0
Siskiyou County,2023-11-03,64.4,0.0,0.0
Siskiyou County,2023-11-04,70.1,0.311,0.0
Siskiyou County,2023-11-05,62.8,0.886,0.0
Siskiyou County,2023-11-06,56.9,0.732,0.028
Siskiyou County,2023-11-07,50.4,0.142,0.0
Siskiyou County,2023-11-08,49.2,0.0,0.0
Siskiyou County,2023-11-09,50.4,0.0,0.0
Siskiyou County,2023-11-10,56.4,0.0,0.0
Siskiyou County,2023-11-11,59.2,0.0,0.0
Siskiyou County,2023-11-12,61.5,0.0,0.0
Siskiyou County,2023-11-13,56.6,0.0,0.0
Siskiyou County,2023-11-14,50.5,0.055,0.0
Siskiyou County,2023-11-15,52.3,0.0,0.0
Siskiyou County,2023-11-16,57.2,0.024,0.0
Siskiyou County,2023-11-17,55.1,0.0,0.0
Siskiyou County,2023-11-18,51.2,0.646,0.0
Siskiyou County,2023-11-19,43.3,0.012,0.0
Siskiyou County,2023-11-20,49.8,0.0,0.0
Siskiyou County,2023-11-21,53.2,0.0,0.0
Siskiyou County,2023-11-22,52.3,0.0,0.0
Siskiyou County,2023-11-23,50.8,0.0,0.0
Siskiyou County,2023-11-24,45.9,0.0,0.0
Siskiyou County,2023-11-25,42.6,0.0,0.0
Siskiyou County,2023-11-26,45.5,0.0,0.0
Siskiyou County,2023-11-27,44.8,0.0,0.0
Siskiyou County,2023-11-28,47.1,0.0,0.0
Siskiyou County,2023-11-29,47.7,0.016,0.11
Siskiyou County,2023-11-30,44.0,0.142,0.303
Siskiyou County,2023-12-01,41.0,0.106,0.0
Siskiyou County,2023-12-02,45.0,0.736,0.0
Siskiyou County,2023-12-03,54.7,0.035,0.0
Siskiyou County,2023-12-04,56.9,0.004,0.0
Siskiyou County,2023-12-05,58.5,0.0,0.0
Siskiyou County,2023-12-06,51.7,0.319,0.0
Siskiyou County,2023-12-07,45.1,0.228,0.083
Siskiyou County,2023-12-08,41.3,0.008,0.0
Siskiyou County,2023-12-09,43.4,0.0,0.0
Siskiyou County,2023-12-10,47.6,0.0,0.0
Siskiyou County,2023-12-11,48.7,0.0,0.0
Siskiyou County,2023-12-12,48.6,0.0,0.0
Siskiyou County,2023-12-13,43.5,0.0,0.0
Siskiyou County,2023-12-14,48.0,0.0,0.0
Siskiyou County,2023-12-15,47.5,0.0,0.0
Siskiyou County,2023-12-16,48.1,0.0,0.0
Siskiyou County,2023-12-17,43.3,0.043,0.0
Siskiyou County,2023-12-18,46.0,0.224,0.0
Siskiyou County,2023-12-19,51.6,0.972,0.0
Siskiyou County,2023-12-20,49.6,0.035,0.0
Siskiyou County,2023-12-21,46.6,0.0,0.0
Siskiyou County,2023-12-22,45.2,0.047,0.0
Siskiyou County,2023-12-23,40.3,0.0,0.0
Siskiyou County,2023-12-24,44.3,0.0,0.0
Siskiyou County,2023-12-25,48.4,0.004,0.0
Siskiyou County,2023-12-26,48.0,0.0,0.0
Siskiyou County,2023-12-27,50.8,0.921,0.882
Siskiyou County,2023-12-28,50.6,0.0,0.0
Siskiyou County,2023-12-29,54.1,0.689,0.0
Siskiyou County,2023-12-30,49.0,0.22,0.0
Siskiyou County,2023-12-31,43.4,0.0,0.0
Siskiyou County,2024-01-01,45.1,0.0,0.0
Siskiyou County,2024-01-02,45.7,0.465,0.276
Siskiyou County,2024-01-03,43.0,0.024,0.0
Siskiyou County,2024-01-04,47.2,0.071,0.0
Siskiyou County,2024-01-05,46.6,0.004,0.0
Siskiyou County,2024-01-06,38.8,0.39,1.075
Siskiyou County,2024-01-07,32.7,0.0,0.0
Siskiyou County,2024-01-08,45.6,0.0,0.0
Siskiyou County,2024-01-09,43.4,0.248,0.0
Siskiyou County,2024-01-10,37.2,0.693,1.709
Siskiyou County,2024-01-11,37.1,0.0,0.0
Siskiyou County,2024-01-12,40.5,0.134,0.0
Siskiyou County,2024-01-13,42.5,1.425,0.083
Siskiyou County,2024-01-14,49.6,0.028,0.0
Siskiyou County,2024-01-15,42.5,0.0,0.0
Siskiyou County,2024-01-16,39.7,0.15,0.0
Siskiyou County,2024-01-17,51.6,0.047,0.0
Siskiyou County,2024-01-18,44.2,0.043,0.0
Siskiyou County,2024-01-19,53.2,0.031,0.0
Siskiyou County,2024-01-20,46.2,1.016,0.0
Siskiyou County,2024-01-21,51.0,0.205,0.0
Siskiyou County,2024-01-22,53.2,0.524,0.0
Siskiyou County,2024-01-23,51.7,0.0,0.0
Siskiyou County,2024-01-24,52.4,0.303,0.0
Siskiyou County,2024-01-25,50.3,0.15,0.0
Siskiyou County,2024-01-26,53.8,0.016,0.0
Siskiyou County,2024-01-27,57.5,0.157,0.0
Siskiyou County,2024-01-28,59.9,0.055,0.0
Siskiyou County,2024-01-29,65.1,0.0,0.0
Siskiyou County,2024-01-30,62.5,0.0,0.0
Siskiyou County,2024-01-31,50.2,1.291,0.0
Siskiyou County,2024-02-01,51.0,0.346,0.0
Siskiyou County,2024-02-02,45.5,0.476,1.846
Siskiyou County,2024-02-03,44.4,0.0,0.0
Siskiyou County,2024-02-04,36.8,0.543,1.764
Siskiyou County,2024-02-05,45.4,0.921,0.138
Siskiyou County,2024-02-06,43.8,0.126,0.0
Siskiyou County,2024-02-07,39.7,0.283,0.772
Siskiyou County,2024-02-08,42.4,0.039,0.0
Siskiyou County,2024-02-09,39.2,0.0,0.0
Siskiyou County,2024-02-10,49.3,0.0,0.0
Siskiyou County,2024-02-11,54.6,0.0,0.0
Siskiyou County,2024-02-12,51.2,0.0,0.0
Siskiyou County,2024-02-13,50.2,0.008,0.0
Siskiyou County,2024-02-14,47.0,0.366,0.0
Siskiyou County,2024-02-15,52.8,0.13,0.0
Siskiyou County,2024-02-16,49.2,0.106,0.0
Siskiyou County,2024-02-17,48.5,0.461,0.0
Siskiyou County,2024-02-18,50.4,0.437,0.028
Siskiyou County,2024-02-19,48.1,1.043,0.441
Siskiyou County,2024-02-20,49.3,1.051,2.26
Siskiyou County,2024-02-21,51.7,0.039,0.0
Siskiyou County,2024-02-22,54.0,0.0,0.0
Siskiyou County,2024-02-23,54.8,0.0,0.0
Siskiyou County,2024-02-24,58.1,0.0,0.0
Siskiyou County,2024-02-25,59.9,0.0,0.0
Siskiyou County,2024-02-26,47.8,0.075,0.0
Siskiyou County,2024-02-27,45.9,0.0,0.0
Siskiyou County,2024-02-28,58.0,0.016,0.0
Siskiyou County,2024-02-29,46.7,0.74,0.0
Siskiyou County,2024-03-01,47.6,0.52,0.744
Siskiyou County,2024-03-02,40.0,0.118,0.689
Siskiyou County,2024-03-03,39.0,0.26,1.654
Siskiyou County,2024-03-04,39.7,0.343,1.709
Siskiyou County,2024-03-05,43.2,0.799,0.055
Siskiyou County,2024-03-06,45.1,0.13,0.0
Siskiyou County,2024-03-07,46.7,0.0,0.0
Siskiyou County,2024-03-08,53.3,0.0,0.0
Siskiyou County,2024-03-09,53.6,0.122,0.0
Siskiyou County,2024-03-10,47.6,0.173,0.0
Siskiyou County,2024-03-11,50.5,0.161,0.0
Siskiyou County,2024-03-12,49.2,0.181,0.11
Siskiyou County,2024-03-13,50.6,0.008,0.0
Siskiyou County,2024-03-14,56.2,0.0,0.0
Siskiyou County,2024-03-15,60.9,0.0,0.0
Siskiyou County,2024-03-16,59.6,0.0,0.0
Siskiyou County,2024-03-17,62.0,0.0,0.0
Siskiyou County,2024-03-18,66.3,0.0,0.0
Siskiyou County,2024-03-19,67.3,0.0,0.0
Siskiyou County,2024-03-20,64.7,0.02,0.0
Siskiyou County,2024-03-21,63.0,0.004,0.0
Siskiyou County,2024-03-22,53.2,0.665,0.0
Siskiyou County,2024-03-23,50.9,0.441,0.689
Siskiyou County,2024-03-24,50.8,0.539,1.378
Siskiyou County,2024-03-25,57.8,0.043,0.0
Siskiyou County,2024-03-26,55.4,0.0,0.0
Siskiyou County,2024-03-27,49.7,0.866,0.193
Siskiyou County,2024-03-28,51.4,0.189,0.22
Siskiyou County,2024-03-29,49.7,0.02,0.0
Siskiyou County,2024-03-30,55.7,0.004,0.0
Siskiyou County,2024-03-31,54.7,0.0,0.0
Siskiyou County,2024-04-01,64.7,0.0,0.0
Siskiyou County,2024-04-02,71.0,0.004,0.0
Siskiyou County,2024-04-03,49.5,1.016,0.0
Siskiyou County,2024-04-04,48.7,0.134,0.193
Siskiyou County,2024-04-05,48.0,0.047,0.276
Siskiyou County,2024-04-06,53.2,0.256,0.358
Siskiyou County,2024-04-07,51.1,0.094,0.331
Siskiyou County,2024-04-08,58.9,0.0,0.0
Siskiyou County,2024-04-09,64.0,0.0,0.0
Siskiyou County,2024-04-10,67.6,0.0,0.0
Siskiyou County,2024-04-11,70.6,0.0,0.0
Siskiyou County,2024-04-12,58.5,0.106,0.0
Siskiyou County,2024-04-13,55.7,0.398,0.0
Siskiyou County,2024-04-14,48.8,0.575,0.0
Siskiyou County,2024-04-15,59.5,0.043,0.0
Siskiyou County,2024-04-16,63.6,0.0,0.0
Siskiyou County,2024-04-17,60.3,0.0,0.0
Siskiyou County,2024-04-18,64.7,0.0,0.0
Siskiyou County,2024-04-19,68.4,0.0,0.0
Siskiyou County,2024-04-20,72.2,0.0,0.0
Siskiyou County,2024-04-21,66.2,0.0,0.0
Siskiyou County,2024-04-22,70.2,0.0,0.0
Siskiyou County,2024-04-23,72.9,0.118,0.0
Siskiyou County,2024-04-24,66.7,0.067,0.0
Siskiyou County,2024-04-25,56.8,0.165,0.0
Siskiyou County,2024-04-26,54.3,0.5,0.0
Siskiyou County,2024-04-27,56.8,0.008,0.0
Siskiyou County,2024-04-28,64.0,0.004,0.0
Siskiyou County,2024-04-29,56.7,0.0,0.0
Siskiyou County,2024-04-30,59.3,0.0,0.0
Siskiyou County,2024-05-01,60.9,0.0,0.0
Siskiyou County,2024-05-02,61.9,0.071,0.0
Siskiyou County,2024-05-03,66.3,0.083,0.0
Siskiyou County,2024-05-04,51.4,1.417,0.055
Siskiyou County,2024-05-05,52.4,0.031,0.028
Siskiyou County,2024-05-06,59.7,0.0,0.0
Siskiyou County,2024-05-07,55.6,0.0,0.0
Siskiyou County,2024-05-08,66.5,0.0,0.0
Siskiyou County,2024-05-09,73.4,0.0,0.0
Siskiyou County,2024-05-10,75.1,0.0,0.0
Siskiyou County,2024-05-11,79.3,0.0,0.0
Siskiyou County,2024-05-12,78.7,0.0,0.0
Siskiyou County,2024-05-13,77.7,0.0,0.0
Siskiyou County,2024-05-14,78.4,0.0,0.0
Siskiyou County,2024-05-15,79.5,0.0,0.0
Siskiyou County,2024-05-16,81.2,0.0,0.0
Siskiyou County,2024-05-17,73.7,0.0,0.0
Siskiyou County,2024-05-18,78.7,0.0,0.0
Siskiyou County,2024-05-19,64.7,0.0,0.0
Siskiyou County,2024-05-20,67.6,0.0,0.0
Siskiyou County,2024-05-21,72.1,0.0,0.0
Siskiyou County,2024-05-22,68.4,0.0,0.0
Siskiyou County,2024-05-23,70.3,0.0,0.0
Siskiyou County,2024-05-24,73.0,0.0,0.0
Siskiyou County,2024-05-25,69.9,0.012,0.0
Siskiyou County,2024-05-26,75.5,0.0,0.0
Siskiyou County,2024-05-27,82.4,0.004,0.0
Siskiyou County,2024-05-28,76.6,0.008,0.0
Siskiyou County,2024-05-29,70.1,0.0,0.0
Siskiyou County,2024-05-30,77.3,0.0,0.0
Siskiyou County,2024-05-31,83.6,0.0,0.0
Siskiyou County,2024-06-01,81.8,0.0,0.0
Siskiyou County,2024-06-02,80.3,0.0,0.0
Siskiyou County,2024-06-03,76.3,0.138,0.0
Siskiyou County,2024-06-04,86.4,0.0,0.0
Siskiyou County,2024-06-05,87.8,0.0,0.0
Siskiyou County,2024-06-06,90.3,0.0,0.0
Siskiyou County,2024-06-07,92.6,0.0,0.0
Siskiyou County,2024-06-08,91.0,0.004,0.0
Siskiyou County,2024-06-09,84.7,0.0,0.0
Siskiyou County,2024-06-10,88.9,0.0,0.0
Siskiyou County,2024-06-11,88.3,0.0,0.0
Siskiyou County,2024-06-12,89.5,0.0,0.0
Siskiyou County,2024-06-13,92.6,0.0,0.0
Siskiyou County,2024-06-14,79.4,0.0,0.0
Siskiyou County,2024-06-15,71.1,0.0,0.0
Siskiyou County,2024-06-16,74.8,0.0,0.0
Siskiyou County,2024-06-17,71.2,0.0,0.0
Siskiyou County,2024-06-18,77.4,0.0,0.0
Siskiyou County,2024-06-19,86.0,0.0,0.0
Siskiyou County,2024-06-20,88.7,0.0,0.0
Siskiyou County,2024-06-21,94.0,0.0,0.0
Siskiyou County,2024-06-22,98.2,0.0,0.0
Siskiyou County,2024-06-23,94.4,0.0,0.0
Siskiyou County,2024-06-24,95.7,0.0,0.0
Siskiyou County,2024-06-25,95.7,0.0,0.0
Siskiyou County,2024-06-26,89.3,0.0,0.0
Siskiyou County,2024-06-27,80.7,0.0,0.0
Siskiyou County,2024-06-28,87.6,0.0,0.0
Siskiyou County,2024-06-29,86.3,0.0,0.0
Siskiyou County,2024-06-30,85.6,0.0,0.0
Siskiyou County,2024-07-01,86.6,0.0,0.0
Siskiyou County,2024-07-02,90.7,0.0,0.0
Siskiyou County,2024-07-03,94.6,0.0,0.0
Siskiyou County,2024-07-04,99.6,0.0,0.0
Siskiyou County,2024-07-05,102.5,0.0,0.0
Siskiyou County,2024-07-06,105.4,0.0,0.0
Siskiyou County,2024-07-07,107.1,0.0,0.0
Siskiyou County,2024-07-08,104.5,0.0,0.0
Siskiyou County,2024-07-09,104.5,0.0,0.0
Siskiyou County,2024-07-10,102.8,0.0,0.0
Siskiyou County,2024-07-11,102.8,0.0,0.0
Siskiyou County,2024-07-12,105.2,0.0,0.0
Siskiyou County,2024-07-13,102.9,0.0,0.0
Siskiyou County,2024-07-14,100.6,0.004,0.0
Siskiyou County,2024-07-15,97.7,0.0,0.0
Siskiyou County,2024-07-16,96.9,0.0,0.0
Siskiyou County,2024-07-17,97.0,0.0,0.0
Siskiyou County,2024-07-18,97.5,0.0,0.0
Siskiyou County,2024-07-19,96.7,0.0,0.0
Siskiyou County,2024-07-20,103.5,0.0,0.0
Siskiyou County,2024-07-21,100.2,0.0,0.0
Siskiyou County,2024-07-22,98.2,0.0,0.0
Siskiyou County,2024-07-23,101.8,0.0,0.0
Siskiyou County,2024-07-24,103.6,0.024,0.0
Siskiyou County,2024-07-25,95.5,0.0,0.0
Siskiyou County,2024-07-26,96.1,0.0,0.0
Siskiyou County,2024-07-27,91.1,0.0,0.0
Siskiyou County,2024-07-28,91.8,0.0,0.0
Siskiyou County,2024-07-29,93.2,0.0,0.0
Siskiyou County,2024-07-30,93.6,0.0,0.0
Siskiyou County,2024-07-31,99.5,0.0,0.0
Siskiyou County,2024-08-01,101.3,0.0,0.0
Siskiyou County,2024-08-02,101.1,0.0,0.0
Siskiyou County,2024-08-03,90.2,0.028,0.0
Siskiyou County,2024-08-04,99.1,0.0,0.0
Siskiyou County,2024-08-05,100.6,0.0,0.0
Siskiyou County,2024-08-06,96.1,0.0,0.0
Siskiyou County,2024-08-07,98.2,0.0,0.0
Siskiyou County,2024-08-08,99.1,0.0,0.0
Siskiyou County,2024-08-09,98.0,0.0,0.0
Siskiyou County,2024-08-10,94.4,0.0,0.0
Siskiyou County,2024-08-11,94.5,0.0,0.0
Siskiyou County,2024-08-12,91.0,0.0,0.0
Siskiyou County,2024-08-13,86.5,0.0,0.0
Siskiyou County,2024-08-14,88.4,0.004,0.0
Siskiyou County,2024-08-15,85.6,0.0,0.0
Siskiyou County,2024-08-16,88.0,0.0,0.0
Siskiyou County,2024-08-17,81.9,0.024,0.0
Siskiyou County,2024-08-18,84.7,0.0,0.0
Siskiyou County,2024-08-19,87.1,0.0,0.0
Siskiyou County,2024-08-20,85.0,0.0,0.0
Siskiyou County,2024-08-21,87.1,0.0,0.0
Siskiyou County,2024-08-22,80.8,0.551,0.0
Siskiyou County,2024-08-23,65.2,0.665,0.0
Siskiyou County,2024-08-24,66.6,0.311,0.0
Siskiyou County,2024-08-25,75.4,0.0,0.0
Siskiyou County,2024-08-26,84.0,0.0,0.0
Siskiyou County,2024-08-27,85.6,0.0,0.0
Siskiyou County,2024-08-28,83.2,0.0,0.0
Siskiyou County,2024-08-29,90.5,0.0,0.0
Siskiyou County,2024-08-30,93.2,0.0,0.0
Siskiyou County,2024-08-31,94.3,0.0,0.0
Siskiyou County,2024-09-01,90.9,0.0,0.0
Siskiyou County,2024-09-02,84.0,0.008,0.0
Siskiyou County,2024-09-03,87.4,0.0,0.0
Siskiyou County,2024-09-04,93.0,0.0,0.0
Siskiyou County,2024-09-05,97.3,0.0,0.0
Siskiyou County,2024-09-06,96.2,0.0,0.0
Siskiyou County,2024-09-07,91.3,0.0,0.0
Siskiyou County,2024-09-08,90.9,0.0,0.0
Siskiyou County,2024-09-09,89.6,0.0,0.0
Siskiyou County,2024-09-10,90.1,0.0,0.0
Siskiyou County,2024-09-11,71.4,0.134,0.0
Siskiyou County,2024-09-12,73.6,0.0,0.0
Siskiyou County,2024-09-13,80.4,0.0,0.0
Siskiyou County,2024-09-14,82.3,0.0,0.0
Siskiyou County,2024-09-15,70.4,0.154,0.0
Siskiyou County,2024-09-16,62.1,0.004,0.0
Siskiyou County,2024-09-17,70.2,0.031,0.0
Siskiyou County,2024-09-18,70.7,0.0,0.0
Siskiyou County,2024-09-19,77.9,0.0,0.0
Siskiyou County,2024-09-20,80.2,0.0,0.0
Siskiyou County,2024-09-21,80.5,0.0,0.0
Siskiyou County,2024-09-22,82.4,0.0,0.0
Siskiyou County,2024-09-23,85.2,0.0,0.0
Siskiyou County,2024-09-24,90.2,0.0,0.0
Siskiyou County,2024-09-25,87.2,0.0,0.0
Siskiyou County,2024-09-26,82.0,0.0,0.0
Siskiyou County,2024-09-27,83.4,0.0,0.0
Siskiyou County,2024-09-28,90.2,0.0,0.0
Siskiyou County,2024-09-29,78.3,0.0,0.0
Siskiyou County,2024-09-30,78.9,0.0,0.0
Siskiyou County,2024-10-01,83.8,0.0,0.0
Siskiyou County,2024-10-02,82.5,0.0,0.0
Siskiyou County,2024-10-03,85.4,0.0,0.0
Siskiyou County,2024-10-04,85.3,0.0,0.0
Siskiyou County,2024-10-05,83.2,0.0,0.0
Siskiyou County,2024-10-06,84.0,0.0,0.0
Siskiyou County,2024-10-07,83.4,0.0,0.0
Siskiyou County,2024-10-08,82.9,0.0,0.0
Siskiyou County,2024-10-09,77.0,0.0,0.0
Siskiyou County,2024-10-10,78.3,0.0,0.0
Siskiyou County,2024-10-11,79.0,0.0,0.0
Siskiyou County,2024-10-12,73.9,0.039,0.0
Siskiyou County,2024-10-13,74.2,0.0,0.0
Siskiyou County,2024-10-14,77.3,0.0,0.0
Siskiyou County,2024-10-15,77.1,0.004,0.0
Siskiyou County,2024-10-16,61.3,0.476,0.0
Siskiyou County,2024-10-17,54.2,0.15,0.0
Siskiyou County,2024-10-18,60.3,0.0,0.0
Siskiyou County,2024-10-19,68.1,0.0,0.0
Siskiyou County,2024-10-20,73.5,0.0,0.0
Siskiyou County,2024-10-21,67.6,0.0,0.0
Siskiyou County,2024-10-22,63.6,0.0,0.0
Siskiyou County,2024-10-23,55.6,0.075,0.0
Siskiyou County,2024-10-24,56.7,0.0,0.0
Siskiyou County,2024-10-25,72.7,0.008,0.0
Siskiyou County,2024-10-26,73.8,0.0,0.0
Siskiyou County,2024-10-27,55.9,0.874,0.0
Siskiyou County,2024-10-28,50.7,0.154,0.0
Siskiyou County,2024-10-29,51.0,0.0,0.0
Siskiyou County,2024-10-30,56.9,0.37,0.0
Siskiyou County,2024-10-31,52.7,0.406,0.028
Siskiyou County,2024-11-01,50.7,0.547,0.0
Siskiyou County,2024-11-02,51.4,0.016,0.0
Siskiyou County,2024-11-03,52.7,0.075,0.0
Siskiyou County,2024-11-04,55.0,0.0,0.0
Siskiyou County,2024-11-05,52.6,0.0,0.0
Siskiyou County,2024-11-06,55.0,0.0,0.0
Siskiyou County,2024-11-07,54.4,0.0,0.0
Siskiyou County,2024-11-08,58.0,0.0,0.0
Siskiyou County,2024-11-09,59.5,0.0,0.0
Siskiyou County,2024-11-10,62.6,0.0,0.0
Siskiyou County,2024-11-11,51.3,0.646,0.0
Siskiyou County,2024-11-12,55.7,0.0,0.0
Siskiyou County,2024-11-13,47.8,0.894,0.028
Siskiyou County,2024-11-14,42.7,2.476,5.87
Siskiyou County,2024-11-15,40.9,0.028,0.0
Siskiyou County,2024-11-16,38.3,0.0,0.0
Siskiyou County,2024-11-17,48.0,0.327,0.028
Siskiyou County,2024-11-18,37.2,0.374,2.425
Siskiyou County,2024-11-19,39.5,0.189,0.386
Siskiyou County,2024-11-20,38.7,1.917,4.685
Siskiyou County,2024-11-21,43.1,1.74,0.0
Siskiyou County,2024-11-22,52.3,1.626,0.0
Siskiyou County,2024-11-23,42.6,1.724,8.102
Siskiyou County,2024-11-24,45.1,0.138,0.303
Siskiyou County,2024-11-25,41.7,1.37,3.472
Siskiyou County,2024-11-26,37.2,1.22,7.441
Siskiyou County,2024-11-27,32.4,0.0,0.0
Siskiyou County,2024-11-28,31.1,0.0,0.0
Siskiyou County,2024-11-29,33.7,0.0,0.0
Siskiyou County,2024-11-30,35.5,0.0,0.0
Siskiyou County,2024-12-01,36.8,0.0,0.0
Siskiyou County,2024-12-02,39.9,0.0,0.0
Siskiyou County,2024-12-03,41.5,0.0,0.0
Siskiyou County,2024-12-04,39.9,0.0,0.0
Siskiyou County,2024-12-05,44.4,0.0,0.0
Siskiyou County,2024-12-06,45.6,0.0,0.0
Siskiyou County,2024-12-07,52.0,0.028,0.0
Siskiyou County,2024-12-08,46.8,0.024,0.0
Siskiyou County,2024-12-09,42.5,0.0,0.0
Siskiyou County,2024-12-10,40.5,0.0,0.0
Siskiyou County,2024-12-11,51.4,0.012,0.0
Siskiyou County,2024-12-12,42.7,0.228,0.055
Siskiyou County,2024-12-13,41.9,1.181,0.193
Siskiyou County,2024-12-14,39.7,1.248,2.094
Siskiyou County,2024-12-15,39.7,0.016,0.0
Siskiyou County,2024-12-16,45.5,0.106,0.0
Siskiyou County,2024-12-17,56.2,0.0,0.0
Siskiyou County,2024-12-18,55.3,0.0,0.0
Siskiyou County,2024-12-19,50.1,0.0,0.0
Siskiyou County,2024-12-20,54.6,0.0,0.0
Siskiyou County,2024-12-21,52.1,0.421,0.0
Siskiyou County,2024-12-22,53.7,0.39,0.0
Siskiyou County,2024-12-23,52.8,0.185,0.0
Siskiyou County,2024-12-24,51.1,1.524,0.138
Siskiyou County,2024-12-25,47.8,0.039,0.0
Siskiyou County,2024-12-26,44.5,0.909,0.524
Siskiyou County,2024-12-27,58.5,0.752,0.0
Siskiyou County,2024-12-28,51.0,1.004,0.0
Siskiyou County,2024-12-29,52.1,0.972,0.0
Siskiyou County,2024-12-30,44.8,0.0,0.0
Siskiyou County,2024-12-31,41.1,0.02,0.0
Siskiyou County,2025-01-01,49.8,0.161,0.0
Siskiyou County,2025-01-02,57.1,0.154,0.0
Siskiyou County,2025-01-03,48.5,0.799,0.0
Siskiyou County,2025-01-04,48.1,0.067,0.0
Siskiyou County,2025-01-05,53.0,0.0,0.0
Siskiyou County,2025-01-06,52.3,0.055,0.0
Siskiyou County,2025-01-07,47.2,0.0,0.0
Siskiyou County,2025-01-08,48.8,0.0,0.0
Siskiyou County,2025-01-09,50.5,0.0,0.0
Siskiyou County,2025-01-10,54.5,0.02,0.0
Siskiyou County,2025-01-11,42.9,0.0,0.0
Siskiyou County,2025-01-12,43.3,0.0,0.0
Siskiyou County,2025-01-13,44.2,0.0,0.0
Siskiyou County,2025-01-14,47.5,0.0,0.0
Siskiyou County,2025-01-15,47.1,0.0,0.0
Siskiyou County,2025-01-16,49.5,0.0,0.0
Siskiyou County,2025-01-17,47.2,0.0,0.0
Siskiyou County,2025-01-18,41.5,0.0,0.0
Siskiyou County,2025-01-19,49.2,0.0,0.0
Siskiyou County,2025-01-20,41.9,0.0,0.0
Siskiyou County,2025-01-21,52.5,0.0,0.0
Siskiyou County,2025-01-22,47.9,0.0,0.0
Siskiyou County,2025-01-23,47.1,0.0,0.0
Siskiyou County,2025-01-24,50.5,0.0,0.0
Siskiyou County,2025-01-25,39.7,0.0,0.0
Siskiyou County,2025-01-26,41.5,0.0,0.0
Siskiyou County,2025-01-27,44.3,0.0,0.0
Siskiyou County,2025-01-28,46.0,0.0,0.0
Siskiyou County,2025-01-29,44.4,0.0,0.0
Siskiyou County,2025-01-30,49.9,0.0,0.0
Siskiyou County,2025-01-31,46.7,0.402,0.0
Siskiyou County,2025-02-01,44.9,0.559,0.0
Siskiyou County,2025-02-02,41.1,1.366,0.0
Siskiyou County,2025-02-03,38.0,2.039,0.799
Siskiyou County,2025-02-04,36.7,2.268,9.012
Siskiyou County,2025-02-05,37.0,0.287,1.406
Siskiyou County,2025-02-06,33.0,0.449,3.142
Siskiyou County,2025-02-07,35.2,0.374,2.398
Siskiyou County,2025-02-08,30.8,0.004,0.028
Siskiyou County,2025-02-09,26.2,0.0,0.0
Siskiyou County,2025-02-10,26.7,0.0,0.0
Siskiyou County,2025-02-11,26.3,0.0,0.0
Siskiyou County,2025-02-12,24.6,0.0,0.0
Siskiyou County,2025-02-13,37.2,1.165,5.264
Siskiyou County,2025-02-14,39.5,0.201,0.303
Siskiyou County,2025-02-15,38.4,0.008,0.0
Siskiyou County,2025-02-16,44.5,0.602,0.0
Siskiyou County,2025-02-17,45.2,0.252,0.0
Siskiyou County,2025-02-18,44.2,0.024,0.0
Siskiyou County,2025-02-19,43.3,0.425,0.0
Siskiyou County,2025-02-20,49.0,0.0,0.0
Siskiyou County,2025-02-21,48.1,0.0,0.0
Siskiyou County,2025-02-22,60.8,0.012,0.0
Siskiyou County,2025-02-23,58.8,0.543,0.0
Siskiyou County,2025-02-24,55.9,0.028,0.0
Siskiyou County,2025-02-25,51.6,0.0,0.0
Siskiyou County,2025-02-26,53.8,0.0,0.0
Siskiyou County,2025-02-27,58.0,0.0,0.0
Siskiyou County,2025-02-28,60.1,0.0,0.0
Siskiyou County,2025-03-01,60.1,0.008,0.0
Siskiyou County,2025-03-02,45.7,0.618,0.0
Siskiyou County,2025-03-03,48.5,0.0,0.0
Siskiyou County,2025-03-04,52.3,0.209,0.0
Siskiyou County,2025-03-05,50.4,0.579,1.626
Siskiyou County,2025-03-06,49.0,0.012,0.0
Siskiyou County,2025-03-07,51.0,0.0,0.0
Siskiyou County,2025-03-08,59.2,0.0,0.0
Siskiyou County,2025-03-09,58.1,0.0,0.0
Siskiyou County,2025-03-10,57.7,0.0,0.0
Siskiyou County,2025-03-11,62.2,0.0,0.0
Siskiyou County,2025-03-12,47.0,1.134,0.303
Siskiyou County,2025-03-13,37.6,0.724,4.106
Siskiyou County,2025-03-14,42.4,0.417,2.177
Siskiyou County,2025-03-15,47.3,0.122,0.661
Siskiyou County,2025-03-16,46.9,0.843,0.0
Siskiyou County,2025-03-17,39.2,0.917,4.85
Siskiyou County,2025-03-18,44.2,0.004,0.0
Siskiyou County,2025-03-19,51.2,0.205,0.11
Siskiyou County,2025-03-20,49.1,0.035,0.055
Siskiyou County,2025-03-21,52.1,0.122,0.0
Siskiyou County,2025-03-22,54.2,0.0,0.0
Siskiyou County,2025-03-23,62.4,0.0,0.0
Siskiyou County,2025-03-24,66.8,0.0,0.0
Siskiyou County,2025-03-25,70.2,0.0,0.0
Siskiyou County,2025-03-26,70.6,0.075,0.0
Siskiyou County,2025-03-27,55.5,0.492,0.0
Siskiyou County,2025-03-28,53.7,0.303,0.138
Siskiyou County,2025-03-29,52.2,0.5,0.138
Siskiyou County,2025-03-30,51.8,0.28,0.165
Siskiyou County,2025-03-31,48.0,0.134,0.055
Siskiyou County,2025-04-01,38.4,1.146,6.697
Siskiyou County,2025-04-02,47.0,0.031,0.0
Siskiyou County,2025-04-03,51.5,0.0,0.0
Siskiyou County,2025-04-04,56.4,0.0,0.0
Siskiyou County,2025-04-05,63.7,0.0,0.0
Siskiyou County,2025-04-06,68.4,0.138,0.0
Siskiyou County,2025-04-07,58.6,0.236,0.0
Siskiyou County,2025-04-08,64.0,0.024,0.0
Siskiyou County,2025-04-09,65.9,0.0,0.0
Siskiyou County,2025-04-10,74.3,0.0,0.0
Siskiyou County,2025-04-11,63.5,0.394,0.0
Siskiyou County,2025-04-12,55.9,0.0,0.0
Siskiyou County,2025-04-13,63.0,0.0,0.0
Siskiyou County,2025-04-14,66.7,0.0,0.0
Siskiyou County,2025-04-15,72.5,0.0,0.0
Siskiyou County,2025-04-16,67.4,0.0,0.0
Siskiyou County,2025-04-17,63.2,0.0,0.0
Siskiyou County,2025-04-18,63.9,0.0,0.0
Siskiyou County,2025-04-19,63.7,0.0,0.0
Siskiyou County,2025-04-20,64.1,0.0,0.0
Siskiyou County,2025-04-21,63.8,0.0,0.0
Siskiyou County,2025-04-22,64.1,0.012,0.0
Siskiyou County,2025-04-23,62.4,0.0,0.0
Siskiyou County,2025-04-24,68.7,0.008,0.0
Siskiyou County,2025-04-25,63.4,0.0,0.0
Siskiyou County,2025-04-26,52.1,0.169,0.0
Siskiyou County,2025-04-27,58.6,0.016,0.0
Siskiyou County,2025-04-28,66.2,0.0,0.0
Siskiyou County,2025-04-29,65.9,0.0,0.0
Siskiyou County,2025-04-30,71.0,0.0,0.0
Siskiyou County,2025-05-01,79.2,0.0,0.0
Siskiyou County,2025-05-02,77.3,0.0,0.0
Siskiyou County,2025-05-03,56.1,0.067,0.0
Siskiyou County,2025-05-04,62.0,0.0,0.0
Siskiyou County,2025-05-05,75.7,0.0,0.0
Siskiyou County,2025-05-06,75.4,0.0,0.0
Siskiyou County,2025-05-07,79.9,0.008,0.0
Siskiyou County,2025-05-08,82.7,0.0,0.0
Siskiyou County,2025-05-09,86.8,0.0,0.0
Siskiyou County,2025-05-10,81.4,0.0,0.0
Siskiyou County,2025-05-11,66.8,0.094,0.0
Siskiyou County,2025-05-12,55.9,0.843,0.0
Siskiyou County,2025-05-13,59.7,0.075,0.0
Siskiyou County,2025-05-14,61.2,0.0,0.0
Siskiyou County,2025-05-15,69.8,0.004,0.0
Siskiyou County,2025-05-16,70.8,0.0,0.0
Siskiyou County,2025-05-17,62.2,0.051,0.0
Siskiyou County,2025-05-18,66.4,0.0,0.0
Siskiyou County,2025-05-19,73.1,0.0,0.0
Siskiyou County,2025-05-20,70.1,0.0,0.0
Siskiyou County,2025-05-21,80.8,0.0,0.0
Siskiyou County,2025-05-22,76.1,0.0,0.0
Siskiyou County,2025-05-23,78.2,0.0,0.0
Siskiyou County,2025-05-24,85.3,0.0,0.0
Siskiyou County,2025-05-25,85.1,0.004,0.0
Siskiyou County,2025-05-26,75.7,0.0,0.0
Siskiyou County,2025-05-27,87.3,0.0,0.0
Siskiyou County,2025-05-28,91.7,0.0,0.0
Siskiyou County,2025-05-29,83.5,0.0,0.0
Siskiyou County,2025-05-30,95.6,0.0,0.0
Siskiyou County,2025-05-31,88.5,0.0,0.0
Siskiyou County,2025-06-01,78.5,0.0,0.0
Siskiyou County,2025-06-02,84.0,0.0,0.0
Siskiyou County,2025-06-03,82.0,0.0,0.0
Siskiyou County,2025-06-04,81.3,0.0,0.0
Siskiyou County,2025-06-05,85.1,0.0,0.0
Siskiyou County,2025-06-06,90.4,0.0,0.0
Siskiyou County,2025-06-07,95.2,0.0,0.0
Siskiyou County,2025-06-08,95.6,0.0,0.0
Siskiyou County,2025-06-09,99.1,0.0,0.0
Siskiyou County,2025-06-10,95.4,0.012,0.0
Siskiyou County,2025-06-11,89.3,0.0,0.0
Siskiyou County,2025-06-12,86.3,0.0,0.0
Siskiyou County,2025-06-13,81.2,0.0,0.0
Siskiyou County,2025-06-14,84.2,0.0,0.0
Siskiyou County,2025-06-15,84.5,0.0,0.0
Siskiyou County,2025-06-16,85.2,0.0,0.0
Siskiyou County,2025-06-17,87.4,0.0,0.0
Siskiyou County,2025-06-18,90.1,0.0,0.0
Siskiyou County,2025-06-19,86.8,0.0,0.0
Siskiyou County,2025-06-20,64.0,0.094,0.0
Siskiyou County,2025-06-21,64.5,0.083,0.0
Siskiyou County,2025-06-22,71.3,0.0,0.0
Siskiyou County,2025-06-23,81.9,0.0,0.0
Siskiyou County,2025-06-24,90.0,0.0,0.0
Siskiyou County,2025-06-25,91.9,0.0,0.0
Siskiyou County,2025-06-26,90.0,0.0,0.0
Siskiyou County,2025-06-27,86.7,0.0,0.0
Siskiyou County,2025-06-28,90.1,0.0,0.0
Siskiyou County,2025-06-29,99.0,0.0,0.0
Siskiyou County,2025-06-30,96.3,0.0,0.0
Siskiyou County,2025-07-01,91.3,0.028,0.0
Siskiyou County,2025-07-02,92.9,0.0,0.0
Siskiyou County,2025-07-03,88.7,0.012,0.0
Siskiyou County,2025-07-04,79.2,0.012,0.0
Siskiyou County,2025-07-05,87.4,0.0,0.0
Siskiyou County,2025-07-06,93.6,0.0,0.0
Siskiyou County,2025-07-07,97.4,0.0,0.0
Siskiyou County,2025-07-08,93.9,0.0,0.0
Siskiyou County,2025-07-09,89.3,0.0,0.0
Siskiyou County,2025-07-10,92.6,0.0,0.0
Siskiyou County,2025-07-11,97.3,0.0,0.0
Siskiyou County,2025-07-12,100.7,0.0,0.0
Siskiyou County,2025-07-13,103.6,0.0,0.0
Siskiyou County,2025-07-14,100.6,0.0,0.0
Siskiyou County,2025-07-15,99.8,0.0,0.0
Siskiyou County,2025-07-16,98.1,0.0,0.0
Siskiyou County,2025-07-17,97.2,0.0,0.0
Siskiyou County,2025-07-18,97.2,0.0,0.0
Siskiyou County,2025-07-19,98.9,0.0,0.0
Siskiyou County,2025-07-20,93.5,0.0,0.0
Siskiyou County,2025-07-21,84.8,0.193,0.0
Siskiyou County,2025-07-22,87.1,0.0,0.0
Siskiyou County,2025-07-23,90.3,0.0,0.0
Siskiyou County,2025-07-24,90.5,0.0,0.0
Siskiyou County,2025-07-25,89.0,0.445,0.0
Siskiyou County,2025-07-26,88.2,0.0,0.0
Siskiyou County,2025-07-27,89.1,0.004,0.0
Siskiyou County,2025-07-28,90.2,0.0,0.0
Siskiyou County,2025-07-29,92.8,0.0,0.0
Siskiyou County,2025-07-30,91.4,0.028,0.0
Siskiyou County,2025-07-31,88.7,0.0,0.0
Siskiyou County,2025-08-01,89.2,0.075,0.0
Siskiyou County,2025-08-02,88.6,0.0,0.0
Siskiyou County,2025-08-03,87.2,0.012,0.0
Siskiyou County,2025-08-04,84.7,0.0,0.0
Siskiyou County,2025-08-05,87.7,0.0,0.0
Siskiyou County,2025-08-06,85.6,0.0,0.0
Siskiyou County,2025-08-07,86.3,0.0,0.0
Siskiyou County,2025-08-08,89.5,0.0,0.0
Siskiyou County,2025-08-09,93.2,0.0,0.0
Siskiyou County,2025-08-10,99.8,0.0,0.0
Siskiyou County,2025-08-11,104.1,0.0,0.0
Siskiyou County,2025-08-12,103.0,0.0,0.0
Siskiyou County,2025-08-13,97.8,0.0,0.0
Siskiyou County,2025-08-14,90.2,0.0,0.0
Siskiyou County,2025-08-15,89.8,0.0,0.0
Siskiyou County,2025-08-16,73.0,0.35,0.0
Siskiyou County,2025-08-17,84.2,0.012,0.0
Siskiyou County,2025-08-18,85.2,0.0,0.0
Siskiyou County,2025-08-19,86.1,0.0,0.0
Siskiyou County,2025-08-20,87.2,0.0,0.0
Siskiyou County,2025-08-21,92.0,0.0,0.0
Siskiyou County,2025-08-22,97.3,0.0,0.0
Siskiyou County,2025-08-23,98.7,0.0,0.0
Siskiyou County,2025-08-24,96.6,0.0,0.0
Siskiyou County,2025-08-25,92.1,0.0,0.0
Siskiyou County,2025-08-26,90.1,0.012,0.0
Siskiyou County,2025-08-27,91.5,0.0,0.0
Siskiyou County,2025-08-28,92.8,0.0,0.0
Siskiyou County,2025-08-29,92.9,0.0,0.0
Siskiyou County,2025-08-30,92.1,0.0,0.0
Siskiyou County,2025-08-31,93.9,0.0,0.0
Siskiyou County,2025-09-01,94.7,0.0,0.0
Siskiyou County,2025-09-02,92.0,0.0,0.0
Siskiyou County,2025-09-03,93.6,0.004,0.0
Siskiyou County,2025-09-04,95.8,0.0,0.0
Siskiyou County,2025-09-05,92.9,0.0,0.0
Siskiyou County,2025-09-06,88.2,0.0,0.0
Siskiyou County,2025-09-07,86.5,0.0,0.0
Siskiyou County,2025-09-08,80.0,0.618,0.0
Siskiyou County,2025-09-09,67.3,0.409,0.0
Siskiyou County,2025-09-10,68.5,0.0,0.0
Siskiyou County,2025-09-11,71.2,0.311,0.0
Siskiyou County,2025-09-12,74.7,0.0,0.0
Siskiyou County,2025-09-13,81.5,0.0,0.0
Siskiyou County,2025-09-14,75.3,0.0,0.0
Siskiyou County,2025-09-15,76.7,0.0,0.0
Siskiyou County,2025-09-16,86.8,0.0,0.0
Siskiyou County,2025-09-17,87.1,0.0,0.0
Siskiyou County,2025-09-18,85.3,0.0,0.0
Siskiyou County,2025-09-19,84.6,0.008,0.0
Siskiyou County,2025-09-20,82.7,0.035,0.0
Siskiyou County,2025-09-21,82.9,0.0,0.0
Siskiyou County,2025-09-22,79.7,0.0,0.0
Siskiyou County,2025-09-23,84.1,0.0,0.0
Siskiyou County,2025-09-24,87.0,0.0,0.0
Siskiyou County,2025-09-25,84.3,0.0,0.0
Siskiyou County,2025-09-26,80.2,0.0,0.0
Siskiyou County,2025-09-27,84.6,0.0,0.0
Siskiyou County,2025-09-28,79.6,0.0,0.0
Siskiyou County,2025-09-29,67.8,0.276,0.0
Siskiyou County,2025-09-30,65.5,0.035,0.0
Siskiyou County,2025-10-01,65.6,0.098,0.0
Siskiyou County,2025-10-02,62.2,0.547,0.0
Siskiyou County,2025-10-03,62.0,0.024,0.0
Siskiyou County,2025-10-04,63.7,0.0,0.0
Siskiyou County,2025-10-05,67.1,0.0,0.0
Siskiyou County,2025-10-06,68.4,0.0,0.0
Siskiyou County,2025-10-07,70.3,0.0,0.0
Siskiyou County,2025-10-08,76.6,0.012,0.0
Siskiyou County,2025-10-09,65.0,0.075,0.0
Siskiyou County,2025-10-10,54.4,1.24,0.0
Siskiyou County,2025-10-11,56.4,0.028,0.0
Siskiyou County,2025-10-12,55.2,0.028,0.0
Siskiyou County,2025-10-13,48.3,0.539,0.0
Siskiyou County,2025-10-14,58.2,0.0,0.0
Siskiyou County,2025-10-15,62.2,0.0,0.0
Siskiyou County,2025-10-16,62.0,0.0,0.0
Siskiyou County,2025-10-17,66.1,0.0,0.0
Siskiyou County,2025-10-18,67.3,0.0,0.0
Siskiyou County,2025-10-19,62.3,0.008,0.0
Siskiyou County,2025-10-20,60.1,0.0,0.0
Siskiyou County,2025-10-21,63.1,0.0,0.0
Siskiyou County,2025-10-22,69.1,0.0,0.0
Siskiyou County,2025-10-23,67.5,0.0,0.0
Siskiyou County,2025-10-24,68.8,0.209,0.0
Siskiyou County,2025-10-25,56.3,0.898,0.0
Siskiyou County,2025-10-26,45.0,0.378,0.0
Siskiyou County,2025-10-27,52.6,0.0,0.0
Siskiyou County,2025-10-28,57.5,0.0,0.0
Siskiyou County,2025-10-29,62.0,0.0,0.0
Siskiyou County,2025-10-30,54.7,0.0,0.0
Siskiyou County,2025-10-31,60.3,0.0,0.0
Siskiyou County,2025-11-01,70.2,0.0,0.0
Siskiyou County,2025-11-02,58.3,0.173,0.0
Siskiyou County,2025-11-03,67.6,0.102,0.0
Siskiyou County,2025-11-04,59.0,0.154,0.0
Siskiyou County,2025-11-05,60.4,1.465,0.0
Siskiyou County,2025-11-06,60.9,0.138,0.0
Siskiyou County,2025-11-07,59.2,0.098,0.0
Siskiyou County,2025-11-08,57.5,0.0,0.0
Siskiyou County,2025-11-09,61.3,0.0,0.0
Siskiyou County,2025-11-10,65.8,0.0,0.0
Siskiyou County,2025-11-11,58.3,0.0,0.0
Siskiyou County,2025-11-12,61.9,0.008,0.0
Siskiyou County,2025-11-13,59.2,0.622,0.0
Siskiyou County,2025-11-14,58.4,0.0,0.0
Siskiyou County,2025-11-15,57.7,0.0,0.0
Siskiyou County,2025-11-16,59.2,0.094,0.0
Siskiyou County,2025-11-17,50.2,0.567,0.0
Siskiyou County,2025-11-18,49.8,0.0,0.0
Siskiyou County,2025-11-19,53.7,0.016,0.0
Siskiyou County,2025-11-20,48.4,0.205,0.0
Siskiyou County,2025-11-21,50.2,0.0,0.0
Siskiyou County,2025-11-22,47.1,0.0,0.0
Siskiyou County,2025-11-23,53.9,0.0,0.0
Siskiyou County,2025-11-24,53.7,0.0,0.0
Siskiyou County,2025-11-25,51.7,0.0,0.0
Siskiyou County,2025-11-26,55.9,0.0,0.0
Siskiyou County,2025-11-27,59.6,0.0,0.0
Siskiyou County,2025-11-28,48.7,0.0,0.0
Siskiyou County,2025-11-29,47.9,0.0,0.0
Siskiyou County,2025-11-30,48.3,0.0,0.0
Siskiyou County,2025-12-01,44.8,0.0,0.0
Siskiyou County,2025-12-02,52.0,0.0,0.0
Siskiyou County,2025-12-03,43.0,0.0,0.0
Siskiyou County,2025-12-04,49.6,0.0,0.0
Siskiyou County,2025-12-05,54.8,0.0,0.0
Siskiyou County,2025-12-06,56.6,0.0,0.0
Siskiyou County,2025-12-07,57.1,0.0,0.0
Siskiyou County,2025-12-08,57.2,0.0,0.0
Siskiyou County,2025-12-09,58.2,0.0,0.0
Siskiyou County,2025-12-10,60.4,0.0,0.0
Siskiyou County,2025-12-11,55.5,0.0,0.0
Siskiyou County,2025-12-12,49.6,0.0,0.0
Siskiyou County,2025-12-13,49.5,0.0,0.0
Siskiyou County,2025-12-14,49.6,0.0,0.0
Siskiyou County,2025-12-15,56.3,0.016,0.0
Siskiyou County,2025-12-16,51.5,0.815,0.0
Siskiyou County,2025-12-17,52.3,0.559,0.0
Siskiyou County,2025-12-18,58.0,0.043,0.0
Siskiyou County,2025-12-19,52.3,1.177,0.0
Siskiyou County,2025-12-20,50.4,0.11,0.0
Siskiyou County,2025-12-21,49.5,2.768,0.0
Siskiyou County,2025-12-22,56.3,0.681,0.0
Siskiyou County,2025-12-23,46.2,0.642,0.441
Siskiyou County,2025-12-24,55.0,0.98,0.0
Siskiyou County,2025-12-25,41.1,3.35,6.807
Siskiyou County,2025-12-26,41.1,0.402,0.386
Siskiyou County,2025-12-27,39.1,0.079,0.0
Siskiyou County,2025-12-28,41.1,0.0,0.0
Siskiyou County,2025-12-29,39.7,0.0,0.0
Siskiyou County,2025-12-30,43.8,0.0,0.0
Siskiyou County,2025-12-31,45.0,0.067,0.0
Siskiyou County,2026-01-01,47.1,0.287,0.0
Siskiyou County,2026-01-02,51.9,0.059,0.0
Siskiyou County,2026-01-03,45.5,2.693,3.224
Siskiyou County,2026-01-04,48.8,0.957,0.055
Siskiyou County,2026-01-05,42.5,0.28,0.248
Siskiyou County,2026-01-06,48.7,0.02,0.0
Siskiyou County,2026-01-07,49.3,0.228,0.165
Siskiyou County,2026-01-08,36.5,0.063,0.386
Siskiyou County,2026-01-09,39.6,0.0,0.0
Siskiyou County,2026-01-10,44.2,0.0,0.0
Siskiyou County,2026-01-11,45.2,0.0,0.0
Siskiyou County,2026-01-12,48.6,0.0,0.0
Siskiyou County,2026-01-13,47.6,0.0,0.0
Siskiyou County,2026-01-14,50.5,0.0,0.0
Siskiyou County,2026-01-15,56.2,0.0,0.0
Siskiyou County,2026-01-16,52.8,0.0,0.0
Siskiyou County,2026-01-17,48.5,0.0,0.0
Siskiyou County,2026-01-18,49.2,0.0,0.0
Siskiyou County,2026-01-19,51.4,0.0,0.0
Siskiyou County,2026-01-20,44.3,0.0,0.0
Siskiyou County,2026-01-21,48.9,0.0,0.0
Siskiyou County,2026-01-22,51.2,0.0,0.0
Siskiyou County,2026-01-23,50.4,0.0,0.0
Siskiyou County,2026-01-24,45.9,0.0,0.0
Siskiyou County,2026-01-25,43.7,0.0,0.0
Siskiyou County,2026-01-26,53.8,0.0,0.0
Siskiyou County,2026-01-27,54.6,0.051,0.0
Siskiyou County,2026-01-28,47.5,0.031,0.0
Siskiyou County,2026-01-29,47.9,0.0,0.0
Siskiyou County,2026-01-30,55.9,0.0,0.0
Siskiyou County,2026-01-31,52.3,0.0,0.0
Siskiyou County,2026-02-01,58.1,0.0,0.0
Siskiyou County,2026-02-02,52.2,0.0,0.0
Siskiyou County,2026-02-03,52.4,0.0,0.0
Siskiyou County,2026-02-04,54.2,0.0,0.0
Siskiyou County,2026-02-05,55.9,0.0,0.0
Siskiyou County,2026-02-06,57.2,0.0,0.0
Siskiyou County,2026-02-07,53.9,0.0,0.0
Siskiyou County,2026-02-08,55.3,0.945,0.0
Siskiyou County,2026-02-09,49.5,0.185,0.0
Siskiyou County,2026-02-10,48.3,0.102,0.138
Siskiyou County,2026-02-11,53.3,0.004,0.0
Siskiyou County,2026-02-12,52.8,0.0,0.0
Siskiyou County,2026-02-13,55.5,0.0,0.0
Siskiyou County,2026-02-14,52.3,0.059,0.0
Siskiyou County,2026-02-15,49.8,0.118,0.0
Siskiyou County,2026-02-16,49.4,0.441,0.276
Siskiyou County,2026-02-17,35.6,0.583,4.024
Siskiyou County,2026-02-18,35.3,0.169,1.185
Siskiyou County,2026-02-19,33.4,0.394,2.783
Siskiyou County,2026-02-20,35.2,0.0,0.0
Siskiyou County,2026-02-21,42.2,0.0,0.0
Siskiyou County,2026-02-22,50.9,0.106,0.0
Siskiyou County,2026-02-23,55.0,0.181,0.0
Siskiyou County,2026-02-24,48.8,1.815,0.0
Siskiyou County,2026-02-25,61.8,0.098,0.0
Siskiyou County,2026-02-26,60.1,0.0,0.0
Siskiyou County,2026-02-27,62.9,0.0,0.0
Siskiyou County,2026-02-28,56.2,0.425,0.0
Siskiyou County,2026-03-01,52.8,0.728,0.0
Siskiyou County,2026-03-02,56.8,0.075,0.0
Siskiyou County,2026-03-03,61.6,0.0,0.0
Siskiyou County,2026-03-04,51.1,0.339,0.193
Siskiyou County,2026-03-05,50.8,0.012,0.0
Siskiyou County,2026-03-06,56.1,0.0,0.0
Siskiyou County,2026-03-07,64.9,0.0,0.0
Siskiyou County,2026-03-08,65.5,0.0,0.0
Siskiyou County,2026-03-09,56.4,0.0,0.0
Siskiyou County,2026-03-10,55.8,0.0,0.0
Siskiyou County,2026-03-11,61.9,0.0,0.0
Siskiyou County,2026-03-12,64.9,0.0,0.0
Siskiyou County,2026-03-13,67.2,0.0,0.0
Siskiyou County,2026-03-14,65.1,0.0,0.0
Siskiyou County,2026-03-15,62.8,0.0,0.0
Siskiyou County,2026-03-16,69.5,0.0,0.0
Siskiyou County,2026-03-17,73.8,0.0,0.0
Siskiyou County,2026-03-18,73.9,0.0,0.0
Siskiyou County,2026-03-19,74.4,0.0,0.0
Siskiyou County,2026-03-20,73.0,0.0,0.0
Siskiyou County,2026-03-21,70.2,0.0,0.0
Siskiyou County,2026-03-22,63.9,0.0,0.0
Siskiyou County,2026-03-23,71.6,0.0,0.0
Siskiyou County,2026-03-24,74.3,0.0,0.0
Siskiyou County,2026-03-25,67.8,0.0,0.0
Siskiyou County,2026-03-26,61.2,0.0,0.0
Siskiyou County,2026-03-27,67.9,0.0,0.0
Siskiyou County,2026-03-28,72.0,0.0,0.0
Siskiyou County,2026-03-29,73.7,0.0,0.0
Siskiyou County,2026-03-30,61.7,0.083,0.0
Siskiyou County,2026-03-31,61.7,0.185,0.0
Siskiyou County,2026-04-01,54.7,0.701,0.0
Siskiyou County,2026-04-02,49.7,0.102,0.22
Siskiyou County,2026-04-03,62.5,0.0,0.0
Siskiyou County,2026-04-04,68.6,0.0,0.0
Siskiyou County,2026-04-05,72.1,0.0,0.0
Siskiyou County,2026-04-06,72.3,0.0,0.0
Siskiyou County,2026-04-07,72.3,0.0,0.0
Siskiyou County,2026-04-08,70.4,0.217,0.0
Siskiyou County,2026-04-09,66.5,0.004,0.0
Siskiyou County,2026-04-10,64.1,0.079,0.0
Siskiyou County,2026-04-11,54.1,0.705,0.0
Siskiyou County,2026-04-12,54.6,0.063,0.11
Siskiyou County,2026-04-13,57.1,0.102,0.0
Siskiyou County,2026-04-14,64.1,0.012,0.0
Siskiyou County,2026-04-15,56.7,0.039,0.0
Siskiyou County,2026-04-16,49.7,0.0,0.0
Siskiyou County,2026-04-17,60.0,0.02,0.0
Siskiyou County,2026-04-18,70.8,0.0,0.0
Siskiyou County,2026-04-19,68.5,0.0,0.0
Siskiyou County,2026-04-20,57.3,0.201,0.0
Siskiyou County,2026-04-21,58.9,0.846,0.0
Siskiyou County,2026-04-22,57.4,0.295,0.0
Siskiyou County,2026-04-23,61.9,0.008,0.0
Siskiyou County,2026-04-24,67.1,0.0,0.0
Siskiyou County,2026-04-25,64.8,0.028,0.0
Siskiyou County,2026-04-26,59.3,0.035,0.0
Siskiyou County,2026-04-27,60.4,0.028,0.0
Siskiyou County,2026-04-28,65.9,0.0,0.0
Siskiyou County,2026-04-29,69.7,0.0,0.0
Siskiyou County,2026-04-30,73.8,0.0,0.0
Siskiyou County,2026-05-01,78.4,0.0,0.0
Siskiyou County,2026-05-02,75.3,0.004,0.0
Siskiyou County,2026-05-03,76.3,0.028,0.0
Siskiyou County,2026-05-04,72.4,0.035,0.0
Siskiyou County,2026-05-05,76.5,0.0,0.0
Siskiyou County,2026-05-06,81.6,0.0,0.0
Siskiyou County,2026-05-07,82.4,0.0,0.0
Siskiyou County,2026-05-08,76.7,0.0,0.0
Siskiyou County,2026-05-09,83.1,0.0,0.0
Siskiyou County,2026-05-10,84.5,0.0,0.0
Siskiyou County,2026-05-11,85.4,0.0,0.0
Siskiyou County,2026-05-12,85.2,0.004,0.0
Siskiyou County,2026-05-13,69.7,0.0,0.0
Siskiyou County,2026-05-14,76.2,0.0,0.0
Siskiyou County,2026-05-15,71.1,0.0,0.0
Siskiyou County,2026-05-16,59.4,0.0,0.0
Siskiyou County,2026-05-17,60.2,0.0,0.0
Siskiyou County,2026-05-18,68.6,0.0,0.0
Siskiyou County,2026-05-19,73.6,0.0,0.0
Siskiyou County,2026-05-20,76.9,0.0,0.0
Siskiyou County,2026-05-21,80.3,0.0,0.0
Siskiyou County,2026-05-22,83.3,0.004,0.0
Siskiyou County,2026-05-23,82.0,0.087,0.0
Siskiyou County,2026-05-24,80.1,0.008,0.0
Siskiyou County,2026-05-25,81.9,0.071,0.0
Siskiyou County,2026-05-26,59.5,0.205,0.0
Siskiyou County,2026-05-27,61.2,0.614,0.0
Siskiyou County,2026-05-28,64.6,0.5,0.0
Siskiyou County,2026-05-29,63.6,0.165,0.0
Siskiyou County,2026-05-30,65.0,0.008,0.0
Siskiyou County,2026-05-31,71.2,0.0,0.0
Siskiyou County,2026-06-01,77.5,0.0,0.0
Siskiyou County,2026-06-02,83.1,0.0,0.0
Siskiyou County,2026-06-03,79.8,0.0,0.0
Siskiyou County,2026-06-04,77.9,0.0,0.0
Siskiyou County,2026-06-05,79.5,0.0,0.0
Siskiyou County,2026-06-06,69.7,0.0,0.0
Siskiyou County,2026-06-07,69.8,0.0,0.0
Siskiyou County,2026-06-08,68.8,0.031,0.0
Siskiyou County,2026-06-09,75.6,0.031,0.0
Siskiyou County,2026-06-10,78.1,0.0,0.0
Siskiyou County,2026-06-11,83.2,0.0,0.0
Siskiyou County,2026-06-12,87.4,0.0,0.0
Siskiyou County,2026-06-13,89.1,0.0,0.0
Siskiyou County,2026-06-14,91.0,0.0,0.0
Siskiyou County,2026-06-15,93.6,0.0,0.0
Siskiyou County,2026-06-16,93.0,0.0,0.0
Siskiyou County,2026-06-17,93.9,0.0,0.0
Siskiyou County,2026-06-18,92.8,0.0,0.0
Siskiyou County,2026-06-19,85.6,0.059,0.0
Siskiyou County,2026-06-20,84.3,0.169,0.0
Siskiyou County,2026-06-21,85.6,0.0,0.0
Siskiyou County,2026-06-22,91.2,0.0,0.0
Siskiyou County,2026-06-23,90.4,0.0,0.0
Siskiyou County,2026-06-24,88.0,0.0,0.0
Siskiyou County,2026-06-25,86.6,0.0,0.0
Siskiyou County,2026-06-26,78.7,0.094,0.0
Siskiyou County,2026-06-27,70.2,0.024,0.0
Siskiyou County,2026-06-28,67.6,0.0,0.0
Siskiyou County,2026-06-29,72.4,0.0,0.0
Siskiyou County,2026-06-30,77.6,0.0,0.0
Siskiyou County,2026-07-01,79.3,0.0,0.0
Siskiyou County,2026-07-02,84.8,0.0,0.0
Siskiyou County,2026-07-03,89.5,0.0,0.0
Siskiyou County,2026-07-04,93.8,0.0,0.0
Siskiyou County,2026-07-05,91.9,0.0,0.0
Siskiyou County,2026-07-06,90.1,0.004,0.0
Siskiyou County,2026-07-07,92.5,0.0,0.0
Siskiyou County,2026-07-08,91.9,0.0,0.0
Siskiyou County,2026-07-09,93.0,0.0,0.0
Siskiyou County,2026-07-10,93.6,0.0,0.0
Siskiyou County,2026-07-11,89.6,0.0,0.0
Siskiyou County,2026-07-12,91.5,0.0,0.0
Siskiyou County,2026-07-13,93.7,0.0,0.0
Siskiyou County,2026-07-14,91.5,0.0,0.0
Siskiyou County,2026-07-15,95.3,0.0,0.0
Siskiyou County,2026-07-16,89.4,0.0,0.0
Siskiyou County,2026-07-17,93.4,0.0,0.0
Siskiyou County,2026-07-18,92.9,0.0,0.0
Siskiyou County,2026-07-19,94.6,0.0,0.0
Siskiyou County,2026-07-20,92.0,0.098,0.0
Siskiyou County,2026-07-21,94.8,0.008,0.0
Siskiyou County,2026-07-22,92.7,0.0,0.0
Siskiyou County,2026-07-23,92.6,0.0,0.0
Siskiyou County,2026-07-24,96.7,0.0,0.0
Siskiyou County,2026-07-25,91.8,0.0,0.0
Siskiyou County,2026-07-26,89.3,0.0,0.0
Siskiyou County,2026-07-27,90.5,0.0,0.0
Siskiyou County,2026-07-28,90.8,0.0,0.0
Siskiyou County,2026-07-29,92.6,0.0,0.0
Calaveras County,2023-07-30,95.0,0.0,0.0
Calaveras County,2023-07-31,93.8,0.0,0.0
Calaveras County,2023-08-01,90.7,0.0,0.0
Calaveras County,2023-08-02,85.5,0.0,0.0
Calaveras County,2023-08-03,82.3,0.0,0.0
Calaveras County,2023-08-04,86.4,0.0,0.0
Calaveras County,2023-08-05,89.7,0.0,0.0
Calaveras County,2023-08-06,95.8,0.0,0.0
Calaveras County,2023-08-07,95.2,0.0,0.0
Calaveras County,2023-08-08,90.5,0.0,0.0
Calaveras County,2023-08-09,88.2,0.0,0.0
Calaveras County,2023-08-10,87.3,0.0,0.0
Calaveras County,2023-08-11,85.4,0.0,0.0
Calaveras County,2023-08-12,89.5,0.0,0.0
Calaveras County,2023-08-13,93.6,0.0,0.0
Calaveras County,2023-08-14,96.9,0.0,0.0
Calaveras County,2023-08-15,100.5,0.0,0.0
Calaveras County,2023-08-16,100.1,0.0,0.0
Calaveras County,2023-08-17,97.4,0.0,0.0
Calaveras County,2023-08-18,92.2,0.0,0.0
Calaveras County,2023-08-19,92.7,0.008,0.0
Calaveras County,2023-08-20,83.1,0.079,0.0
Calaveras County,2023-08-21,78.8,0.39,0.0
Calaveras County,2023-08-22,80.8,0.039,0.0
Calaveras County,2023-08-23,88.2,0.0,0.0
Calaveras County,2023-08-24,90.4,0.0,0.0
Calaveras County,2023-08-25,85.4,0.0,0.0
Calaveras County,2023-08-26,87.3,0.0,0.0
Calaveras County,2023-08-27,87.6,0.0,0.0
Calaveras County,2023-08-28,91.8,0.0,0.0
Calaveras County,2023-08-29,88.8,0.0,0.0
Calaveras County,2023-08-30,92.6,0.0,0.0
Calaveras County,2023-08-31,89.1,0.0,0.0
Calaveras County,2023-09-01,72.6,0.933,0.0
Calaveras County,2023-09-02,71.4,0.441,0.0
Calaveras County,2023-09-03,68.3,0.205,0.0
Calaveras County,2023-09-04,75.0,0.0,0.0
Calaveras County,2023-09-05,79.8,0.0,0.0
Calaveras County,2023-09-06,80.9,0.0,0.0
Calaveras County,2023-09-07,82.9,0.0,0.0
Calaveras County,2023-09-08,85.9,0.0,0.0
Calaveras County,2023-09-09,83.0,0.004,0.0
Calaveras County,2023-09-10,85.6,0.0,0.0
Calaveras County,2023-09-11,86.4,0.0,0.0
Calaveras County,2023-09-12,83.7,0.0,0.0
Calaveras County,2023-09-13,83.7,0.0,0.0
Calaveras County,2023-09-14,85.2,0.0,0.0
Calaveras County,2023-09-15,88.0,0.0,0.0
Calaveras County,2023-09-16,85.4,0.0,0.0
Calaveras County,2023-09-17,77.5,0.0,0.0
Calaveras County,2023-09-18,75.6,0.0,0.0
Calaveras County,2023-09-19,76.1,0.0,0.0
Calaveras County,2023-09-20,77.3,0.0,0.0
Calaveras County,2023-09-21,71.8,0.059,0.0
Calaveras County,2023-09-22,73.8,0.0,0.0
Calaveras County,2023-09-23,75.5,0.0,0.0
Calaveras County,2023-09-24,78.2,0.0,0.0
Calaveras County,2023-09-25,77.0,0.0,0.0
Calaveras County,2023-09-26,74.0,0.0,0.0
Calaveras County,2023-09-27,75.6,0.0,0.0
Calaveras County,2023-09-28,76.5,0.0,0.0
Calaveras County,2023-09-29,73.1,0.362,0.0
Calaveras County,2023-09-30,58.9,0.433,0.0
Calaveras County,2023-10-01,64.6,0.0,0.0
Calaveras County,2023-10-02,67.4,0.0,0.0
Calaveras County,2023-10-03,71.7,0.0,0.0
Calaveras County,2023-10-04,79.9,0.0,0.0
Calaveras County,2023-10-05,84.2,0.0,0.0
Calaveras County,2023-10-06,86.9,0.0,0.0
Calaveras County,2023-10-07,89.3,0.0,0.0
Calaveras County,2023-10-08,86.6,0.0,0.0
Calaveras County,2023-10-09,72.5,0.0,0.0
Calaveras County,2023-10-10,67.9,0.063,0.0
Calaveras County,2023-10-11,63.4,0.098,0.0
Calaveras County,2023-10-12,68.7,0.0,0.0
Calaveras County,2023-10-13,73.2,0.0,0.0
Calaveras County,2023-10-14,75.1,0.0,0.0
Calaveras County,2023-10-15,79.3,0.0,0.0
Calaveras County,2023-10-16,77.8,0.0,0.0
Calaveras County,2023-10-17,77.8,0.0,0.0
Calaveras County,2023-10-18,85.6,0.0,0.0
Calaveras County,2023-10-19,89.4,0.0,0.0
Calaveras County,2023-10-20,83.5,0.0,0.0
Calaveras County,2023-10-21,73.7,0.0,0.0
Calaveras County,2023-10-22,66.1,0.193,0.0
Calaveras County,2023-10-23,67.9,0.016,0.0
Calaveras County,2023-10-24,67.8,0.0,0.0
Calaveras County,2023-10-25,62.7,0.012,0.0
Calaveras County,2023-10-26,61.2,0.0,0.0
Calaveras County,2023-10-27,60.4,0.0,0.0
Calaveras County,2023-10-28,58.8,0.0,0.0
Calaveras County,2023-10-29,63.1,0.0,0.0
Calaveras County,2023-10-30,67.0,0.0,0.0
Calaveras County,2023-10-31,70.5,0.0,0.0
Calaveras County,2023-11-01,71.8,0.0,0.0
Calaveras County,2023-11-02,73.1,0.0,0.0
Calaveras County,2023-11-03,74.1,0.0,0.0
Calaveras County,2023-11-04,74.6,0.0,0.0
Calaveras County,2023-11-05,68.3,0.102,0.0
Calaveras County,2023-11-06,57.5,1.492,0.0
Calaveras County,2023-11-07,55.1,0.016,0.0
Calaveras County,2023-11-08,60.1,0.0,0.0
Calaveras County,2023-11-09,60.3,0.0,0.0
Calaveras County,2023-11-10,63.3,0.0,0.0
Calaveras County,2023-11-11,65.1,0.0,0.0
Calaveras County,2023-11-12,69.3,0.0,0.0
Calaveras County,2023-11-13,66.9,0.0,0.0
Calaveras County,2023-11-14,65.8,0.0,0.0
Calaveras County,2023-11-15,66.6,0.157,0.0
Calaveras County,2023-11-16,63.1,0.307,0.0
Calaveras County,2023-11-17,63.3,0.02,0.0
Calaveras County,2023-11-18,54.3,0.945,0.0
Calaveras County,2023-11-19,52.9,0.22,0.0
Calaveras County,2023-11-20,57.7,0.0,0.0
Calaveras County,2023-11-21,64.6,0.0,0.0
Calaveras County,2023-11-22,63.8,0.0,0.0
Calaveras County,2023-11-23,59.4,0.0,0.0
Calaveras County,2023-11-24,55.5,0.0,0.0
Calaveras County,2023-11-25,55.8,0.0,0.0
Calaveras County,2023-11-26,57.5,0.0,0.0
Calaveras County,2023-11-27,56.8,0.0,0.0
Calaveras County,2023-11-28,59.3,0.0,0.0
Calaveras County,2023-11-29,55.6,0.0,0.0
Calaveras County,2023-11-30,52.8,0.035,0.0
Calaveras County,2023-12-01,51.3,0.008,0.0
Calaveras County,2023-12-02,53.1,0.035,0.0
Calaveras County,2023-12-03,56.5,0.0,0.0
Calaveras County,2023-12-04,58.6,0.0,0.0
Calaveras County,2023-12-05,65.7,0.0,0.0
Calaveras County,2023-12-06,63.0,0.346,0.0
Calaveras County,2023-12-07,51.4,0.075,0.0
Calaveras County,2023-12-08,50.8,0.0,0.0
Calaveras County,2023-12-09,54.3,0.0,0.0
Calaveras County,2023-12-10,57.8,0.0,0.0
Calaveras County,2023-12-11,56.8,0.0,0.0
Calaveras County,2023-12-12,55.3,0.0,0.0
Calaveras County,2023-12-13,59.0,0.0,0.0
Calaveras County,2023-12-14,59.9,0.0,0.0
Calaveras County,2023-12-15,64.5,0.0,0.0
Calaveras County,2023-12-16,66.3,0.0,0.0
Calaveras County,2023-12-17,64.8,0.024,0.0
Calaveras County,2023-12-18,59.0,0.756,0.0
Calaveras County,2023-12-19,53.2,0.583,0.0
Calaveras County,2023-12-20,56.7,0.252,0.0
Calaveras County,2023-12-21,61.9,0.0,0.0
Calaveras County,2023-12-22,62.5,0.0,0.0
Calaveras County,2023-12-23,53.1,0.0,0.0
Calaveras County,2023-12-24,52.9,0.0,0.0
Calaveras County,2023-12-25,56.2,0.0,0.0
Calaveras County,2023-12-26,58.1,0.0,0.0
Calaveras County,2023-12-27,55.9,0.201,0.0
Calaveras County,2023-12-28,58.5,0.0,0.0
Calaveras County,2023-12-29,59.8,0.0,0.0
Calaveras County,2023-12-30,50.0,0.689,0.0
Calaveras County,2023-12-31,51.1,0.0,0.0
Calaveras County,2024-01-01,56.5,0.0,0.0
Calaveras County,2024-01-02,52.5,0.189,0.11
Calaveras County,2024-01-03,43.0,0.508,0.055
Calaveras County,2024-01-04,50.1,0.0,0.0
Calaveras County,2024-01-05,54.5,0.0,0.0
Calaveras County,2024-01-06,44.5,0.472,2.15
Calaveras County,2024-01-07,43.7,0.0,0.0
Calaveras County,2024-01-08,43.7,0.0,0.0
Calaveras County,2024-01-09,45.6,0.122,0.0
Calaveras County,2024-01-10,38.6,1.0,1.929
Calaveras County,2024-01-11,43.7,0.055,0.0
Calaveras County,2024-01-12,42.4,0.0,0.0
Calaveras County,2024-01-13,43.1,0.795,0.0
Calaveras County,2024-01-14,53.1,0.469,0.0
Calaveras County,2024-01-15,54.7,0.0,0.0
Calaveras County,2024-01-16,55.3,0.52,0.0
Calaveras County,2024-01-17,55.8,0.256,0.0
Calaveras County,2024-01-18,52.7,0.0,0.0
Calaveras County,2024-01-19,60.7,0.106,0.0
Calaveras County,2024-01-20,53.5,1.413,0.0
Calaveras County,2024-01-21,54.8,0.138,0.0
Calaveras County,2024-01-22,50.5,1.343,0.0
Calaveras County,2024-01-23,56.6,0.016,0.0
Calaveras County,2024-01-24,49.3,0.205,0.0
Calaveras County,2024-01-25,54.1,0.028,0.0
Calaveras County,2024-01-26,56.9,0.0,0.0
Calaveras County,2024-01-27,60.0,0.0,0.0
Calaveras County,2024-01-28,67.6,0.0,0.0
Calaveras County,2024-01-29,68.0,0.0,0.0
Calaveras County,2024-01-30,65.5,0.0,0.0
Calaveras County,2024-01-31,60.7,0.256,0.0
Calaveras County,2024-02-01,49.3,1.047,0.0
Calaveras County,2024-02-02,44.1,0.886,1.626
Calaveras County,2024-02-03,48.1,0.22,0.882
Calaveras County,2024-02-04,51.2,0.878,0.0
Calaveras County,2024-02-05,48.7,0.657,0.165
Calaveras County,2024-02-06,48.1,0.031,0.0
Calaveras County,2024-02-07,39.9,0.748,2.094
Calaveras County,2024-02-08,43.3,0.035,0.0
Calaveras County,2024-02-09,47.5,0.0,0.0
Calaveras County,2024-02-10,50.1,0.0,0.0
Calaveras County,2024-02-11,52.7,0.0,0.0
Calaveras County,2024-02-12,55.7,0.0,0.0
Calaveras County,2024-02-13,52.4,0.0,0.0
Calaveras County,2024-02-14,53.3,0.445,0.0
Calaveras County,2024-02-15,55.5,0.504,0.0
Calaveras County,2024-02-16,57.0,0.0,0.0
Calaveras County,2024-02-17,55.8,0.177,0.0
Calaveras County,2024-02-18,60.9,0.366,0.0
Calaveras County,2024-02-19,52.9,1.732,0.0
Calaveras County,2024-02-20,55.6,0.996,0.524
Calaveras County,2024-02-21,52.1,0.181,0.138
Calaveras County,2024-02-22,56.0,0.0,0.0
Calaveras County,2024-02-23,64.6,0.0,0.0
Calaveras County,2024-02-24,65.8,0.0,0.0
Calaveras County,2024-02-25,62.0,0.0,0.0
Calaveras County,2024-02-26,56.8,0.429,0.0
Calaveras County,2024-02-27,56.1,0.016,0.0
Calaveras County,2024-02-28,59.0,0.0,0.0
Calaveras County,2024-02-29,49.5,0.74,0.0
Calaveras County,2024-03-01,44.8,1.992,0.0
Calaveras County,2024-03-02,42.3,1.748,5.264
Calaveras County,2024-03-03,43.1,0.882,3.197
Calaveras County,2024-03-04,47.7,0.039,0.0
Calaveras County,2024-03-05,53.7,0.0,0.0
Calaveras County,2024-03-06,54.7,0.016,0.0
Calaveras County,2024-03-07,52.0,0.031,0.0
Calaveras County,2024-03-08,58.9,0.0,0.0
Calaveras County,2024-03-09,57.1,0.0,0.0
Calaveras County,2024-03-10,56.7,0.0,0.0
Calaveras County,2024-03-11,53.6,0.035,0.0
Calaveras County,2024-03-12,50.8,0.457,0.0
Calaveras County,2024-03-13,57.0,0.0,0.0
Calaveras County,2024-03-14,59.8,0.0,0.0
Calaveras County,2024-03-15,63.4,0.0,0.0
Calaveras County,2024-03-16,61.1,0.0,0.0
Calaveras County,2024-03-17,63.4,0.0,0.0
Calaveras County,2024-03-18,66.6,0.0,0.0
Calaveras County,2024-03-19,67.5,0.0,0.0
Calaveras County,2024-03-20,68.3,0.0,0.0
Calaveras County,2024-03-21,64.8,0.0,0.0
Calaveras County,2024-03-22,63.0,0.382,0.0
Calaveras County,2024-03-23,50.2,1.189,0.799
Calaveras County,2024-03-24,49.0,0.366,0.331
Calaveras County,2024-03-25,51.6,0.024,0.0
Calaveras County,2024-03-26,55.1,0.004,0.0
Calaveras County,2024-03-27,57.6,0.264,0.0
Calaveras County,2024-03-28,52.6,0.646,0.0
Calaveras County,2024-03-29,48.4,0.469,0.0
Calaveras County,2024-03-30,51.6,0.197,0.055
Calaveras County,2024-03-31,53.9,0.039,0.0
Calaveras County,2024-04-01,60.4,0.0,0.0
Calaveras County,2024-04-02,65.9,0.0,0.0
Calaveras County,2024-04-03,65.7,0.016,0.0
Calaveras County,2024-04-04,42.9,0.425,1.571
Calaveras County,2024-04-05,38.1,0.472,2.894
Calaveras County,2024-04-06,45.0,0.0,0.0
Calaveras County,2024-04-07,53.9,0.004,0.0
Calaveras County,2024-04-08,60.1,0.0,0.0
Calaveras County,2024-04-09,64.6,0.0,0.0
Calaveras County,2024-04-10,70.1,0.0,0.0
Calaveras County,2024-04-11,74.7,0.0,0.0
Calaveras County,2024-04-12,67.7,0.114,0.0
Calaveras County,2024-04-13,52.4,0.925,1.35
Calaveras County,2024-04-14,50.6,0.059,0.0
Calaveras County,2024-04-15,60.0,0.0,0.0
Calaveras County,2024-04-16,65.7,0.0,0.0
Calaveras County,2024-04-17,71.6,0.0,0.0
Calaveras County,2024-04-18,71.5,0.0,0.0
Calaveras County,2024-04-19,71.1,0.0,0.0
Calaveras County,2024-04-20,72.8,0.0,0.0
Calaveras County,2024-04-21,75.6,0.0,0.0
Calaveras County,2024-04-22,76.5,0.0,0.0
Calaveras County,2024-04-23,64.8,0.008,0.0
Calaveras County,2024-04-24,59.6,0.004,0.0
Calaveras County,2024-04-25,62.1,0.024,0.0
Calaveras County,2024-04-26,56.5,0.449,0.0
Calaveras County,2024-04-27,62.0,0.0,0.0
Calaveras County,2024-04-28,65.3,0.0,0.0
Calaveras County,2024-04-29,66.2,0.0,0.0
Calaveras County,2024-04-30,66.6,0.0,0.0
Calaveras County,2024-05-01,69.0,0.0,0.0
Calaveras County,2024-05-02,69.4,0.0,0.0
Calaveras County,2024-05-03,70.1,0.0,0.0
Calaveras County,2024-05-04,52.7,1.37,0.413
Calaveras County,2024-05-05,51.1,0.217,0.909
Calaveras County,2024-05-06,60.3,0.0,0.0
Calaveras County,2024-05-07,64.1,0.0,0.0
Calaveras County,2024-05-08,68.8,0.0,0.0
Calaveras County,2024-05-09,73.4,0.0,0.0
Calaveras County,2024-05-10,77.6,0.008,0.0
Calaveras County,2024-05-11,79.1,0.0,0.0
Calaveras County,2024-05-12,79.0,0.0,0.0
Calaveras County,2024-05-13,76.9,0.0,0.0
Calaveras County,2024-05-14,76.8,0.0,0.0
Calaveras County,2024-05-15,80.0,0.0,0.0
Calaveras County,2024-05-16,78.6,0.0,0.0
Calaveras County,2024-05-17,76.8,0.0,0.0
Calaveras County,2024-05-18,76.0,0.0,0.0
Calaveras County,2024-05-19,72.7,0.0,0.0
Calaveras County,2024-05-20,71.2,0.0,0.0
Calaveras County,2024-05-21,75.2,0.0,0.0
Calaveras County,2024-05-22,75.6,0.0,0.0
Calaveras County,2024-05-23,72.9,0.0,0.0
Calaveras County,2024-05-24,70.8,0.0,0.0
Calaveras County,2024-05-25,66.7,0.0,0.0
Calaveras County,2024-05-26,73.1,0.0,0.0
Calaveras County,2024-05-27,77.9,0.0,0.0
Calaveras County,2024-05-28,78.7,0.0,0.0
Calaveras County,2024-05-29,79.5,0.0,0.0
Calaveras County,2024-05-30,81.2,0.0,0.0
Calaveras County,2024-05-31,85.5,0.0,0.0
Calaveras County,2024-06-01,82.4,0.0,0.0
Calaveras County,2024-06-02,78.3,0.0,0.0
Calaveras County,2024-06-03,74.7,0.0,0.0
Calaveras County,2024-06-04,92.5,0.0,0.0
Calaveras County,2024-06-05,93.8,0.0,0.0
Calaveras County,2024-06-06,94.7,0.0,0.0
Calaveras County,2024-06-07,92.4,0.0,0.0
Calaveras County,2024-06-08,84.2,0.0,0.0
Calaveras County,2024-06-09,81.5,0.0,0.0
Calaveras County,2024-06-10,85.6,0.0,0.0
Calaveras County,2024-06-11,93.0,0.0,0.0
Calaveras County,2024-06-12,93.0,0.0,0.0
Calaveras County,2024-06-13,87.4,0.0,0.0
Calaveras County,2024-06-14,87.0,0.0,0.0
Calaveras County,2024-06-15,82.2,0.0,0.0
Calaveras County,2024-06-16,82.8,0.0,0.0
Calaveras County,2024-06-17,77.7,0.0,0.0
Calaveras County,2024-06-18,81.0,0.0,0.0
Calaveras County,2024-06-19,81.4,0.0,0.0
Calaveras County,2024-06-20,83.3,0.0,0.0
Calaveras County,2024-06-21,89.1,0.0,0.0
Calaveras County,2024-06-22,96.8,0.0,0.0
Calaveras County,2024-06-23,97.2,0.0,0.0
Calaveras County,2024-06-24,95.9,0.0,0.0
Calaveras County,2024-06-25,93.6,0.0,0.0
Calaveras County,2024-06-26,88.2,0.0,0.0
Calaveras County,2024-06-27,86.2,0.0,0.0
Calaveras County,2024-06-28,89.6,0.0,0.0
Calaveras County,2024-06-29,90.4,0.0,0.0
Calaveras County,2024-06-30,89.8,0.0,0.0
Calaveras County,2024-07-01,93.2,0.0,0.0
Calaveras County,2024-07-02,99.3,0.0,0.0
Calaveras County,2024-07-03,102.2,0.0,0.0
Calaveras County,2024-07-04,101.7,0.0,0.0
Calaveras County,2024-07-05,102.2,0.0,0.0
Calaveras County,2024-07-06,106.3,0.0,0.0
Calaveras County,2024-07-07,106.0,0.0,0.0
Calaveras County,2024-07-08,103.1,0.0,0.0
Calaveras County,2024-07-09,100.1,0.0,0.0
Calaveras County,2024-07-10,102.5,0.0,0.0
Calaveras County,2024-07-11,106.2,0.0,0.0
Calaveras County,2024-07-12,106.6,0.0,0.0
Calaveras County,2024-07-13,104.1,0.0,0.0
Calaveras County,2024-07-14,99.6,0.004,0.0
Calaveras County,2024-07-15,94.7,0.0,0.0
Calaveras County,2024-07-16,91.8,0.0,0.0
Calaveras County,2024-07-17,91.6,0.0,0.0
Calaveras County,2024-07-18,95.3,0.0,0.0
Calaveras County,2024-07-19,98.6,0.0,0.0
Calaveras County,2024-07-20,100.5,0.0,0.0
Calaveras County,2024-07-21,96.3,0.0,0.0
Calaveras County,2024-07-22,100.4,0.0,0.0
Calaveras County,2024-07-23,102.6,0.0,0.0
Calaveras County,2024-07-24,101.5,0.0,0.0
Calaveras County,2024-07-25,97.1,0.0,0.0
Calaveras County,2024-07-26,96.9,0.0,0.0
Calaveras County,2024-07-27,83.5,0.0,0.0
Calaveras County,2024-07-28,85.5,0.0,0.0
Calaveras County,2024-07-29,86.8,0.0,0.0
Calaveras County,2024-07-30,87.7,0.0,0.0
Calaveras County,2024-07-31,91.6,0.0,0.0
Calaveras County,2024-08-01,96.0,0.0,0.0
Calaveras County,2024-08-02,96.3,0.0,0.0
Calaveras County,2024-08-03,95.5,0.0,0.0
Calaveras County,2024-08-04,95.4,0.0,0.0
Calaveras County,2024-08-05,97.2,0.0,0.0
Calaveras County,2024-08-06,100.6,0.0,0.0
Calaveras County,2024-08-07,101.1,0.0,0.0
Calaveras County,2024-08-08,97.1,0.0,0.0
Calaveras County,2024-08-09,96.6,0.0,0.0
Calaveras County,2024-08-10,95.7,0.0,0.0
Calaveras County,2024-08-11,93.3,0.0,0.0
Calaveras County,2024-08-12,88.8,0.0,0.0
Calaveras County,2024-08-13,87.8,0.0,0.0
Calaveras County,2024-08-14,87.1,0.0,0.0
Calaveras County,2024-08-15,87.3,0.0,0.0
Calaveras County,2024-08-16,89.2,0.0,0.0
Calaveras County,2024-08-17,81.9,0.0,0.0
Calaveras County,2024-08-18,82.1,0.0,0.0
Calaveras County,2024-08-19,85.5,0.0,0.0
Calaveras County,2024-08-20,87.5,0.0,0.0
Calaveras County,2024-08-21,85.9,0.0,0.0
Calaveras County,2024-08-22,78.8,0.0,0.0
Calaveras County,2024-08-23,70.5,0.008,0.0
Calaveras County,2024-08-24,68.7,0.228,0.0
Calaveras County,2024-08-25,78.9,0.0,0.0
Calaveras County,2024-08-26,86.6,0.0,0.0
Calaveras County,2024-08-27,91.1,0.0,0.0
Calaveras County,2024-08-28,93.0,0.0,0.0
Calaveras County,2024-08-29,91.6,0.0,0.0
Calaveras County,2024-08-30,92.6,0.0,0.0
Calaveras County,2024-08-31,94.6,0.0,0.0
Calaveras County,2024-09-01,93.4,0.0,0.0
Calaveras County,2024-09-02,87.8,0.0,0.0
Calaveras County,2024-09-03,93.6,0.0,0.0
Calaveras County,2024-09-04,96.0,0.0,0.0
Calaveras County,2024-09-05,96.9,0.0,0.0
Calaveras County,2024-09-06,97.3,0.0,0.0
Calaveras County,2024-09-07,93.1,0.0,0.0
Calaveras County,2024-09-08,94.5,0.0,0.0
Calaveras County,2024-09-09,94.5,0.0,0.0
Calaveras County,2024-09-10,88.0,0.0,0.0
Calaveras County,2024-09-11,78.7,0.0,0.0
Calaveras County,2024-09-12,79.2,0.0,0.0
Calaveras County,2024-09-13,83.7,0.0,0.0
Calaveras County,2024-09-14,85.2,0.0,0.0
Calaveras County,2024-09-15,73.5,0.0,0.0
Calaveras County,2024-09-16,65.7,0.008,0.0
Calaveras County,2024-09-17,71.2,0.0,0.0
Calaveras County,2024-09-18,68.8,0.008,0.0
Calaveras County,2024-09-19,75.8,0.02,0.0
Calaveras County,2024-09-20,79.6,0.0,0.0
Calaveras County,2024-09-21,83.1,0.0,0.0
Calaveras County,2024-09-22,86.7,0.0,0.0
Calaveras County,2024-09-23,90.9,0.0,0.0
Calaveras County,2024-09-24,93.0,0.0,0.0
Calaveras County,2024-09-25,84.2,0.0,0.0
Calaveras County,2024-09-26,87.0,0.0,0.0
Calaveras County,2024-09-27,89.2,0.0,0.0
Calaveras County,2024-09-28,89.3,0.0,0.0
Calaveras County,2024-09-29,86.2,0.0,0.0
Calaveras County,2024-09-30,90.2,0.0,0.0
Calaveras County,2024-10-01,99.1,0.0,0.0
Calaveras County,2024-10-02,99.2,0.0,0.0
Calaveras County,2024-10-03,96.8,0.0,0.0
Calaveras County,2024-10-04,93.8,0.0,0.0
Calaveras County,2024-10-05,96.0,0.0,0.0
Calaveras County,2024-10-06,95.6,0.0,0.0
Calaveras County,2024-10-07,94.6,0.0,0.0
Calaveras County,2024-10-08,92.9,0.0,0.0
Calaveras County,2024-10-09,87.2,0.0,0.0
Calaveras County,2024-10-10,83.9,0.0,0.0
Calaveras County,2024-10-11,82.7,0.0,0.0
Calaveras County,2024-10-12,75.7,0.0,0.0
Calaveras County,2024-10-13,75.9,0.0,0.0
Calaveras County,2024-10-14,75.6,0.0,0.0
Calaveras County,2024-10-15,78.1,0.0,0.0
Calaveras County,2024-10-16,65.1,0.335,0.0
Calaveras County,2024-10-17,63.7,0.004,0.0
Calaveras County,2024-10-18,69.2,0.0,0.0
Calaveras County,2024-10-19,70.5,0.0,0.0
Calaveras County,2024-10-20,74.7,0.0,0.0
Calaveras County,2024-10-21,74.8,0.0,0.0
Calaveras County,2024-10-22,75.6,0.0,0.0
Calaveras County,2024-10-23,77.1,0.0,0.0
Calaveras County,2024-10-24,72.8,0.0,0.0
Calaveras County,2024-10-25,75.5,0.0,0.0
Calaveras County,2024-10-26,76.8,0.0,0.0
Calaveras County,2024-10-27,69.6,0.024,0.0
Calaveras County,2024-10-28,57.6,0.071,0.0
Calaveras County,2024-10-29,58.6,0.0,0.0
Calaveras County,2024-10-30,59.6,0.0,0.0
Calaveras County,2024-10-31,58.7,0.024,0.0
Calaveras County,2024-11-01,59.0,0.02,0.0
Calaveras County,2024-11-02,57.0,0.047,0.0
Calaveras County,2024-11-03,60.7,0.0,0.0
Calaveras County,2024-11-04,61.6,0.0,0.0
Calaveras County,2024-11-05,62.1,0.0,0.0
Calaveras County,2024-11-06,62.6,0.0,0.0
Calaveras County,2024-11-07,62.6,0.0,0.0
Calaveras County,2024-11-08,64.2,0.0,0.0
Calaveras County,2024-11-09,64.3,0.0,0.0
Calaveras County,2024-11-10,67.3,0.0,0.0
Calaveras County,2024-11-11,57.4,0.386,0.0
Calaveras County,2024-11-12,55.5,0.0,0.0
Calaveras County,2024-11-13,58.2,0.079,0.0
Calaveras County,2024-11-14,54.9,0.024,0.0
Calaveras County,2024-11-15,44.9,0.378,1.157
Calaveras County,2024-11-16,49.8,0.0,0.0
Calaveras County,2024-11-17,53.0,0.02,0.0
Calaveras County,2024-11-18,50.4,0.138,0.0
Calaveras County,2024-11-19,50.5,0.0,0.0
Calaveras County,2024-11-20,56.9,0.055,0.0
Calaveras County,2024-11-21,59.2,0.087,0.0
Calaveras County,2024-11-22,60.3,0.354,0.0
Calaveras County,2024-11-23,51.6,1.677,0.0
Calaveras County,2024-11-24,52.7,0.0,0.0
Calaveras County,2024-11-25,51.3,0.504,0.0
Calaveras County,2024-11-26,49.1,0.665,0.0
Calaveras County,2024-11-27,57.3,0.0,0.0
Calaveras County,2024-11-28,57.7,0.0,0.0
Calaveras County,2024-11-29,60.8,0.0,0.0
Calaveras County,2024-11-30,63.8,0.0,0.0
Calaveras County,2024-12-01,65.7,0.0,0.0
Calaveras County,2024-12-02,63.1,0.0,0.0
Calaveras County,2024-12-03,63.3,0.0,0.0
Calaveras County,2024-12-04,64.0,0.0,0.0
Calaveras County,2024-12-05,62.2,0.0,0.0
Calaveras County,2024-12-06,61.3,0.0,0.0
Calaveras County,2024-12-07,62.9,0.0,0.0
Calaveras County,2024-12-08,61.5,0.0,0.0
Calaveras County,2024-12-09,56.6,0.0,0.0
Calaveras County,2024-12-10,59.8,0.0,0.0
Calaveras County,2024-12-11,62.1,0.0,0.0
Calaveras County,2024-12-12,47.8,0.657,0.386
Calaveras County,2024-12-13,49.7,0.295,0.0
Calaveras County,2024-12-14,53.1,0.673,0.303
Calaveras County,2024-12-15,53.6,0.0,0.0
Calaveras County,2024-12-16,48.1,0.343,0.248
Calaveras County,2024-12-17,59.8,0.0,0.0
Calaveras County,2024-12-18,62.4,0.0,0.0
Calaveras County,2024-12-19,67.6,0.0,0.0
Calaveras County,2024-12-20,68.1,0.0,0.0
Calaveras County,2024-12-21,56.7,0.232,0.0
Calaveras County,2024-12-22,61.2,0.358,0.0
Calaveras County,2024-12-23,63.1,0.004,0.0
Calaveras County,2024-12-24,52.7,0.835,0.055
Calaveras County,2024-12-25,51.7,0.0,0.0
Calaveras County,2024-12-26,50.5,0.358,0.0
Calaveras County,2024-12-27,52.9,0.563,0.0
Calaveras County,2024-12-28,55.1,0.067,0.0
Calaveras County,2024-12-29,49.5,0.98,0.0
Calaveras County,2024-12-30,53.3,0.0,0.0
Calaveras County,2024-12-31,54.9,0.0,0.0
Calaveras County,2025-01-01,57.3,0.0,0.0
Calaveras County,2025-01-02,62.1,0.0,0.0
Calaveras County,2025-01-03,52.7,0.508,0.0
Calaveras County,2025-01-04,50.4,0.0,0.0
Calaveras County,2025-01-05,54.5,0.0,0.0
Calaveras County,2025-01-06,56.0,0.0,0.0
Calaveras County,2025-01-07,56.0,0.0,0.0
Calaveras County,2025-01-08,56.1,0.0,0.0
Calaveras County,2025-01-09,61.2,0.0,0.0
Calaveras County,2025-01-10,60.0,0.0,0.0
Calaveras County,2025-01-11,57.0,0.0,0.0
Calaveras County,2025-01-12,51.2,0.0,0.0
Calaveras County,2025-01-13,52.7,0.0,0.0
Calaveras County,2025-01-14,53.5,0.0,0.0
Calaveras County,2025-01-15,59.2,0.0,0.0
Calaveras County,2025-01-16,59.2,0.0,0.0
Calaveras County,2025-01-17,55.3,0.0,0.0
Calaveras County,2025-01-18,54.1,0.0,0.0
Calaveras County,2025-01-19,54.0,0.0,0.0
Calaveras County,2025-01-20,56.6,0.0,0.0
Calaveras County,2025-01-21,55.6,0.0,0.0
Calaveras County,2025-01-22,55.9,0.0,0.0
Calaveras County,2025-01-23,64.3,0.0,0.0
Calaveras County,2025-01-24,61.6,0.0,0.0
Calaveras County,2025-01-25,48.6,0.531,2.15
Calaveras County,2025-01-26,50.4,0.0,0.0
Calaveras County,2025-01-27,49.6,0.0,0.0
Calaveras County,2025-01-28,49.4,0.0,0.0
Calaveras County,2025-01-29,51.0,0.0,0.0
Calaveras County,2025-01-30,52.5,0.0,0.0
Calaveras County,2025-01-31,48.8,0.685,0.0
Calaveras County,2025-02-01,50.9,1.744,0.0
Calaveras County,2025-02-02,57.5,0.004,0.0
Calaveras County,2025-02-03,54.9,0.0,0.0
Calaveras County,2025-02-04,51.8,1.335,0.0
Calaveras County,2025-02-05,51.6,0.189,0.0
Calaveras County,2025-02-06,49.8,0.945,0.0
Calaveras County,2025-02-07,47.7,0.709,0.028
Calaveras County,2025-02-08,50.5,0.0,0.0
Calaveras County,2025-02-09,50.9,0.0,0.0
Calaveras County,2025-02-10,49.5,0.0,0.0
Calaveras County,2025-02-11,47.7,0.0,0.0
Calaveras County,2025-02-12,48.3,0.055,0.0
Calaveras County,2025-02-13,48.0,2.976,0.0
Calaveras County,2025-02-14,44.9,1.114,0.0
Calaveras County,2025-02-15,52.4,0.0,0.0
Calaveras County,2025-02-16,59.2,0.106,0.0
Calaveras County,2025-02-17,53.8,0.0,0.0
Calaveras County,2025-02-18,56.8,0.0,0.0
Calaveras County,2025-02-19,56.5,0.126,0.0
Calaveras County,2025-02-20,60.7,0.0,0.0
Calaveras County,2025-02-21,61.7,0.0,0.0
Calaveras County,2025-02-22,65.3,0.0,0.0
Calaveras County,2025-02-23,64.1,0.0,0.0
Calaveras County,2025-02-24,64.6,0.0,0.0
Calaveras County,2025-02-25,63.1,0.0,0.0
Calaveras County,2025-02-26,65.7,0.0,0.0
Calaveras County,2025-02-27,73.5,0.0,0.0
Calaveras County,2025-02-28,71.2,0.0,0.0
Calaveras County,2025-03-01,64.7,0.0,0.0
Calaveras County,2025-03-02,46.3,0.65,0.11
Calaveras County,2025-03-03,47.9,0.012,0.0
Calaveras County,2025-03-04,52.8,0.0,0.0
Calaveras County,2025-03-05,44.5,0.76,0.055
Calaveras County,2025-03-06,45.1,0.256,0.524
Calaveras County,2025-03-07,58.5,0.0,0.0
Calaveras County,2025-03-08,56.6,0.0,0.0
Calaveras County,2025-03-09,62.3,0.0,0.0
Calaveras County,2025-03-10,63.8,0.0,0.0
Calaveras County,2025-03-11,58.4,0.0,0.0
Calaveras County,2025-03-12,50.1,1.252,1.185
Calaveras County,2025-03-13,41.4,0.567,1.791
Calaveras County,2025-03-14,38.7,0.63,3.252
Calaveras County,2025-03-15,50.5,0.083,0.0
Calaveras County,2025-03-16,58.1,0.0,0.0
Calaveras County,2025-03-17,46.4,1.512,0.413
Calaveras County,2025-03-18,52.5,0.0,0.0
Calaveras County,2025-03-19,55.3,0.0,0.0
Calaveras County,2025-03-20,57.4,0.0,0.0
Calaveras County,2025-03-21,56.9,0.0,0.0
Calaveras County,2025-03-22,59.1,0.012,0.0
Calaveras County,2025-03-23,66.7,0.0,0.0
Calaveras County,2025-03-24,73.6,0.0,0.0
Calaveras County,2025-03-25,78.6,0.0,0.0
Calaveras County,2025-03-26,69.7,0.02,0.0
Calaveras County,2025-03-27,56.6,0.276,0.0
Calaveras County,2025-03-28,54.2,0.114,0.0
Calaveras County,2025-03-29,55.4,0.004,0.0
Calaveras County,2025-03-30,55.8,0.417,0.083
Calaveras County,2025-03-31,48.3,1.78,1.102
Calaveras County,2025-04-01,41.1,0.654,1.185
Calaveras County,2025-04-02,51.1,0.043,0.0
Calaveras County,2025-04-03,54.8,0.028,0.0
Calaveras County,2025-04-04,61.0,0.0,0.0
Calaveras County,2025-04-05,63.9,0.0,0.0
Calaveras County,2025-04-06,68.2,0.0,0.0
Calaveras County,2025-04-07,61.2,0.012,0.0
Calaveras County,2025-04-08,66.3,0.0,0.0
Calaveras County,2025-04-09,72.9,0.0,0.0
Calaveras County,2025-04-10,72.7,0.0,0.0
Calaveras County,2025-04-11,73.6,0.0,0.0
Calaveras County,2025-04-12,66.8,0.0,0.0
Calaveras County,2025-04-13,70.2,0.0,0.0
Calaveras County,2025-04-14,75.6,0.0,0.0
Calaveras County,2025-04-15,70.6,0.0,0.0
Calaveras County,2025-04-16,61.9,0.0,0.0
Calaveras County,2025-04-17,57.6,0.0,0.0
Calaveras County,2025-04-18,62.2,0.0,0.0
Calaveras County,2025-04-19,65.5,0.0,0.0
Calaveras County,2025-04-20,69.3,0.0,0.0
Calaveras County,2025-04-21,72.1,0.0,0.0
Calaveras County,2025-04-22,71.6,0.0,0.0
Calaveras County,2025-04-23,64.6,0.0,0.0
Calaveras County,2025-04-24,62.7,0.0,0.0
Calaveras County,2025-04-25,53.8,0.004,0.0
Calaveras County,2025-04-26,50.5,0.114,0.0
Calaveras County,2025-04-27,52.9,0.071,0.0
Calaveras County,2025-04-28,63.0,0.0,0.0
Calaveras County,2025-04-29,69.5,0.0,0.0
Calaveras County,2025-04-30,72.6,0.016,0.0
Calaveras County,2025-05-01,73.1,0.0,0.0
Calaveras County,2025-05-02,73.4,0.0,0.0
Calaveras County,2025-05-03,60.8,0.004,0.0
Calaveras County,2025-05-04,64.2,0.043,0.0
Calaveras County,2025-05-05,74.7,0.0,0.0
Calaveras County,2025-05-06,74.5,0.0,0.0
Calaveras County,2025-05-07,73.8,0.0,0.0
Calaveras County,2025-05-08,78.5,0.0,0.0
Calaveras County,2025-05-09,84.6,0.0,0.0
Calaveras County,2025-05-10,85.0,0.0,0.0
Calaveras County,2025-05-11,73.5,0.0,0.0
Calaveras County,2025-05-12,57.8,1.016,0.0
Calaveras County,2025-05-13,58.6,0.075,0.0
Calaveras County,2025-05-14,66.6,0.0,0.0
Calaveras County,2025-05-15,71.7,0.0,0.0
Calaveras County,2025-05-16,74.7,0.0,0.0
Calaveras County,2025-05-17,63.1,0.264,0.0
Calaveras County,2025-05-18,71.1,0.0,0.0
Calaveras County,2025-05-19,77.2,0.0,0.0
Calaveras County,2025-05-20,77.5,0.0,0.0
Calaveras County,2025-05-21,80.0,0.0,0.0
Calaveras County,2025-05-22,74.9,0.0,0.0
Calaveras County,2025-05-23,71.4,0.0,0.0
Calaveras County,2025-05-24,74.7,0.0,0.0
Calaveras County,2025-05-25,74.9,0.0,0.0
Calaveras County,2025-05-26,71.3,0.0,0.0
Calaveras County,2025-05-27,78.7,0.0,0.0
Calaveras County,2025-05-28,79.1,0.0,0.0
Calaveras County,2025-05-29,81.4,0.0,0.0
Calaveras County,2025-05-30,90.8,0.0,0.0
Calaveras County,2025-05-31,94.5,0.0,0.0
Calaveras County,2025-06-01,87.6,0.0,0.0
Calaveras County,2025-06-02,82.7,0.0,0.0
Calaveras County,2025-06-03,80.9,0.0,0.0
Calaveras County,2025-06-04,83.5,0.0,0.0
Calaveras County,2025-06-05,82.1,0.0,0.0
Calaveras County,2025-06-06,85.3,0.0,0.0
Calaveras County,2025-06-07,87.0,0.0,0.0
Calaveras County,2025-06-08,86.5,0.0,0.0
Calaveras County,2025-06-09,90.0,0.0,0.0
Calaveras County,2025-06-10,88.6,0.0,0.0
Calaveras County,2025-06-11,84.3,0.0,0.0
Calaveras County,2025-06-12,82.7,0.0,0.0
Calaveras County,2025-06-13,82.1,0.0,0.0
Calaveras County,2025-06-14,83.1,0.0,0.0
Calaveras County,2025-06-15,86.8,0.0,0.0
Calaveras County,2025-06-16,85.1,0.0,0.0
Calaveras County,2025-06-17,86.1,0.0,0.0
Calaveras County,2025-06-18,91.9,0.0,0.0
Calaveras County,2025-06-19,87.1,0.0,0.0
Calaveras County,2025-06-20,74.1,0.0,0.0
Calaveras County,2025-06-21,72.1,0.0,0.0
Calaveras County,2025-06-22,75.5,0.0,0.0
Calaveras County,2025-06-23,81.9,0.0,0.0
Calaveras County,2025-06-24,83.2,0.0,0.0
Calaveras County,2025-06-25,87.0,0.0,0.0
Calaveras County,2025-06-26,87.0,0.0,0.0
Calaveras County,2025-06-27,90.8,0.0,0.0
Calaveras County,2025-06-28,91.9,0.0,0.0
Calaveras County,2025-06-29,91.0,0.0,0.0
Calaveras County,2025-06-30,91.1,0.0,0.0
Calaveras County,2025-07-01,90.8,0.0,0.0
Calaveras County,2025-07-02,91.5,0.0,0.0
Calaveras County,2025-07-03,88.4,0.0,0.0
Calaveras County,2025-07-04,81.3,0.0,0.0
Calaveras County,2025-07-05,83.5,0.0,0.0
Calaveras County,2025-07-06,88.0,0.0,0.0
Calaveras County,2025-07-07,90.0,0.0,0.0
Calaveras County,2025-07-08,87.2,0.0,0.0
Calaveras County,2025-07-09,87.3,0.0,0.0
Calaveras County,2025-07-10,91.8,0.0,0.0
Calaveras County,2025-07-11,94.9,0.0,0.0
Calaveras County,2025-07-12,95.3,0.0,0.0
Calaveras County,2025-07-13,94.7,0.0,0.0
Calaveras County,2025-07-14,95.7,0.0,0.0
Calaveras County,2025-07-15,92.7,0.0,0.0
Calaveras County,2025-07-16,87.2,0.0,0.0
Calaveras County,2025-07-17,88.3,0.0,0.0
Calaveras County,2025-07-18,89.6,0.0,0.0
Calaveras County,2025-07-19,89.9,0.0,0.0
Calaveras County,2025-07-20,90.4,0.0,0.0
Calaveras County,2025-07-21,82.1,0.0,0.0
Calaveras County,2025-07-22,78.4,0.0,0.0
Calaveras County,2025-07-23,80.8,0.0,0.0
Calaveras County,2025-07-24,81.2,0.0,0.0
Calaveras County,2025-07-25,81.0,0.0,0.0
Calaveras County,2025-07-26,81.0,0.0,0.0
Calaveras County,2025-07-27,83.9,0.0,0.0
Calaveras County,2025-07-28,85.9,0.0,0.0
Calaveras County,2025-07-29,87.8,0.0,0.0
Calaveras County,2025-07-30,86.5,0.0,0.0
Calaveras County,2025-07-31,88.3,0.0,0.0
Calaveras County,2025-08-01,89.2,0.0,0.0
Calaveras County,2025-08-02,89.0,0.0,0.0
Calaveras County,2025-08-03,87.9,0.0,0.0
Calaveras County,2025-08-04,83.6,0.0,0.0
Calaveras County,2025-08-05,85.4,0.0,0.0
Calaveras County,2025-08-06,89.9,0.0,0.0
Calaveras County,2025-08-07,91.8,0.0,0.0
Calaveras County,2025-08-08,94.5,0.0,0.0
Calaveras County,2025-08-09,95.7,0.0,0.0
Calaveras County,2025-08-10,96.5,0.0,0.0
Calaveras County,2025-08-11,96.0,0.0,0.0
Calaveras County,2025-08-12,94.2,0.0,0.0
Calaveras County,2025-08-13,90.0,0.0,0.0
Calaveras County,2025-08-14,87.9,0.0,0.0
Calaveras County,2025-08-15,88.5,0.0,0.0
Calaveras County,2025-08-16,82.2,0.0,0.0
Calaveras County,2025-08-17,81.9,0.0,0.0
Calaveras County,2025-08-18,82.5,0.0,0.0
Calaveras County,2025-08-19,86.2,0.0,0.0
Calaveras County,2025-08-20,91.0,0.0,0.0
Calaveras County,2025-08-21,94.9,0.0,0.0
Calaveras County,2025-08-22,98.3,0.0,0.0
Calaveras County,2025-08-23,97.3,0.004,0.0
Calaveras County,2025-08-24,96.3,0.012,0.0
Calaveras County,2025-08-25,96.1,0.0,0.0
Calaveras County,2025-08-26,90.2,0.008,0.0
Calaveras County,2025-08-27,88.6,0.0,0.0
Calaveras County,2025-08-28,90.1,0.0,0.0
Calaveras County,2025-08-29,88.4,0.0,0.0
Calaveras County,2025-08-30,92.4,0.0,0.0
Calaveras County,2025-08-31,94.1,0.0,0.0
Calaveras County,2025-09-01,98.4,0.0,0.0
Calaveras County,2025-09-02,96.4,0.02,0.0
Calaveras County,2025-09-03,92.2,0.0,0.0
Calaveras County,2025-09-04,90.0,0.0,0.0
Calaveras County,2025-09-05,86.7,0.0,0.0
Calaveras County,2025-09-06,83.8,0.0,0.0
Calaveras County,2025-09-07,82.0,0.0,0.0
Calaveras County,2025-09-08,79.8,0.0,0.0
Calaveras County,2025-09-09,73.7,0.024,0.0
Calaveras County,2025-09-10,71.2,0.055,0.0
Calaveras County,2025-09-11,73.1,0.024,0.0
Calaveras County,2025-09-12,76.5,0.0,0.0
Calaveras County,2025-09-13,81.0,0.0,0.0
Calaveras County,2025-09-14,81.2,0.0,0.0
Calaveras County,2025-09-15,86.0,0.0,0.0
Calaveras County,2025-09-16,89.0,0.0,0.0
Calaveras County,2025-09-17,90.0,0.0,0.0
Calaveras County,2025-09-18,82.4,0.0,0.0
Calaveras County,2025-09-19,77.3,0.193,0.0
Calaveras County,2025-09-20,80.7,0.0,0.0
Calaveras County,2025-09-21,83.7,0.0,0.0
Calaveras County,2025-09-22,85.7,0.0,0.0
Calaveras County,2025-09-23,92.4,0.0,0.0
Calaveras County,2025-09-24,80.7,0.012,0.0
Calaveras County,2025-09-25,79.1,0.012,0.0
Calaveras County,2025-09-26,81.8,0.0,0.0
Calaveras County,2025-09-27,82.8,0.0,0.0
Calaveras County,2025-09-28,77.7,0.0,0.0
Calaveras County,2025-09-29,70.9,0.138,0.0
Calaveras County,2025-09-30,69.4,0.024,0.0
Calaveras County,2025-10-01,72.3,0.004,0.0
Calaveras County,2025-10-02,63.0,0.465,0.0
Calaveras County,2025-10-03,60.9,0.272,0.0
Calaveras County,2025-10-04,66.5,0.0,0.0
Calaveras County,2025-10-05,72.1,0.0,0.0
Calaveras County,2025-10-06,78.0,0.0,0.0
Calaveras County,2025-10-07,81.6,0.0,0.0
Calaveras County,2025-10-08,74.7,0.0,0.0
Calaveras County,2025-10-09,68.3,0.0,0.0
Calaveras County,2025-10-10,67.5,0.0,0.0
Calaveras County,2025-10-11,63.7,0.0,0.0
Calaveras County,2025-10-12,65.8,0.0,0.0
Calaveras County,2025-10-13,55.8,0.087,0.0
Calaveras County,2025-10-14,48.4,1.012,0.0
Calaveras County,2025-10-15,56.4,0.043,0.0
Calaveras County,2025-10-16,60.4,0.0,0.0
Calaveras County,2025-10-17,67.0,0.0,0.0
Calaveras County,2025-10-18,72.5,0.0,0.0
Calaveras County,2025-10-19,73.4,0.0,0.0
Calaveras County,2025-10-20,73.8,0.0,0.0
Calaveras County,2025-10-21,77.5,0.0,0.0
Calaveras County,2025-10-22,63.8,0.016,0.0
Calaveras County,2025-10-23,66.4,0.0,0.0
Calaveras County,2025-10-24,68.6,0.0,0.0
Calaveras County,2025-10-25,58.9,0.043,0.0
Calaveras County,2025-10-26,59.5,0.0,0.0
Calaveras County,2025-10-27,62.1,0.0,0.0
Calaveras County,2025-10-28,71.0,0.0,0.0
Calaveras County,2025-10-29,77.4,0.0,0.0
Calaveras County,2025-10-30,73.3,0.0,0.0
Calaveras County,2025-10-31,73.6,0.0,0.0
Calaveras County,2025-11-01,72.9,0.0,0.0
Calaveras County,2025-11-02,73.8,0.0,0.0
Calaveras County,2025-11-03,71.1,0.0,0.0
Calaveras County,2025-11-04,70.0,0.0,0.0
Calaveras County,2025-11-05,59.8,1.008,0.0
Calaveras County,2025-11-06,62.0,0.016,0.0
Calaveras County,2025-11-07,65.0,0.0,0.0
Calaveras County,2025-11-08,70.2,0.0,0.0
Calaveras County,2025-11-09,78.9,0.0,0.0
Calaveras County,2025-11-10,75.7,0.0,0.0
Calaveras County,2025-11-11,73.3,0.0,0.0
Calaveras County,2025-11-12,64.9,0.0,0.0
Calaveras County,2025-11-13,62.6,2.043,0.0
Calaveras County,2025-11-14,57.9,1.398,0.0
Calaveras County,2025-11-15,64.0,0.437,0.0
Calaveras County,2025-11-16,51.2,1.709,0.0
Calaveras County,2025-11-17,50.6,0.886,0.0
Calaveras County,2025-11-18,53.0,0.031,0.0
Calaveras County,2025-11-19,53.1,0.0,0.0
Calaveras County,2025-11-20,46.8,0.283,0.0
Calaveras County,2025-11-21,53.9,0.0,0.0
Calaveras County,2025-11-22,57.7,0.0,0.0
Calaveras County,2025-11-23,57.8,0.0,0.0
Calaveras County,2025-11-24,58.5,0.0,0.0
Calaveras County,2025-11-25,57.2,0.0,0.0
Calaveras County,2025-11-26,61.6,0.0,0.0
Calaveras County,2025-11-27,63.2,0.0,0.0
Calaveras County,2025-11-28,62.3,0.0,0.0
Calaveras County,2025-11-29,58.3,0.0,0.0
Calaveras County,2025-11-30,54.9,0.0,0.0
Calaveras County,2025-12-01,57.8,0.0,0.0
Calaveras County,2025-12-02,57.7,0.0,0.0
Calaveras County,2025-12-03,59.6,0.0,0.0
Calaveras County,2025-12-04,55.1,0.0,0.0
Calaveras County,2025-12-05,53.1,0.0,0.0
Calaveras County,2025-12-06,56.6,0.0,0.0
Calaveras County,2025-12-07,58.8,0.0,0.0
Calaveras County,2025-12-08,56.5,0.0,0.0
Calaveras County,2025-12-09,60.2,0.0,0.0
Calaveras County,2025-12-10,64.6,0.0,0.0
Calaveras County,2025-12-11,66.8,0.0,0.0
Calaveras County,2025-12-12,68.4,0.0,0.0
Calaveras County,2025-12-13,68.2,0.0,0.0
Calaveras County,2025-12-14,67.1,0.0,0.0
Calaveras County,2025-12-15,63.0,0.0,0.0
Calaveras County,2025-12-16,61.7,0.004,0.0
Calaveras County,2025-12-17,61.3,0.193,0.0
Calaveras County,2025-12-18,59.6,0.0,0.0
Calaveras County,2025-12-19,55.5,0.587,0.0
Calaveras County,2025-12-20,59.2,0.185,0.0
Calaveras County,2025-12-21,56.7,0.469,0.0
Calaveras County,2025-12-22,59.5,0.524,0.0
Calaveras County,2025-12-23,58.6,0.165,0.0
Calaveras County,2025-12-24,53.2,1.461,0.0
Calaveras County,2025-12-25,50.2,1.551,0.0
Calaveras County,2025-12-26,47.7,1.646,0.0
Calaveras County,2025-12-27,50.4,0.031,0.0
Calaveras County,2025-12-28,49.5,0.0,0.0
Calaveras County,2025-12-29,55.0,0.0,0.0
Calaveras County,2025-12-30,59.8,0.016,0.0
Calaveras County,2025-12-31,54.9,0.28,0.0
Calaveras County,2026-01-01,54.1,1.118,0.0
Calaveras County,2026-01-02,56.1,0.165,0.0
Calaveras County,2026-01-03,55.9,2.13,0.0
Calaveras County,2026-01-04,47.3,2.051,0.0
Calaveras County,2026-01-05,53.1,0.15,0.0
Calaveras County,2026-01-06,55.4,0.0,0.0
Calaveras County,2026-01-07,48.2,0.126,0.0
Calaveras County,2026-01-08,46.8,0.248,0.551
Calaveras County,2026-01-09,48.6,0.0,0.0
Calaveras County,2026-01-10,56.9,0.0,0.0
Calaveras County,2026-01-11,58.1,0.0,0.0
Calaveras County,2026-01-12,62.1,0.0,0.0
Calaveras County,2026-01-13,63.7,0.0,0.0
Calaveras County,2026-01-14,64.8,0.0,0.0
Calaveras County,2026-01-15,70.2,0.0,0.0
Calaveras County,2026-01-16,67.1,0.0,0.0
Calaveras County,2026-01-17,68.4,0.0,0.0
Calaveras County,2026-01-18,68.3,0.0,0.0
Calaveras County,2026-01-19,61.6,0.0,0.0
Calaveras County,2026-01-20,64.9,0.0,0.0
Calaveras County,2026-01-21,62.2,0.008,0.0
Calaveras County,2026-01-22,57.3,0.02,0.0
Calaveras County,2026-01-23,58.0,0.0,0.0
Calaveras County,2026-01-24,60.3,0.0,0.0
Calaveras County,2026-01-25,55.3,0.0,0.0
Calaveras County,2026-01-26,59.4,0.0,0.0
Calaveras County,2026-01-27,58.0,0.0,0.0
Calaveras County,2026-01-28,60.2,0.047,0.0
Calaveras County,2026-01-29,61.2,0.0,0.0
Calaveras County,2026-01-30,65.3,0.0,0.0
Calaveras County,2026-01-31,69.0,0.0,0.0
Calaveras County,2026-02-01,67.0,0.0,0.0
Calaveras County,2026-02-02,61.9,0.0,0.0
Calaveras County,2026-02-03,68.0,0.0,0.0
Calaveras County,2026-02-04,69.1,0.0,0.0
Calaveras County,2026-02-05,72.9,0.0,0.0
Calaveras County,2026-02-06,65.3,0.0,0.0
Calaveras County,2026-02-07,65.6,0.0,0.0
Calaveras County,2026-02-08,63.5,0.0,0.0
Calaveras County,2026-02-09,63.3,0.0,0.0
Calaveras County,2026-02-10,59.1,0.441,0.0
Calaveras County,2026-02-11,52.7,0.335,0.0
Calaveras County,2026-02-12,56.9,0.016,0.0
Calaveras County,2026-02-13,57.1,0.0,0.0
Calaveras County,2026-02-14,57.1,0.0,0.0
Calaveras County,2026-02-15,57.3,0.11,0.0
Calaveras County,2026-02-16,47.7,2.154,0.634
Calaveras County,2026-02-17,37.8,1.74,4.878
Calaveras County,2026-02-18,37.5,0.602,3.996
Calaveras County,2026-02-19,37.0,0.768,4.713
Calaveras County,2026-02-20,44.9,0.047,0.303
Calaveras County,2026-02-21,50.9,0.0,0.0
Calaveras County,2026-02-22,60.7,0.0,0.0
Calaveras County,2026-02-23,65.8,0.0,0.0
Calaveras County,2026-02-24,61.7,0.047,0.0
Calaveras County,2026-02-25,64.4,0.323,0.0
Calaveras County,2026-02-26,69.3,0.0,0.0
Calaveras County,2026-02-27,72.8,0.0,0.0
Calaveras County,2026-02-28,71.6,0.0,0.0
Calaveras County,2026-03-01,61.9,0.028,0.0
Calaveras County,2026-03-02,59.5,0.004,0.0
Calaveras County,2026-03-03,63.7,0.0,0.0
Calaveras County,2026-03-04,57.6,0.004,0.0
Calaveras County,2026-03-05,56.5,0.0,0.0
Calaveras County,2026-03-06,59.8,0.0,0.0
Calaveras County,2026-03-07,64.6,0.0,0.0
Calaveras County,2026-03-08,69.3,0.0,0.0
Calaveras County,2026-03-09,68.7,0.0,0.0
Calaveras County,2026-03-10,64.4,0.0,0.0
Calaveras County,2026-03-11,69.3,0.0,0.0
Calaveras County,2026-03-12,72.0,0.0,0.0
Calaveras County,2026-03-13,71.0,0.0,0.0
Calaveras County,2026-03-14,70.6,0.0,0.0
Calaveras County,2026-03-15,72.3,0.0,0.0
Calaveras County,2026-03-16,75.6,0.0,0.0
Calaveras County,2026-03-17,80.3,0.0,0.0
Calaveras County,2026-03-18,82.7,0.0,0.0
Calaveras County,2026-03-19,82.7,0.0,0.0
Calaveras County,2026-03-20,82.3,0.0,0.0
Calaveras County,2026-03-21,79.4,0.0,0.0
Calaveras County,2026-03-22,74.9,0.0,0.0
Calaveras County,2026-03-23,77.5,0.0,0.0
Calaveras County,2026-03-24,77.5,0.0,0.0
Calaveras County,2026-03-25,74.5,0.0,0.0
Calaveras County,2026-03-26,72.5,0.0,0.0
Calaveras County,2026-03-27,74.0,0.0,0.0
Calaveras County,2026-03-28,73.7,0.0,0.0
Calaveras County,2026-03-29,77.1,0.0,0.0
Calaveras County,2026-03-30,74.7,0.0,0.0
Calaveras County,2026-03-31,58.3,0.941,0.0
Calaveras County,2026-04-01,55.0,0.311,0.0
Calaveras County,2026-04-02,57.2,0.165,0.0
Calaveras County,2026-04-03,64.8,0.0,0.0
Calaveras County,2026-04-04,72.7,0.0,0.0
Calaveras County,2026-04-05,75.2,0.0,0.0
Calaveras County,2026-04-06,73.5,0.0,0.0
Calaveras County,2026-04-07,70.7,0.0,0.0
Calaveras County,2026-04-08,72.0,0.0,0.0
Calaveras County,2026-04-09,67.2,0.087,0.0
Calaveras County,2026-04-10,56.1,1.299,0.0
Calaveras County,2026-04-11,55.7,0.945,0.0
Calaveras County,2026-04-12,49.6,1.098,0.882
Calaveras County,2026-04-13,55.8,0.051,0.0
Calaveras County,2026-04-14,60.1,0.0,0.0
Calaveras County,2026-04-15,63.2,0.0,0.0
Calaveras County,2026-04-16,61.0,0.0,0.0
Calaveras County,2026-04-17,62.8,0.0,0.0
Calaveras County,2026-04-18,67.9,0.0,0.0
Calaveras County,2026-04-19,69.5,0.0,0.0
Calaveras County,2026-04-20,68.7,0.0,0.0
Calaveras County,2026-04-21,51.2,1.37,0.0
Calaveras County,2026-04-22,54.8,0.051,0.0
Calaveras County,2026-04-23,61.6,0.0,0.0
Calaveras County,2026-04-24,63.3,0.0,0.0
Calaveras County,2026-04-25,56.8,0.209,0.0
Calaveras County,2026-04-26,48.5,0.315,0.0
Calaveras County,2026-04-27,55.4,0.047,0.0
Calaveras County,2026-04-28,62.5,0.051,0.0
Calaveras County,2026-04-29,67.6,0.0,0.0
Calaveras County,2026-04-30,70.9,0.0,0.0
Calaveras County,2026-05-01,73.1,0.0,0.0
Calaveras County,2026-05-02,74.1,0.0,0.0
Calaveras County,2026-05-03,64.0,0.012,0.0
Calaveras County,2026-05-04,52.8,0.378,0.0
Calaveras County,2026-05-05,56.2,0.138,0.0
Calaveras County,2026-05-06,66.0,0.004,0.0
Calaveras County,2026-05-07,75.2,0.0,0.0
Calaveras County,2026-05-08,75.0,0.0,0.0
Calaveras County,2026-05-09,77.6,0.0,0.0
Calaveras County,2026-05-10,81.4,0.0,0.0
Calaveras County,2026-05-11,85.9,0.0,0.0
Calaveras County,2026-05-12,84.2,0.0,0.0
Calaveras County,2026-05-13,70.9,0.0,0.0
Calaveras County,2026-05-14,75.7,0.0,0.0
Calaveras County,2026-05-15,76.7,0.0,0.0
Calaveras County,2026-05-16,71.7,0.0,0.0
Calaveras County,2026-05-17,67.1,0.0,0.0
Calaveras County,2026-05-18,71.9,0.0,0.0
Calaveras County,2026-05-19,75.4,0.0,0.0
Calaveras County,2026-05-20,78.8,0.0,0.0
Calaveras County,2026-05-21,81.0,0.0,0.0
Calaveras County,2026-05-22,81.1,0.0,0.0
Calaveras County,2026-05-23,78.3,0.0,0.0
Calaveras County,2026-05-24,74.7,0.0,0.0
Calaveras County,2026-05-25,73.0,0.0,0.0
Calaveras County,2026-05-26,58.2,0.114,0.0
Calaveras County,2026-05-27,59.3,0.039,0.0
Calaveras County,2026-05-28,57.5,0.268,0.0
Calaveras County,2026-05-29,61.2,0.059,0.0
Calaveras County,2026-05-30,70.5,0.004,0.0
Calaveras County,2026-05-31,77.3,0.0,0.0
Calaveras County,2026-06-01,82.0,0.0,0.0
Calaveras County,2026-06-02,82.5,0.0,0.0
Calaveras County,2026-06-03,83.9,0.0,0.0
Calaveras County,2026-06-04,85.1,0.0,0.0
Calaveras County,2026-06-05,86.0,0.0,0.0
Calaveras County,2026-06-06,77.6,0.0,0.0
Calaveras County,2026-06-07,77.1,0.0,0.0
Calaveras County,2026-06-08,75.8,0.004,0.0
Calaveras County,2026-06-09,77.3,0.0,0.0
Calaveras County,2026-06-10,88.2,0.0,0.0
Calaveras County,2026-06-11,91.0,0.0,0.0
Calaveras County,2026-06-12,92.4,0.0,0.0
Calaveras County,2026-06-13,92.7,0.0,0.0
Calaveras County,2026-06-14,90.8,0.0,0.0
Calaveras County,2026-06-15,89.6,0.0,0.0
Calaveras County,2026-06-16,89.6,0.0,0.0
Calaveras County,2026-06-17,87.3,0.0,0.0
Calaveras County,2026-06-18,84.4,0.0,0.0
Calaveras County,2026-06-19,77.7,0.0,0.0
Calaveras County,2026-06-20,78.7,0.0,0.0
Calaveras County,2026-06-21,82.4,0.0,0.0
Calaveras County,2026-06-22,86.4,0.0,0.0
Calaveras County,2026-06-23,87.8,0.0,0.0
Calaveras County,2026-06-24,86.9,0.0,0.0
Calaveras County,2026-06-25,85.8,0.0,0.0
Calaveras County,2026-06-26,75.0,0.02,0.0
Calaveras County,2026-06-27,72.6,0.0,0.0
Calaveras County,2026-06-28,76.4,0.0,0.0
Calaveras County,2026-06-29,79.2,0.008,0.0
Calaveras County,2026-06-30,83.1,0.0,0.0
Calaveras County,2026-07-01,80.8,0.0,0.0
Calaveras County,2026-07-02,80.1,0.0,0.0
Calaveras County,2026-07-03,85.1,0.0,0.0
Calaveras County,2026-07-04,88.2,0.0,0.0
Calaveras County,2026-07-05,85.3,0.004,0.0
Calaveras County,2026-07-06,86.2,0.0,0.0
Calaveras County,2026-07-07,84.5,0.0,0.0
Calaveras County,2026-07-08,85.8,0.0,0.0
Calaveras County,2026-07-09,90.2,0.0,0.0
Calaveras County,2026-07-10,92.5,0.0,0.0
Calaveras County,2026-07-11,91.4,0.0,0.0
Calaveras County,2026-07-12,88.1,0.008,0.0
Calaveras County,2026-07-13,89.3,0.0,0.0
Calaveras County,2026-07-14,93.4,0.012,0.0
Calaveras County,2026-07-15,93.8,0.0,0.0
Calaveras County,2026-07-16,90.2,0.0,0.0
Calaveras County,2026-07-17,90.9,0.0,0.0
Calaveras County,2026-07-18,88.0,0.0,0.0
Calaveras County,2026-07-19,90.3,0.0,0.0
Calaveras County,2026-07-20,91.1,0.0,0.0
Calaveras County,2026-07-21,93.0,0.0,0.0
Calaveras County,2026-07-22,84.3,0.0,0.0
Calaveras County,2026-07-23,88.2,0.0,0.0
Calaveras County,2026-07-24,90.3,0.0,0.0
Calaveras County,2026-07-25,90.0,0.0,0.0
Calaveras County,2026-07-26,89.2,0.0,0.0
Calaveras County,2026-07-27,87.9,0.0,0.0
Calaveras County,2026-07-28,88.9,0.0,0.0
Calaveras County,2026-07-29,90.9,0.0,0.0
Tuolumne County,2023-07-30,82.2,0.0,0.0
Tuolumne County,2023-07-31,80.7,0.0,0.0
Tuolumne County,2023-08-01,77.8,0.0,0.0
Tuolumne County,2023-08-02,73.9,0.0,0.0
Tuolumne County,2023-08-03,72.4,0.0,0.0
Tuolumne County,2023-08-04,76.1,0.0,0.0
Tuolumne County,2023-08-05,77.6,0.0,0.0
Tuolumne County,2023-08-06,81.4,0.0,0.0
Tuolumne County,2023-08-07,79.6,0.0,0.0
Tuolumne County,2023-08-08,76.9,0.0,0.0
Tuolumne County,2023-08-09,75.2,0.0,0.0
Tuolumne County,2023-08-10,75.3,0.0,0.0
Tuolumne County,2023-08-11,74.6,0.012,0.0
Tuolumne County,2023-08-12,75.9,0.047,0.0
Tuolumne County,2023-08-13,77.3,0.268,0.0
Tuolumne County,2023-08-14,76.1,0.157,0.0
Tuolumne County,2023-08-15,81.4,0.004,0.0
Tuolumne County,2023-08-16,83.5,0.071,0.0
Tuolumne County,2023-08-17,79.4,0.008,0.0
Tuolumne County,2023-08-18,77.2,0.004,0.0
Tuolumne County,2023-08-19,74.4,0.039,0.0
Tuolumne County,2023-08-20,66.9,0.717,0.0
Tuolumne County,2023-08-21,60.4,0.63,0.0
Tuolumne County,2023-08-22,65.0,0.004,0.0
Tuolumne County,2023-08-23,72.3,0.0,0.0
Tuolumne County,2023-08-24,73.2,0.004,0.0
Tuolumne County,2023-08-25,71.7,0.016,0.0
Tuolumne County,2023-08-26,73.5,0.0,0.0
Tuolumne County,2023-08-27,77.0,0.0,0.0
Tuolumne County,2023-08-28,80.4,0.0,0.0
Tuolumne County,2023-08-29,78.2,0.0,0.0
Tuolumne County,2023-08-30,80.7,0.0,0.0
Tuolumne County,2023-08-31,73.7,0.0,0.0
Tuolumne County,2023-09-01,59.1,0.051,0.0
Tuolumne County,2023-09-02,57.0,0.276,0.0
Tuolumne County,2023-09-03,51.8,0.504,0.0
Tuolumne County,2023-09-04,65.1,0.0,0.0
Tuolumne County,2023-09-05,66.9,0.0,0.0
Tuolumne County,2023-09-06,68.0,0.0,0.0
Tuolumne County,2023-09-07,69.5,0.0,0.0
Tuolumne County,2023-09-08,71.3,0.0,0.0
Tuolumne County,2023-09-09,70.1,0.268,0.0
Tuolumne County,2023-09-10,70.9,0.035,0.0
Tuolumne County,2023-09-11,70.5,0.02,0.0
Tuolumne County,2023-09-12,70.5,0.0,0.0
Tuolumne County,2023-09-13,70.5,0.008,0.0
Tuolumne County,2023-09-14,73.4,0.004,0.0
Tuolumne County,2023-09-15,74.3,0.0,0.0
Tuolumne County,2023-09-16,73.6,0.063,0.0
Tuolumne County,2023-09-17,73.1,0.0,0.0
Tuolumne County,2023-09-18,66.9,0.0,0.0
Tuolumne County,2023-09-19,67.3,0.0,0.0
Tuolumne County,2023-09-20,64.2,0.024,0.0
Tuolumne County,2023-09-21,54.5,0.283,0.0
Tuolumne County,2023-09-22,62.4,0.0,0.0
Tuolumne County,2023-09-23,63.2,0.0,0.0
Tuolumne County,2023-09-24,65.1,0.0,0.0
Tuolumne County,2023-09-25,64.2,0.0,0.0
Tuolumne County,2023-09-26,65.9,0.0,0.0
Tuolumne County,2023-09-27,69.1,0.0,0.0
Tuolumne County,2023-09-28,67.3,0.0,0.0
Tuolumne County,2023-09-29,61.8,0.012,0.0
Tuolumne County,2023-09-30,44.8,0.303,0.0
Tuolumne County,2023-10-01,49.2,0.028,0.0
Tuolumne County,2023-10-02,55.4,0.0,0.0
Tuolumne County,2023-10-03,60.8,0.0,0.0
Tuolumne County,2023-10-04,67.3,0.0,0.0
Tuolumne County,2023-10-05,71.1,0.0,0.0
Tuolumne County,2023-10-06,73.3,0.0,0.0
Tuolumne County,2023-10-07,73.4,0.0,0.0
Tuolumne County,2023-10-08,72.0,0.0,0.0
Tuolumne County,2023-10-09,63.6,0.0,0.0
Tuolumne County,2023-10-10,57.5,0.043,0.0
Tuolumne County,2023-10-11,53.4,0.157,0.0
Tuolumne County,2023-10-12,59.2,0.0,0.0
Tuolumne County,2023-10-13,59.9,0.0,0.0
Tuolumne County,2023-10-14,62.4,0.0,0.0
Tuolumne County,2023-10-15,68.0,0.0,0.0
Tuolumne County,2023-10-16,69.2,0.0,0.0
Tuolumne County,2023-10-17,71.0,0.0,0.0
Tuolumne County,2023-10-18,76.4,0.0,0.0
Tuolumne County,2023-10-19,76.8,0.0,0.0
Tuolumne County,2023-10-20,69.6,0.0,0.0
Tuolumne County,2023-10-21,66.0,0.0,0.0
Tuolumne County,2023-10-22,52.4,0.047,0.0
Tuolumne County,2023-10-23,63.3,0.0,0.0
Tuolumne County,2023-10-24,61.0,0.0,0.0
Tuolumne County,2023-10-25,52.9,0.012,0.0
Tuolumne County,2023-10-26,51.3,0.008,0.0
Tuolumne County,2023-10-27,51.7,0.0,0.0
Tuolumne County,2023-10-28,51.6,0.0,0.0
Tuolumne County,2023-10-29,59.4,0.0,0.0
Tuolumne County,2023-10-30,59.9,0.0,0.0
Tuolumne County,2023-10-31,60.9,0.0,0.0
Tuolumne County,2023-11-01,62.9,0.0,0.0
Tuolumne County,2023-11-02,64.8,0.0,0.0
Tuolumne County,2023-11-03,65.7,0.0,0.0
Tuolumne County,2023-11-04,64.2,0.0,0.0
Tuolumne County,2023-11-05,56.4,0.055,0.0
Tuolumne County,2023-11-06,45.5,0.512,0.165
Tuolumne County,2023-11-07,42.8,0.083,0.358
Tuolumne County,2023-11-08,49.5,0.0,0.0
Tuolumne County,2023-11-09,51.6,0.0,0.0
Tuolumne County,2023-11-10,52.5,0.0,0.0
Tuolumne County,2023-11-11,56.4,0.0,0.0
Tuolumne County,2023-11-12,55.4,0.0,0.0
Tuolumne County,2023-11-13,51.7,0.0,0.0
Tuolumne County,2023-11-14,52.4,0.0,0.0
Tuolumne County,2023-11-15,52.6,0.256,0.496
Tuolumne County,2023-11-16,47.9,0.087,0.028
Tuolumne County,2023-11-17,48.0,0.055,0.0
Tuolumne County,2023-11-18,38.2,1.102,2.012
Tuolumne County,2023-11-19,40.6,0.343,0.799
Tuolumne County,2023-11-20,52.5,0.0,0.0
Tuolumne County,2023-11-21,57.6,0.0,0.0
Tuolumne County,2023-11-22,57.0,0.0,0.0
Tuolumne County,2023-11-23,46.8,0.028,0.0
Tuolumne County,2023-11-24,42.1,0.0,0.0
Tuolumne County,2023-11-25,42.5,0.0,0.0
Tuolumne County,2023-11-26,46.7,0.0,0.0
Tuolumne County,2023-11-27,48.3,0.0,0.0
Tuolumne County,2023-11-28,45.5,0.0,0.0
Tuolumne County,2023-11-29,41.7,0.0,0.0
Tuolumne County,2023-11-30,36.5,0.217,1.516
Tuolumne County,2023-12-01,36.6,0.012,0.083
Tuolumne County,2023-12-02,38.1,0.004,0.0
Tuolumne County,2023-12-03,46.9,0.0,0.0
Tuolumne County,2023-12-04,53.7,0.0,0.0
Tuolumne County,2023-12-05,55.9,0.0,0.0
Tuolumne County,2023-12-06,49.6,0.181,0.799
Tuolumne County,2023-12-07,37.4,0.043,0.276
Tuolumne County,2023-12-08,42.0,0.0,0.0
Tuolumne County,2023-12-09,50.0,0.0,0.0
Tuolumne County,2023-12-10,56.8,0.0,0.0
Tuolumne County,2023-12-11,52.8,0.0,0.0
Tuolumne County,2023-12-12,48.2,0.0,0.0
Tuolumne County,2023-12-13,47.6,0.0,0.0
Tuolumne County,2023-12-14,47.1,0.0,0.0
Tuolumne County,2023-12-15,54.9,0.0,0.0
Tuolumne County,2023-12-16,55.7,0.0,0.0
Tuolumne County,2023-12-17,58.9,0.0,0.0
Tuolumne County,2023-12-18,44.1,0.425,1.157
Tuolumne County,2023-12-19,39.0,0.811,0.165
Tuolumne County,2023-12-20,45.4,0.063,0.028
Tuolumne County,2023-12-21,47.2,0.012,0.055
Tuolumne County,2023-12-22,49.2,0.0,0.0
Tuolumne County,2023-12-23,47.9,0.0,0.0
Tuolumne County,2023-12-24,48.0,0.0,0.0
Tuolumne County,2023-12-25,51.6,0.0,0.0
Tuolumne County,2023-12-26,49.3,0.0,0.0
Tuolumne County,2023-12-27,46.8,0.138,0.965
Tuolumne County,2023-12-28,49.4,0.02,0.138
Tuolumne County,2023-12-29,47.2,0.0,0.0
Tuolumne County,2023-12-30,35.7,0.449,3.087
Tuolumne County,2023-12-31,37.0,0.0,0.0
Tuolumne County,2024-01-01,40.1,0.0,0.0
Tuolumne County,2024-01-02,37.9,0.067,0.469
Tuolumne County,2024-01-03,28.4,1.0,7.0
Tuolumne County,2024-01-04,38.4,0.0,0.0
Tuolumne County,2024-01-05,38.0,0.0,0.0
Tuolumne County,2024-01-06,40.4,0.685,4.713
Tuolumne County,2024-01-07,26.5,0.004,0.028
Tuolumne County,2024-01-08,35.9,0.0,0.0
Tuolumne County,2024-01-09,38.5,0.075,0.083
Tuolumne County,2024-01-10,28.4,1.343,9.15
Tuolumne County,2024-01-11,26.7,0.169,1.13
Tuolumne County,2024-01-12,35.1,0.0,0.0
Tuolumne County,2024-01-13,33.8,0.874,5.98
Tuolumne County,2024-01-14,42.2,0.295,1.598
Tuolumne County,2024-01-15,48.8,0.008,0.055
Tuolumne County,2024-01-16,46.8,0.331,2.232
Tuolumne County,2024-01-17,38.3,0.37,1.681
Tuolumne County,2024-01-18,48.0,0.0,0.0
Tuolumne County,2024-01-19,42.4,0.031,0.083
Tuolumne County,2024-01-20,35.8,0.559,3.197
Tuolumne County,2024-01-21,39.3,0.213,1.323
Tuolumne County,2024-01-22,35.4,1.327,9.205
Tuolumne County,2024-01-23,39.5,0.0,0.0
Tuolumne County,2024-01-24,37.0,0.173,0.744
Tuolumne County,2024-01-25,37.8,0.016,0.0
Tuolumne County,2024-01-26,47.6,0.0,0.0
Tuolumne County,2024-01-27,47.3,0.0,0.0
Tuolumne County,2024-01-28,61.0,0.0,0.0
Tuolumne County,2024-01-29,54.5,0.0,0.0
Tuolumne County,2024-01-30,52.5,0.0,0.0
Tuolumne County,2024-01-31,44.0,0.295,1.902
Tuolumne County,2024-02-01,34.8,1.417,9.811
Tuolumne County,2024-02-02,27.9,0.524,3.61
Tuolumne County,2024-02-03,31.3,0.047,0.331
Tuolumne County,2024-02-04,36.0,1.386,8.626
Tuolumne County,2024-02-05,32.1,0.984,6.587
Tuolumne County,2024-02-06,32.3,0.11,0.772
Tuolumne County,2024-02-07,27.2,0.846,5.898
Tuolumne County,2024-02-08,30.1,0.138,0.965
Tuolumne County,2024-02-09,31.8,0.0,0.0
Tuolumne County,2024-02-10,39.2,0.0,0.0
Tuolumne County,2024-02-11,40.9,0.0,0.0
Tuolumne County,2024-02-12,42.5,0.0,0.0
Tuolumne County,2024-02-13,39.0,0.0,0.0
Tuolumne County,2024-02-14,37.0,0.303,2.122
Tuolumne County,2024-02-15,37.6,0.5,3.472
Tuolumne County,2024-02-16,44.9,0.004,0.0
Tuolumne County,2024-02-17,40.0,0.169,0.937
Tuolumne County,2024-02-18,41.1,0.189,1.157
Tuolumne County,2024-02-19,36.7,1.555,7.772
Tuolumne County,2024-02-20,35.7,0.646,4.52
Tuolumne County,2024-02-21,36.3,0.087,0.606
Tuolumne County,2024-02-22,39.1,0.0,0.0
Tuolumne County,2024-02-23,49.5,0.0,0.0
Tuolumne County,2024-02-24,44.1,0.0,0.0
Tuolumne County,2024-02-25,43.9,0.0,0.0
Tuolumne County,2024-02-26,38.7,0.118,0.413
Tuolumne County,2024-02-27,41.1,0.008,0.028
Tuolumne County,2024-02-28,43.6,0.0,0.0
Tuolumne County,2024-02-29,35.7,0.315,1.654
Tuolumne County,2024-03-01,32.0,3.102,20.862
Tuolumne County,2024-03-02,29.3,1.811,11.602
Tuolumne County,2024-03-03,25.6,0.882,6.091
Tuolumne County,2024-03-04,31.8,0.22,1.295
Tuolumne County,2024-03-05,36.7,0.0,0.0
Tuolumne County,2024-03-06,37.8,0.008,0.055
Tuolumne County,2024-03-07,38.0,0.012,0.083
Tuolumne County,2024-03-08,42.7,0.0,0.0
Tuolumne County,2024-03-09,39.9,0.0,0.0
Tuolumne County,2024-03-10,40.3,0.031,0.083
Tuolumne County,2024-03-11,37.5,0.157,1.047
Tuolumne County,2024-03-12,36.8,0.413,2.563
Tuolumne County,2024-03-13,44.8,0.0,0.0
Tuolumne County,2024-03-14,36.1,0.0,0.0
Tuolumne County,2024-03-15,42.2,0.0,0.0
Tuolumne County,2024-03-16,44.7,0.0,0.0
Tuolumne County,2024-03-17,53.1,0.0,0.0
Tuolumne County,2024-03-18,55.6,0.0,0.0
Tuolumne County,2024-03-19,49.8,0.0,0.0
Tuolumne County,2024-03-20,49.7,0.0,0.0
Tuolumne County,2024-03-21,45.9,0.0,0.0
Tuolumne County,2024-03-22,44.4,0.15,0.551
Tuolumne County,2024-03-23,34.1,1.193,7.827
Tuolumne County,2024-03-24,34.0,0.319,2.15
Tuolumne County,2024-03-25,37.3,0.016,0.11
Tuolumne County,2024-03-26,39.6,0.0,0.0
Tuolumne County,2024-03-27,42.1,0.217,1.323
Tuolumne County,2024-03-28,36.1,0.626,3.969
Tuolumne County,2024-03-29,31.8,0.74,5.181
Tuolumne County,2024-03-30,33.0,0.657,4.547
Tuolumne County,2024-03-31,35.8,0.098,0.689
Tuolumne County,2024-04-01,45.9,0.0,0.0
Tuolumne County,2024-04-02,50.5,0.0,0.0
Tuolumne County,2024-04-03,49.9,0.165,0.413
Tuolumne County,2024-04-04,35.4,1.469,9.287
Tuolumne County,2024-04-05,25.5,0.748,5.154
Tuolumne County,2024-04-06,34.3,0.0,0.0
Tuolumne County,2024-04-07,36.6,0.0,0.0
Tuolumne County,2024-04-08,42.7,0.0,0.0
Tuolumne County,2024-04-09,49.5,0.0,0.0
Tuolumne County,2024-04-10,56.8,0.0,0.0
Tuolumne County,2024-04-11,58.8,0.0,0.0
Tuolumne County,2024-04-12,50.5,0.079,0.0
Tuolumne County,2024-04-13,38.4,0.512,3.528
Tuolumne County,2024-04-14,33.8,0.11,0.717
Tuolumne County,2024-04-15,45.3,0.0,0.0
Tuolumne County,2024-04-16,50.6,0.0,0.0
Tuolumne County,2024-04-17,55.0,0.0,0.0
Tuolumne County,2024-04-18,53.4,0.0,0.0
Tuolumne County,2024-04-19,52.4,0.051,0.0
Tuolumne County,2024-04-20,57.3,0.0,0.0
Tuolumne County,2024-04-21,61.1,0.0,0.0
Tuolumne County,2024-04-22,55.7,0.0,0.0
Tuolumne County,2024-04-23,50.2,0.055,0.0
Tuolumne County,2024-04-24,46.9,0.035,0.0
Tuolumne County,2024-04-25,45.2,0.051,0.0
Tuolumne County,2024-04-26,38.1,0.476,2.425
Tuolumne County,2024-04-27,47.6,0.0,0.0
Tuolumne County,2024-04-28,56.1,0.0,0.0
Tuolumne County,2024-04-29,56.1,0.0,0.0
Tuolumne County,2024-04-30,57.2,0.0,0.0
Tuolumne County,2024-05-01,58.5,0.008,0.0
Tuolumne County,2024-05-02,58.1,0.004,0.0
Tuolumne County,2024-05-03,59.0,0.043,0.0
Tuolumne County,2024-05-04,43.4,1.437,8.075
Tuolumne County,2024-05-05,35.2,0.035,0.248
Tuolumne County,2024-05-06,44.4,0.0,0.0
Tuolumne County,2024-05-07,54.5,0.0,0.0
Tuolumne County,2024-05-08,58.1,0.0,0.0
Tuolumne County,2024-05-09,62.2,0.0,0.0
Tuolumne County,2024-05-10,62.0,0.051,0.0
Tuolumne County,2024-05-11,67.1,0.016,0.0
Tuolumne County,2024-05-12,65.2,0.008,0.0
Tuolumne County,2024-05-13,67.7,0.106,0.0
Tuolumne County,2024-05-14,68.7,0.154,0.0
Tuolumne County,2024-05-15,72.3,0.028,0.0
Tuolumne County,2024-05-16,69.3,0.024,0.0
Tuolumne County,2024-05-17,69.5,0.031,0.0
Tuolumne County,2024-05-18,65.2,0.031,0.0
Tuolumne County,2024-05-19,61.4,0.0,0.0
Tuolumne County,2024-05-20,57.8,0.016,0.0
Tuolumne County,2024-05-21,61.6,0.0,0.0
Tuolumne County,2024-05-22,61.8,0.0,0.0
Tuolumne County,2024-05-23,60.6,0.0,0.0
Tuolumne County,2024-05-24,57.7,0.0,0.0
Tuolumne County,2024-05-25,56.3,0.0,0.0
Tuolumne County,2024-05-26,63.9,0.0,0.0
Tuolumne County,2024-05-27,67.6,0.0,0.0
Tuolumne County,2024-05-28,67.8,0.0,0.0
Tuolumne County,2024-05-29,68.2,0.0,0.0
Tuolumne County,2024-05-30,71.2,0.0,0.0
Tuolumne County,2024-05-31,72.0,0.0,0.0
Tuolumne County,2024-06-01,69.9,0.0,0.0
Tuolumne County,2024-06-02,71.0,0.0,0.0
Tuolumne County,2024-06-03,67.6,0.0,0.0
Tuolumne County,2024-06-04,83.1,0.0,0.0
Tuolumne County,2024-06-05,83.1,0.0,0.0
Tuolumne County,2024-06-06,82.8,0.0,0.0
Tuolumne County,2024-06-07,81.5,0.0,0.0
Tuolumne County,2024-06-08,78.1,0.0,0.0
Tuolumne County,2024-06-09,71.8,0.0,0.0
Tuolumne County,2024-06-10,76.4,0.004,0.0
Tuolumne County,2024-06-11,83.0,0.0,0.0
Tuolumne County,2024-06-12,83.4,0.0,0.0
Tuolumne County,2024-06-13,77.9,0.02,0.0
Tuolumne County,2024-06-14,75.9,0.0,0.0
Tuolumne County,2024-06-15,72.9,0.0,0.0
Tuolumne County,2024-06-16,71.5,0.0,0.0
Tuolumne County,2024-06-17,66.4,0.0,0.0
Tuolumne County,2024-06-18,66.9,0.0,0.0
Tuolumne County,2024-06-19,70.2,0.0,0.0
Tuolumne County,2024-06-20,73.6,0.0,0.0
Tuolumne County,2024-06-21,80.3,0.0,0.0
Tuolumne County,2024-06-22,84.1,0.0,0.0
Tuolumne County,2024-06-23,82.0,0.0,0.0
Tuolumne County,2024-06-24,80.7,0.0,0.0
Tuolumne County,2024-06-25,81.0,0.004,0.0
Tuolumne County,2024-06-26,78.6,0.0,0.0
Tuolumne County,2024-06-27,75.3,0.0,0.0
Tuolumne County,2024-06-28,77.9,0.0,0.0
Tuolumne County,2024-06-29,77.7,0.0,0.0
Tuolumne County,2024-06-30,76.3,0.0,0.0
Tuolumne County,2024-07-01,80.1,0.0,0.0
Tuolumne County,2024-07-02,85.4,0.0,0.0
Tuolumne County,2024-07-03,87.6,0.0,0.0
Tuolumne County,2024-07-04,88.5,0.0,0.0
Tuolumne County,2024-07-05,91.7,0.0,0.0
Tuolumne County,2024-07-06,93.6,0.0,0.0
Tuolumne County,2024-07-07,92.7,0.0,0.0
Tuolumne County,2024-07-08,90.3,0.0,0.0
Tuolumne County,2024-07-09,89.3,0.0,0.0
Tuolumne County,2024-07-10,90.4,0.0,0.0
Tuolumne County,2024-07-11,91.6,0.0,0.0
Tuolumne County,2024-07-12,91.9,0.0,0.0
Tuolumne County,2024-07-13,89.8,0.004,0.0
Tuolumne County,2024-07-14,82.5,0.008,0.0
Tuolumne County,2024-07-15,78.9,0.114,0.0
Tuolumne County,2024-07-16,79.8,0.0,0.0
Tuolumne County,2024-07-17,80.8,0.0,0.0
Tuolumne County,2024-07-18,83.8,0.004,0.0
Tuolumne County,2024-07-19,85.8,0.0,0.0
Tuolumne County,2024-07-20,88.0,0.004,0.0
Tuolumne County,2024-07-21,86.4,0.0,0.0
Tuolumne County,2024-07-22,87.3,0.0,0.0
Tuolumne County,2024-07-23,87.6,0.0,0.0
Tuolumne County,2024-07-24,86.8,0.0,0.0
Tuolumne County,2024-07-25,82.7,0.0,0.0
Tuolumne County,2024-07-26,82.0,0.0,0.0
Tuolumne County,2024-07-27,72.1,0.0,0.0
Tuolumne County,2024-07-28,73.9,0.0,0.0
Tuolumne County,2024-07-29,75.0,0.0,0.0
Tuolumne County,2024-07-30,76.6,0.0,0.0
Tuolumne County,2024-07-31,80.3,0.0,0.0
Tuolumne County,2024-08-01,84.9,0.0,0.0
Tuolumne County,2024-08-02,84.4,0.028,0.0
Tuolumne County,2024-08-03,80.2,0.004,0.0
Tuolumne County,2024-08-04,83.4,0.0,0.0
Tuolumne County,2024-08-05,84.5,0.0,0.0
Tuolumne County,2024-08-06,86.9,0.0,0.0
Tuolumne County,2024-08-07,86.3,0.0,0.0
Tuolumne County,2024-08-08,85.4,0.0,0.0
Tuolumne County,2024-08-09,84.7,0.0,0.0
Tuolumne County,2024-08-10,84.4,0.0,0.0
Tuolumne County,2024-08-11,82.1,0.0,0.0
Tuolumne County,2024-08-12,75.7,0.004,0.0
Tuolumne County,2024-08-13,74.3,0.0,0.0
Tuolumne County,2024-08-14,75.0,0.0,0.0
Tuolumne County,2024-08-15,76.0,0.0,0.0
Tuolumne County,2024-08-16,77.0,0.0,0.0
Tuolumne County,2024-08-17,69.6,0.0,0.0
Tuolumne County,2024-08-18,71.4,0.0,0.0
Tuolumne County,2024-08-19,74.3,0.0,0.0
Tuolumne County,2024-08-20,75.8,0.0,0.0
Tuolumne County,2024-08-21,73.2,0.0,0.0
Tuolumne County,2024-08-22,68.6,0.0,0.0
Tuolumne County,2024-08-23,57.8,0.0,0.0
Tuolumne County,2024-08-24,55.4,0.043,0.0
Tuolumne County,2024-08-25,66.6,0.0,0.0
Tuolumne County,2024-08-26,74.2,0.0,0.0
Tuolumne County,2024-08-27,77.2,0.0,0.0
Tuolumne County,2024-08-28,79.5,0.0,0.0
Tuolumne County,2024-08-29,79.8,0.0,0.0
Tuolumne County,2024-08-30,80.5,0.0,0.0
Tuolumne County,2024-08-31,81.9,0.0,0.0
Tuolumne County,2024-09-01,79.8,0.0,0.0
Tuolumne County,2024-09-02,75.9,0.0,0.0
Tuolumne County,2024-09-03,78.6,0.0,0.0
Tuolumne County,2024-09-04,82.1,0.0,0.0
Tuolumne County,2024-09-05,85.0,0.0,0.0
Tuolumne County,2024-09-06,83.5,0.004,0.0
Tuolumne County,2024-09-07,80.4,0.0,0.0
Tuolumne County,2024-09-08,78.0,0.0,0.0
Tuolumne County,2024-09-09,77.9,0.0,0.0
Tuolumne County,2024-09-10,76.6,0.0,0.0
Tuolumne County,2024-09-11,67.9,0.0,0.0
Tuolumne County,2024-09-12,68.6,0.0,0.0
Tuolumne County,2024-09-13,71.6,0.0,0.0
Tuolumne County,2024-09-14,72.7,0.0,0.0
Tuolumne County,2024-09-15,63.3,0.004,0.0
Tuolumne County,2024-09-16,50.7,0.012,0.0
Tuolumne County,2024-09-17,59.0,0.0,0.0
Tuolumne County,2024-09-18,57.9,0.098,0.0
Tuolumne County,2024-09-19,63.1,0.327,0.0
Tuolumne County,2024-09-20,70.5,0.0,0.0
Tuolumne County,2024-09-21,69.8,0.008,0.0
Tuolumne County,2024-09-22,72.6,0.02,0.0
Tuolumne County,2024-09-23,76.8,0.0,0.0
Tuolumne County,2024-09-24,78.2,0.0,0.0
Tuolumne County,2024-09-25,73.8,0.0,0.0
Tuolumne County,2024-09-26,76.1,0.0,0.0
Tuolumne County,2024-09-27,79.3,0.0,0.0
Tuolumne County,2024-09-28,79.2,0.0,0.0
Tuolumne County,2024-09-29,75.9,0.0,0.0
Tuolumne County,2024-09-30,80.8,0.0,0.0
Tuolumne County,2024-10-01,84.0,0.0,0.0
Tuolumne County,2024-10-02,83.1,0.0,0.0
Tuolumne County,2024-10-03,80.0,0.0,0.0
Tuolumne County,2024-10-04,76.4,0.0,0.0
Tuolumne County,2024-10-05,78.5,0.0,0.0
Tuolumne County,2024-10-06,79.3,0.0,0.0
Tuolumne County,2024-10-07,76.4,0.0,0.0
Tuolumne County,2024-10-08,76.8,0.0,0.0
Tuolumne County,2024-10-09,74.3,0.0,0.0
Tuolumne County,2024-10-10,70.0,0.0,0.0
Tuolumne County,2024-10-11,68.7,0.0,0.0
Tuolumne County,2024-10-12,65.5,0.0,0.0
Tuolumne County,2024-10-13,66.2,0.0,0.0
Tuolumne County,2024-10-14,68.6,0.0,0.0
Tuolumne County,2024-10-15,69.6,0.0,0.0
Tuolumne County,2024-10-16,61.1,0.343,0.0
Tuolumne County,2024-10-17,50.7,0.0,0.0
Tuolumne County,2024-10-18,58.6,0.0,0.0
Tuolumne County,2024-10-19,66.7,0.0,0.0
Tuolumne County,2024-10-20,60.1,0.0,0.0
Tuolumne County,2024-10-21,60.5,0.0,0.0
Tuolumne County,2024-10-22,64.2,0.0,0.0
Tuolumne County,2024-10-23,67.2,0.0,0.0
Tuolumne County,2024-10-24,64.9,0.0,0.0
Tuolumne County,2024-10-25,65.1,0.0,0.0
Tuolumne County,2024-10-26,66.1,0.0,0.0
Tuolumne County,2024-10-27,58.6,0.0,0.0
Tuolumne County,2024-10-28,44.7,0.201,0.055
Tuolumne County,2024-10-29,47.1,0.0,0.0
Tuolumne County,2024-10-30,45.3,0.0,0.0
Tuolumne County,2024-10-31,42.4,0.02,0.11
Tuolumne County,2024-11-01,48.7,0.0,0.0
Tuolumne County,2024-11-02,39.5,0.248,1.516
Tuolumne County,2024-11-03,44.3,0.0,0.0
Tuolumne County,2024-11-04,58.3,0.0,0.0
Tuolumne County,2024-11-05,56.5,0.0,0.0
Tuolumne County,2024-11-06,54.9,0.0,0.0
Tuolumne County,2024-11-07,53.6,0.0,0.0
Tuolumne County,2024-11-08,56.4,0.0,0.0
Tuolumne County,2024-11-09,54.3,0.0,0.0
Tuolumne County,2024-11-10,54.6,0.0,0.0
Tuolumne County,2024-11-11,44.3,0.382,2.535
Tuolumne County,2024-11-12,43.3,0.0,0.0
Tuolumne County,2024-11-13,47.6,0.0,0.0
Tuolumne County,2024-11-14,41.4,0.157,0.827
Tuolumne County,2024-11-15,30.5,0.193,1.35
Tuolumne County,2024-11-16,38.2,0.0,0.0
Tuolumne County,2024-11-17,47.6,0.0,0.0
Tuolumne County,2024-11-18,35.6,0.091,0.303
Tuolumne County,2024-11-19,40.9,0.0,0.0
Tuolumne County,2024-11-20,43.0,0.0,0.0
Tuolumne County,2024-11-21,49.8,0.0,0.0
Tuolumne County,2024-11-22,49.5,0.059,0.22
Tuolumne County,2024-11-23,37.0,1.39,7.11
Tuolumne County,2024-11-24,36.1,0.059,0.413
Tuolumne County,2024-11-25,37.1,0.681,2.205
Tuolumne County,2024-11-26,35.4,0.772,4.74
Tuolumne County,2024-11-27,42.2,0.0,0.0
Tuolumne County,2024-11-28,45.7,0.0,0.0
Tuolumne County,2024-11-29,50.7,0.0,0.0
Tuolumne County,2024-11-30,53.8,0.0,0.0
Tuolumne County,2024-12-01,51.6,0.0,0.0
Tuolumne County,2024-12-02,52.4,0.0,0.0
Tuolumne County,2024-12-03,52.3,0.0,0.0
Tuolumne County,2024-12-04,54.3,0.0,0.0
Tuolumne County,2024-12-05,54.0,0.0,0.0
Tuolumne County,2024-12-06,56.5,0.0,0.0
Tuolumne County,2024-12-07,54.3,0.0,0.0
Tuolumne County,2024-12-08,52.9,0.0,0.0
Tuolumne County,2024-12-09,51.4,0.0,0.0
Tuolumne County,2024-12-10,51.6,0.0,0.0
Tuolumne County,2024-12-11,50.5,0.0,0.0
Tuolumne County,2024-12-12,37.9,0.555,3.72
Tuolumne County,2024-12-13,36.1,0.319,2.012
Tuolumne County,2024-12-14,36.8,0.787,5.264
Tuolumne County,2024-12-15,40.7,0.0,0.0
Tuolumne County,2024-12-16,43.1,0.5,3.252
Tuolumne County,2024-12-17,52.5,0.0,0.0
Tuolumne County,2024-12-18,59.1,0.0,0.0
Tuolumne County,2024-12-19,57.7,0.0,0.0
Tuolumne County,2024-12-20,51.6,0.0,0.0
Tuolumne County,2024-12-21,46.7,0.0,0.0
Tuolumne County,2024-12-22,43.3,0.512,0.0
Tuolumne County,2024-12-23,48.8,0.008,0.0
Tuolumne County,2024-12-24,39.7,0.61,3.941
Tuolumne County,2024-12-25,40.0,0.004,0.028
Tuolumne County,2024-12-26,38.7,0.331,2.039
Tuolumne County,2024-12-27,41.7,0.642,3.776
Tuolumne County,2024-12-28,44.0,0.0,0.0
Tuolumne County,2024-12-29,37.7,0.827,0.193
Tuolumne County,2024-12-30,43.1,0.0,0.0
Tuolumne County,2024-12-31,43.8,0.0,0.0
Tuolumne County,2025-01-01,45.5,0.0,0.0
Tuolumne County,2025-01-02,52.5,0.0,0.0
Tuolumne County,2025-01-03,44.1,0.319,2.177
Tuolumne County,2025-01-04,43.3,0.0,0.0
Tuolumne County,2025-01-05,48.9,0.0,0.0
Tuolumne County,2025-01-06,45.0,0.0,0.0
Tuolumne County,2025-01-07,37.7,0.0,0.0
Tuolumne County,2025-01-08,52.0,0.0,0.0
Tuolumne County,2025-01-09,51.4,0.0,0.0
Tuolumne County,2025-01-10,49.4,0.0,0.0
Tuolumne County,2025-01-11,47.3,0.0,0.0
Tuolumne County,2025-01-12,43.6,0.0,0.0
Tuolumne County,2025-01-13,44.5,0.0,0.0
Tuolumne County,2025-01-14,53.8,0.0,0.0
Tuolumne County,2025-01-15,52.4,0.0,0.0
Tuolumne County,2025-01-16,47.1,0.0,0.0
Tuolumne County,2025-01-17,43.4,0.0,0.0
Tuolumne County,2025-01-18,49.9,0.0,0.0
Tuolumne County,2025-01-19,46.4,0.0,0.0
Tuolumne County,2025-01-20,45.0,0.0,0.0
Tuolumne County,2025-01-21,50.0,0.0,0.0
Tuolumne County,2025-01-22,55.2,0.0,0.0
Tuolumne County,2025-01-23,54.3,0.0,0.0
Tuolumne County,2025-01-24,48.7,0.0,0.0
Tuolumne County,2025-01-25,36.2,0.134,0.937
Tuolumne County,2025-01-26,31.5,0.0,0.0
Tuolumne County,2025-01-27,40.6,0.0,0.0
Tuolumne County,2025-01-28,43.9,0.0,0.0
Tuolumne County,2025-01-29,42.6,0.0,0.0
Tuolumne County,2025-01-30,47.6,0.0,0.0
Tuolumne County,2025-01-31,41.8,0.551,2.177
Tuolumne County,2025-02-01,38.9,1.854,0.055
Tuolumne County,2025-02-02,45.8,0.008,0.0
Tuolumne County,2025-02-03,45.5,0.0,0.0
Tuolumne County,2025-02-04,39.0,0.886,1.764
Tuolumne County,2025-02-05,41.0,0.449,0.193
Tuolumne County,2025-02-06,35.6,1.02,3.969
Tuolumne County,2025-02-07,34.5,1.043,3.142
Tuolumne County,2025-02-08,35.4,0.0,0.0
Tuolumne County,2025-02-09,38.1,0.0,0.0
Tuolumne County,2025-02-10,38.8,0.0,0.0
Tuolumne County,2025-02-11,29.7,0.0,0.0
Tuolumne County,2025-02-12,37.7,0.039,0.276
Tuolumne County,2025-02-13,35.1,3.693,19.953
Tuolumne County,2025-02-14,31.2,1.445,10.004
Tuolumne County,2025-02-15,47.8,0.0,0.0
Tuolumne County,2025-02-16,44.5,0.075,0.496
Tuolumne County,2025-02-17,42.6,0.0,0.0
Tuolumne County,2025-02-18,47.4,0.0,0.0
Tuolumne County,2025-02-19,45.2,0.012,0.0
Tuolumne County,2025-02-20,45.0,0.0,0.0
Tuolumne County,2025-02-21,45.3,0.0,0.0
Tuolumne County,2025-02-22,48.2,0.0,0.0
Tuolumne County,2025-02-23,45.7,0.0,0.0
Tuolumne County,2025-02-24,49.7,0.0,0.0
Tuolumne County,2025-02-25,54.5,0.0,0.0
Tuolumne County,2025-02-26,58.9,0.0,0.0
Tuolumne County,2025-02-27,59.8,0.0,0.0
Tuolumne County,2025-02-28,60.0,0.0,0.0
Tuolumne County,2025-03-01,55.6,0.0,0.0
Tuolumne County,2025-03-02,32.6,0.555,3.831
Tuolumne County,2025-03-03,38.1,0.028,0.193
Tuolumne County,2025-03-04,40.5,0.0,0.0
Tuolumne County,2025-03-05,34.5,1.024,7.138
Tuolumne County,2025-03-06,29.2,0.201,1.406
Tuolumne County,2025-03-07,34.8,0.0,0.0
Tuolumne County,2025-03-08,45.6,0.0,0.0
Tuolumne County,2025-03-09,45.9,0.0,0.0
Tuolumne County,2025-03-10,47.6,0.0,0.0
Tuolumne County,2025-03-11,44.7,0.004,0.028
Tuolumne County,2025-03-12,36.0,1.571,10.5
Tuolumne County,2025-03-13,25.3,1.256,8.764
Tuolumne County,2025-03-14,27.0,0.811,5.402
Tuolumne County,2025-03-15,37.7,0.004,0.0
Tuolumne County,2025-03-16,44.3,0.0,0.0
Tuolumne County,2025-03-17,36.6,1.457,9.976
Tuolumne County,2025-03-18,39.6,0.0,0.0
Tuolumne County,2025-03-19,44.8,0.0,0.0
Tuolumne County,2025-03-20,44.8,0.0,0.0
Tuolumne County,2025-03-21,47.1,0.0,0.0
Tuolumne County,2025-03-22,46.6,0.02,0.0
Tuolumne County,2025-03-23,55.6,0.0,0.0
Tuolumne County,2025-03-24,60.1,0.0,0.0
Tuolumne County,2025-03-25,62.2,0.0,0.0
Tuolumne County,2025-03-26,59.4,0.087,0.0
Tuolumne County,2025-03-27,44.9,0.287,0.193
Tuolumne County,2025-03-28,39.9,0.154,1.02
Tuolumne County,2025-03-29,46.2,0.008,0.028
Tuolumne County,2025-03-30,38.7,0.815,4.492
Tuolumne County,2025-03-31,34.5,1.756,10.472
Tuolumne County,2025-04-01,26.9,0.815,5.677
Tuolumne County,2025-04-02,35.2,0.173,1.213
Tuolumne County,2025-04-03,40.0,0.102,0.717
Tuolumne County,2025-04-04,47.1,0.0,0.0
Tuolumne County,2025-04-05,51.6,0.0,0.0
Tuolumne County,2025-04-06,54.5,0.0,0.0
Tuolumne County,2025-04-07,51.7,0.004,0.0
Tuolumne County,2025-04-08,57.6,0.0,0.0
Tuolumne County,2025-04-09,65.3,0.0,0.0
Tuolumne County,2025-04-10,64.6,0.0,0.0
Tuolumne County,2025-04-11,63.0,0.0,0.0
Tuolumne County,2025-04-12,56.2,0.0,0.0
Tuolumne County,2025-04-13,60.9,0.0,0.0
Tuolumne County,2025-04-14,64.2,0.0,0.0
Tuolumne County,2025-04-15,62.4,0.051,0.0
Tuolumne County,2025-04-16,56.4,0.161,0.0
Tuolumne County,2025-04-17,47.3,0.177,0.0
Tuolumne County,2025-04-18,53.4,0.0,0.0
Tuolumne County,2025-04-19,54.8,0.0,0.0
Tuolumne County,2025-04-20,58.2,0.0,0.0
Tuolumne County,2025-04-21,60.6,0.004,0.0
Tuolumne County,2025-04-22,58.9,0.004,0.0
Tuolumne County,2025-04-23,53.4,0.0,0.0
Tuolumne County,2025-04-24,53.3,0.0,0.0
Tuolumne County,2025-04-25,41.5,0.177,0.744
Tuolumne County,2025-04-26,35.9,0.425,2.949
Tuolumne County,2025-04-27,36.4,0.201,1.323
Tuolumne County,2025-04-28,54.8,0.0,0.0
Tuolumne County,2025-04-29,59.8,0.016,0.0
Tuolumne County,2025-04-30,57.7,0.504,0.0
Tuolumne County,2025-05-01,63.7,0.028,0.0
Tuolumne County,2025-05-02,61.1,0.039,0.0
Tuolumne County,2025-05-03,51.1,0.323,0.579
Tuolumne County,2025-05-04,52.9,0.146,0.165
Tuolumne County,2025-05-05,62.5,0.0,0.0
Tuolumne County,2025-05-06,62.9,0.0,0.0
Tuolumne County,2025-05-07,61.0,0.0,0.0
Tuolumne County,2025-05-08,66.4,0.0,0.0
Tuolumne County,2025-05-09,70.5,0.0,0.0
Tuolumne County,2025-05-10,70.6,0.02,0.0
Tuolumne County,2025-05-11,61.6,0.0,0.0
Tuolumne County,2025-05-12,46.6,0.173,0.579
Tuolumne County,2025-05-13,40.8,0.209,1.323
Tuolumne County,2025-05-14,53.4,0.0,0.0
Tuolumne County,2025-05-15,58.8,0.0,0.0
Tuolumne County,2025-05-16,61.2,0.024,0.0
Tuolumne County,2025-05-17,49.1,0.15,0.083
Tuolumne County,2025-05-18,60.2,0.0,0.0
Tuolumne County,2025-05-19,66.1,0.0,0.0
Tuolumne County,2025-05-20,66.6,0.0,0.0
Tuolumne County,2025-05-21,68.7,0.0,0.0
Tuolumne County,2025-05-22,65.7,0.0,0.0
Tuolumne County,2025-05-23,61.7,0.0,0.0
Tuolumne County,2025-05-24,64.9,0.004,0.0
Tuolumne County,2025-05-25,67.1,0.0,0.0
Tuolumne County,2025-05-26,62.6,0.0,0.0
Tuolumne County,2025-05-27,71.8,0.016,0.0
Tuolumne County,2025-05-28,72.8,0.0,0.0
Tuolumne County,2025-05-29,75.9,0.0,0.0
Tuolumne County,2025-05-30,83.6,0.0,0.0
Tuolumne County,2025-05-31,83.1,0.0,0.0
Tuolumne County,2025-06-01,76.0,0.0,0.0
Tuolumne County,2025-06-02,73.7,0.012,0.0
Tuolumne County,2025-06-03,73.2,0.0,0.0
Tuolumne County,2025-06-04,70.2,0.185,0.0
Tuolumne County,2025-06-05,68.1,0.047,0.0
Tuolumne County,2025-06-06,72.3,0.008,0.0
Tuolumne County,2025-06-07,76.9,0.091,0.0
Tuolumne County,2025-06-08,77.4,0.039,0.0
Tuolumne County,2025-06-09,80.6,0.0,0.0
Tuolumne County,2025-06-10,78.5,0.0,0.0
Tuolumne County,2025-06-11,74.0,0.0,0.0
Tuolumne County,2025-06-12,72.9,0.0,0.0
Tuolumne County,2025-06-13,70.3,0.0,0.0
Tuolumne County,2025-06-14,72.1,0.0,0.0
Tuolumne County,2025-06-15,74.7,0.0,0.0
Tuolumne County,2025-06-16,71.3,0.0,0.0
Tuolumne County,2025-06-17,76.8,0.0,0.0
Tuolumne County,2025-06-18,82.4,0.0,0.0
Tuolumne County,2025-06-19,76.5,0.0,0.0
Tuolumne County,2025-06-20,64.3,0.0,0.0
Tuolumne County,2025-06-21,56.3,0.0,0.0
Tuolumne County,2025-06-22,62.5,0.0,0.0
Tuolumne County,2025-06-23,63.2,0.142,0.0
Tuolumne County,2025-06-24,68.6,0.008,0.0
Tuolumne County,2025-06-25,75.0,0.0,0.0
Tuolumne County,2025-06-26,74.7,0.0,0.0
Tuolumne County,2025-06-27,76.5,0.0,0.0
Tuolumne County,2025-06-28,78.3,0.0,0.0
Tuolumne County,2025-06-29,78.6,0.0,0.0
Tuolumne County,2025-06-30,77.6,0.0,0.0
Tuolumne County,2025-07-01,77.2,0.0,0.0
Tuolumne County,2025-07-02,77.9,0.008,0.0
Tuolumne County,2025-07-03,75.4,0.0,0.0
Tuolumne County,2025-07-04,67.8,0.0,0.0
Tuolumne County,2025-07-05,71.4,0.0,0.0
Tuolumne County,2025-07-06,75.9,0.0,0.0
Tuolumne County,2025-07-07,77.5,0.0,0.0
Tuolumne County,2025-07-08,74.8,0.0,0.0
Tuolumne County,2025-07-09,76.0,0.0,0.0
Tuolumne County,2025-07-10,80.2,0.0,0.0
Tuolumne County,2025-07-11,82.2,0.0,0.0
Tuolumne County,2025-07-12,82.9,0.0,0.0
Tuolumne County,2025-07-13,84.3,0.0,0.0
Tuolumne County,2025-07-14,84.5,0.0,0.0
Tuolumne County,2025-07-15,80.8,0.0,0.0
Tuolumne County,2025-07-16,77.2,0.0,0.0
Tuolumne County,2025-07-17,76.5,0.0,0.0
Tuolumne County,2025-07-18,77.5,0.0,0.0
Tuolumne County,2025-07-19,79.5,0.0,0.0
Tuolumne County,2025-07-20,78.2,0.0,0.0
Tuolumne County,2025-07-21,71.8,0.0,0.0
Tuolumne County,2025-07-22,69.3,0.0,0.0
Tuolumne County,2025-07-23,68.7,0.0,0.0
Tuolumne County,2025-07-24,71.1,0.024,0.0
Tuolumne County,2025-07-25,69.1,0.004,0.0
Tuolumne County,2025-07-26,69.0,0.008,0.0
Tuolumne County,2025-07-27,70.8,0.0,0.0
Tuolumne County,2025-07-28,74.1,0.0,0.0
Tuolumne County,2025-07-29,76.1,0.0,0.0
Tuolumne County,2025-07-30,73.5,0.094,0.0
Tuolumne County,2025-07-31,75.7,0.0,0.0
Tuolumne County,2025-08-01,76.0,0.0,0.0
Tuolumne County,2025-08-02,76.3,0.0,0.0
Tuolumne County,2025-08-03,75.2,0.0,0.0
Tuolumne County,2025-08-04,72.1,0.0,0.0
Tuolumne County,2025-08-05,73.5,0.0,0.0
Tuolumne County,2025-08-06,76.9,0.0,0.0
Tuolumne County,2025-08-07,77.1,0.0,0.0
Tuolumne County,2025-08-08,80.7,0.0,0.0
Tuolumne County,2025-08-09,81.9,0.0,0.0
Tuolumne County,2025-08-10,83.1,0.0,0.0
Tuolumne County,2025-08-11,84.6,0.0,0.0
Tuolumne County,2025-08-12,83.6,0.0,0.0
Tuolumne County,2025-08-13,81.6,0.0,0.0
Tuolumne County,2025-08-14,77.3,0.0,0.0
Tuolumne County,2025-08-15,75.9,0.0,0.0
Tuolumne County,2025-08-16,70.9,0.0,0.0
Tuolumne County,2025-08-17,69.7,0.0,0.0
Tuolumne County,2025-08-18,72.8,0.0,0.0
Tuolumne County,2025-08-19,75.4,0.0,0.0
Tuolumne County,2025-08-20,79.1,0.0,0.0
Tuolumne County,2025-08-21,83.0,0.0,0.0
Tuolumne County,2025-08-22,84.4,0.0,0.0
Tuolumne County,2025-08-23,85.4,0.035,0.0
Tuolumne County,2025-08-24,76.7,0.098,0.0
Tuolumne County,2025-08-25,77.5,0.031,0.0
Tuolumne County,2025-08-26,70.5,0.185,0.0
Tuolumne County,2025-08-27,72.5,0.008,0.0
Tuolumne County,2025-08-28,77.2,0.0,0.0
Tuolumne County,2025-08-29,75.7,0.0,0.0
Tuolumne County,2025-08-30,78.5,0.0,0.0
Tuolumne County,2025-08-31,79.5,0.0,0.0
Tuolumne County,2025-09-01,81.5,0.0,0.0
Tuolumne County,2025-09-02,80.9,0.134,0.0
Tuolumne County,2025-09-03,76.2,0.004,0.0
Tuolumne County,2025-09-04,77.6,0.0,0.0
Tuolumne County,2025-09-05,76.0,0.0,0.0
Tuolumne County,2025-09-06,71.3,0.0,0.0
Tuolumne County,2025-09-07,68.9,0.0,0.0
Tuolumne County,2025-09-08,67.6,0.0,0.0
Tuolumne County,2025-09-09,61.5,0.067,0.0
Tuolumne County,2025-09-10,56.5,0.106,0.0
Tuolumne County,2025-09-11,61.5,0.012,0.0
Tuolumne County,2025-09-12,62.9,0.024,0.0
Tuolumne County,2025-09-13,68.7,0.0,0.0
Tuolumne County,2025-09-14,70.1,0.0,0.0
Tuolumne County,2025-09-15,74.1,0.0,0.0
Tuolumne County,2025-09-16,75.2,0.0,0.0
Tuolumne County,2025-09-17,77.6,0.0,0.0
Tuolumne County,2025-09-18,71.0,0.11,0.0
Tuolumne County,2025-09-19,58.3,0.22,0.0
Tuolumne County,2025-09-20,67.1,0.008,0.0
Tuolumne County,2025-09-21,68.7,0.012,0.0
Tuolumne County,2025-09-22,73.5,0.0,0.0
Tuolumne County,2025-09-23,78.2,0.0,0.0
Tuolumne County,2025-09-24,70.6,0.15,0.0
Tuolumne County,2025-09-25,67.1,0.205,0.0
Tuolumne County,2025-09-26,76.8,0.0,0.0
Tuolumne County,2025-09-27,70.7,0.071,0.0
Tuolumne County,2025-09-28,65.1,0.031,0.0
Tuolumne County,2025-09-29,60.0,0.37,0.0
Tuolumne County,2025-09-30,53.5,0.039,0.0
Tuolumne County,2025-10-01,57.9,0.035,0.0
Tuolumne County,2025-10-02,55.4,1.217,0.0
Tuolumne County,2025-10-03,46.1,0.378,0.0
Tuolumne County,2025-10-04,58.4,0.0,0.0
Tuolumne County,2025-10-05,59.4,0.0,0.0
Tuolumne County,2025-10-06,64.5,0.0,0.0
Tuolumne County,2025-10-07,66.9,0.0,0.0
Tuolumne County,2025-10-08,63.1,0.0,0.0
Tuolumne County,2025-10-09,58.4,0.0,0.0
Tuolumne County,2025-10-10,57.8,0.0,0.0
Tuolumne County,2025-10-11,49.8,0.0,0.0
Tuolumne County,2025-10-12,56.8,0.0,0.0
Tuolumne County,2025-10-13,42.9,0.051,0.138
Tuolumne County,2025-10-14,37.3,1.087,7.11
Tuolumne County,2025-10-15,44.1,0.051,0.358
Tuolumne County,2025-10-16,54.9,0.0,0.0
Tuolumne County,2025-10-17,59.4,0.0,0.0
Tuolumne County,2025-10-18,63.1,0.0,0.0
Tuolumne County,2025-10-19,61.0,0.0,0.0
Tuolumne County,2025-10-20,65.5,0.0,0.0
Tuolumne County,2025-10-21,66.0,0.0,0.0
Tuolumne County,2025-10-22,53.9,0.323,0.0
Tuolumne County,2025-10-23,62.1,0.0,0.0
Tuolumne County,2025-10-24,61.1,0.0,0.0
Tuolumne County,2025-10-25,51.3,0.012,0.0
Tuolumne County,2025-10-26,46.8,0.024,0.0
Tuolumne County,2025-10-27,59.4,0.0,0.0
Tuolumne County,2025-10-28,65.5,0.0,0.0
Tuolumne County,2025-10-29,67.5,0.0,0.0
Tuolumne County,2025-10-30,65.7,0.0,0.0
Tuolumne County,2025-10-31,65.6,0.0,0.0
Tuolumne County,2025-11-01,66.0,0.0,0.0
Tuolumne County,2025-11-02,66.9,0.0,0.0
Tuolumne County,2025-11-03,60.0,0.0,0.0
Tuolumne County,2025-11-04,58.4,0.0,0.0
Tuolumne County,2025-11-05,47.1,0.563,1.819
Tuolumne County,2025-11-06,54.6,0.0,0.0
Tuolumne County,2025-11-07,58.1,0.0,0.0
Tuolumne County,2025-11-08,65.0,0.0,0.0
Tuolumne County,2025-11-09,67.7,0.0,0.0
Tuolumne County,2025-11-10,66.7,0.0,0.0
Tuolumne County,2025-11-11,62.1,0.0,0.0
Tuolumne County,2025-11-12,57.0,0.0,0.0
Tuolumne County,2025-11-13,47.7,0.827,0.0
Tuolumne County,2025-11-14,45.1,1.22,0.579
Tuolumne County,2025-11-15,58.8,0.335,0.0
Tuolumne County,2025-11-16,39.4,1.15,5.319
Tuolumne County,2025-11-17,35.4,1.016,7.083
Tuolumne County,2025-11-18,41.9,0.02,0.138
Tuolumne County,2025-11-19,39.2,0.0,0.0
Tuolumne County,2025-11-20,34.1,0.154,0.992
Tuolumne County,2025-11-21,43.1,0.0,0.0
Tuolumne County,2025-11-22,50.7,0.0,0.0
Tuolumne County,2025-11-23,49.2,0.0,0.0
Tuolumne County,2025-11-24,53.8,0.0,0.0
Tuolumne County,2025-11-25,57.6,0.0,0.0
Tuolumne County,2025-11-26,60.7,0.0,0.0
Tuolumne County,2025-11-27,61.1,0.0,0.0
Tuolumne County,2025-11-28,53.4,0.0,0.0
Tuolumne County,2025-11-29,53.0,0.0,0.0
Tuolumne County,2025-11-30,49.4,0.0,0.0
Tuolumne County,2025-12-01,48.5,0.0,0.0
Tuolumne County,2025-12-02,51.0,0.0,0.0
Tuolumne County,2025-12-03,47.1,0.0,0.0
Tuolumne County,2025-12-04,45.3,0.0,0.0
Tuolumne County,2025-12-05,55.9,0.0,0.0
Tuolumne County,2025-12-06,55.4,0.0,0.0
Tuolumne County,2025-12-07,56.1,0.0,0.0
Tuolumne County,2025-12-08,58.2,0.0,0.0
Tuolumne County,2025-12-09,65.3,0.0,0.0
Tuolumne County,2025-12-10,63.5,0.0,0.0
Tuolumne County,2025-12-11,65.1,0.0,0.0
Tuolumne County,2025-12-12,63.4,0.0,0.0
Tuolumne County,2025-12-13,60.4,0.0,0.0
Tuolumne County,2025-12-14,58.0,0.0,0.0
Tuolumne County,2025-12-15,60.0,0.0,0.0
Tuolumne County,2025-12-16,59.0,0.0,0.0
Tuolumne County,2025-12-17,49.9,0.043,0.0
Tuolumne County,2025-12-18,56.2,0.0,0.0
Tuolumne County,2025-12-19,49.2,0.398,0.386
Tuolumne County,2025-12-20,47.1,0.48,0.0
Tuolumne County,2025-12-21,45.4,0.461,0.193
Tuolumne County,2025-12-22,47.0,0.661,3.059
Tuolumne County,2025-12-23,48.6,0.154,0.138
Tuolumne County,2025-12-24,39.7,2.642,8.543
Tuolumne County,2025-12-25,33.4,1.299,8.461
Tuolumne County,2025-12-26,32.7,1.055,6.256
Tuolumne County,2025-12-27,36.7,0.047,0.276
Tuolumne County,2025-12-28,43.4,0.0,0.0
Tuolumne County,2025-12-29,51.4,0.0,0.0
Tuolumne County,2025-12-30,51.8,0.012,0.0
Tuolumne County,2025-12-31,46.6,0.343,0.0
Tuolumne County,2026-01-01,40.2,1.295,0.854
Tuolumne County,2026-01-02,43.3,0.079,0.441
Tuolumne County,2026-01-03,38.3,1.646,6.173
Tuolumne County,2026-01-04,32.6,2.244,15.543
Tuolumne County,2026-01-05,36.7,0.122,0.827
Tuolumne County,2026-01-06,40.8,0.0,0.0
Tuolumne County,2026-01-07,36.5,0.004,0.028
Tuolumne County,2026-01-08,30.0,0.394,2.591
Tuolumne County,2026-01-09,44.7,0.0,0.0
Tuolumne County,2026-01-10,47.7,0.0,0.0
Tuolumne County,2026-01-11,52.2,0.0,0.0
Tuolumne County,2026-01-12,55.2,0.0,0.0
Tuolumne County,2026-01-13,59.7,0.0,0.0
Tuolumne County,2026-01-14,60.2,0.0,0.0
Tuolumne County,2026-01-15,58.5,0.0,0.0
Tuolumne County,2026-01-16,58.3,0.0,0.0
Tuolumne County,2026-01-17,56.6,0.0,0.0
Tuolumne County,2026-01-18,55.0,0.0,0.0
Tuolumne County,2026-01-19,57.0,0.0,0.0
Tuolumne County,2026-01-20,52.7,0.0,0.0
Tuolumne County,2026-01-21,53.3,0.0,0.0
Tuolumne County,2026-01-22,52.1,0.02,0.0
Tuolumne County,2026-01-23,48.0,0.0,0.0
Tuolumne County,2026-01-24,41.7,0.0,0.0
Tuolumne County,2026-01-25,44.1,0.0,0.0
Tuolumne County,2026-01-26,44.7,0.0,0.0
Tuolumne County,2026-01-27,45.8,0.0,0.0
Tuolumne County,2026-01-28,49.6,0.016,0.11
Tuolumne County,2026-01-29,57.3,0.0,0.0
Tuolumne County,2026-01-30,57.3,0.0,0.0
Tuolumne County,2026-01-31,58.0,0.0,0.0
Tuolumne County,2026-02-01,55.3,0.0,0.0
Tuolumne County,2026-02-02,60.8,0.0,0.0
Tuolumne County,2026-02-03,64.0,0.0,0.0
Tuolumne County,2026-02-04,62.3,0.0,0.0
Tuolumne County,2026-02-05,56.9,0.0,0.0
Tuolumne County,2026-02-06,48.6,0.067,0.055
Tuolumne County,2026-02-07,50.9,0.0,0.0
Tuolumne County,2026-02-08,53.8,0.0,0.0
Tuolumne County,2026-02-09,50.1,0.004,0.0
Tuolumne County,2026-02-10,45.3,0.24,1.047
Tuolumne County,2026-02-11,35.0,0.61,4.189
Tuolumne County,2026-02-12,42.6,0.0,0.0
Tuolumne County,2026-02-13,46.2,0.0,0.0
Tuolumne County,2026-02-14,43.2,0.0,0.0
Tuolumne County,2026-02-15,42.6,0.0,0.0
Tuolumne County,2026-02-16,33.9,2.264,15.819
Tuolumne County,2026-02-17,26.1,2.622,18.217
Tuolumne County,2026-02-18,21.5,0.815,5.705
Tuolumne County,2026-02-19,23.0,1.012,7.0
Tuolumne County,2026-02-20,33.2,0.0,0.0
Tuolumne County,2026-02-21,40.0,0.0,0.0
Tuolumne County,2026-02-22,45.3,0.0,0.0
Tuolumne County,2026-02-23,51.4,0.0,0.0
Tuolumne County,2026-02-24,46.7,0.217,0.0
Tuolumne County,2026-02-25,48.0,0.252,0.0
Tuolumne County,2026-02-26,55.3,0.0,0.0
Tuolumne County,2026-02-27,57.6,0.0,0.0
Tuolumne County,2026-02-28,56.1,0.0,0.0
Tuolumne County,2026-03-01,46.1,0.189,0.0
Tuolumne County,2026-03-02,45.7,0.189,0.937
Tuolumne County,2026-03-03,52.0,0.0,0.0
Tuolumne County,2026-03-04,46.1,0.0,0.0
Tuolumne County,2026-03-05,48.1,0.0,0.0
Tuolumne County,2026-03-06,48.3,0.0,0.0
Tuolumne County,2026-03-07,53.7,0.0,0.0
Tuolumne County,2026-03-08,59.5,0.0,0.0
Tuolumne County,2026-03-09,58.5,0.012,0.0
Tuolumne County,2026-03-10,54.2,0.0,0.0
Tuolumne County,2026-03-11,60.7,0.0,0.0
Tuolumne County,2026-03-12,65.5,0.0,0.0
Tuolumne County,2026-03-13,64.2,0.0,0.0
Tuolumne County,2026-03-14,61.2,0.0,0.0
Tuolumne County,2026-03-15,68.5,0.0,0.0
Tuolumne County,2026-03-16,69.6,0.0,0.0
Tuolumne County,2026-03-17,72.1,0.0,0.0
Tuolumne County,2026-03-18,73.1,0.0,0.0
Tuolumne County,2026-03-19,76.2,0.0,0.0
Tuolumne County,2026-03-20,76.1,0.0,0.0
Tuolumne County,2026-03-21,67.8,0.0,0.0
Tuolumne County,2026-03-22,68.1,0.0,0.0
Tuolumne County,2026-03-23,65.7,0.0,0.0
Tuolumne County,2026-03-24,70.5,0.0,0.0
Tuolumne County,2026-03-25,66.6,0.0,0.0
Tuolumne County,2026-03-26,67.8,0.0,0.0
Tuolumne County,2026-03-27,68.3,0.0,0.0
Tuolumne County,2026-03-28,64.7,0.0,0.0
Tuolumne County,2026-03-29,65.7,0.0,0.0
Tuolumne County,2026-03-30,60.4,0.0,0.0
Tuolumne County,2026-03-31,46.2,0.512,0.965
Tuolumne County,2026-04-01,38.1,0.539,1.075
Tuolumne County,2026-04-02,48.6,0.409,0.606
Tuolumne County,2026-04-03,60.3,0.0,0.0
Tuolumne County,2026-04-04,61.9,0.0,0.0
Tuolumne County,2026-04-05,62.3,0.0,0.0
Tuolumne County,2026-04-06,62.0,0.0,0.0
Tuolumne County,2026-04-07,61.6,0.0,0.0
Tuolumne County,2026-04-08,61.7,0.0,0.0
Tuolumne County,2026-04-09,54.4,0.138,0.0
Tuolumne County,2026-04-10,44.0,0.831,2.701
Tuolumne County,2026-04-11,41.0,0.783,4.079
Tuolumne County,2026-04-12,32.5,1.291,9.012
Tuolumne County,2026-04-13,41.2,0.106,0.661
Tuolumne County,2026-04-14,47.5,0.0,0.0
Tuolumne County,2026-04-15,51.9,0.0,0.0
Tuolumne County,2026-04-16,50.9,0.004,0.0
Tuolumne County,2026-04-17,54.4,0.0,0.0
Tuolumne County,2026-04-18,56.9,0.0,0.0
Tuolumne County,2026-04-19,56.6,0.0,0.0
Tuolumne County,2026-04-20,56.1,0.0,0.0
Tuolumne County,2026-04-21,42.1,1.63,11.299
Tuolumne County,2026-04-22,39.4,0.339,2.37
Tuolumne County,2026-04-23,49.7,0.0,0.0
Tuolumne County,2026-04-24,49.1,0.012,0.0
Tuolumne County,2026-04-25,47.8,0.421,1.791
Tuolumne County,2026-04-26,35.2,0.437,2.783
Tuolumne County,2026-04-27,41.8,0.047,0.165
Tuolumne County,2026-04-28,49.8,0.075,0.0
Tuolumne County,2026-04-29,58.4,0.012,0.0
Tuolumne County,2026-04-30,63.2,0.024,0.0
Tuolumne County,2026-05-01,63.3,0.039,0.0
Tuolumne County,2026-05-02,60.1,0.059,0.0
Tuolumne County,2026-05-03,52.2,0.169,0.0
Tuolumne County,2026-05-04,41.5,0.563,1.268
Tuolumne County,2026-05-05,46.5,0.185,0.496
Tuolumne County,2026-05-06,65.6,0.035,0.0
Tuolumne County,2026-05-07,66.9,0.0,0.0
Tuolumne County,2026-05-08,67.4,0.0,0.0
Tuolumne County,2026-05-09,70.4,0.0,0.0
Tuolumne County,2026-05-10,73.4,0.0,0.0
Tuolumne County,2026-05-11,75.4,0.0,0.0
Tuolumne County,2026-05-12,74.0,0.012,0.0
Tuolumne County,2026-05-13,63.3,0.0,0.0
Tuolumne County,2026-05-14,66.5,0.0,0.0
Tuolumne County,2026-05-15,65.4,0.004,0.0
Tuolumne County,2026-05-16,58.8,0.004,0.0
Tuolumne County,2026-05-17,54.3,0.0,0.0
Tuolumne County,2026-05-18,57.9,0.02,0.0
Tuolumne County,2026-05-19,61.9,0.0,0.0
Tuolumne County,2026-05-20,63.4,0.0,0.0
Tuolumne County,2026-05-21,67.3,0.004,0.0
Tuolumne County,2026-05-22,66.9,0.016,0.0
Tuolumne County,2026-05-23,67.8,0.0,0.0
Tuolumne County,2026-05-24,68.4,0.008,0.0
Tuolumne County,2026-05-25,64.6,0.004,0.0
Tuolumne County,2026-05-26,45.5,0.181,0.165
Tuolumne County,2026-05-27,43.5,0.193,0.634
Tuolumne County,2026-05-28,41.8,0.228,0.331
Tuolumne County,2026-05-29,48.7,0.051,0.0
Tuolumne County,2026-05-30,58.4,0.004,0.0
Tuolumne County,2026-05-31,64.5,0.0,0.0
Tuolumne County,2026-06-01,69.5,0.0,0.0
Tuolumne County,2026-06-02,72.2,0.0,0.0
Tuolumne County,2026-06-03,74.0,0.0,0.0
Tuolumne County,2026-06-04,76.9,0.0,0.0
Tuolumne County,2026-06-05,76.4,0.0,0.0
Tuolumne County,2026-06-06,68.7,0.0,0.0
Tuolumne County,2026-06-07,66.8,0.0,0.0
Tuolumne County,2026-06-08,64.3,0.0,0.0
Tuolumne County,2026-06-09,66.8,0.0,0.0
Tuolumne County,2026-06-10,78.1,0.0,0.0
Tuolumne County,2026-06-11,79.6,0.0,0.0
Tuolumne County,2026-06-12,79.1,0.0,0.0
Tuolumne County,2026-06-13,79.3,0.0,0.0
Tuolumne County,2026-06-14,78.1,0.004,0.0
Tuolumne County,2026-06-15,81.6,0.004,0.0
Tuolumne County,2026-06-16,80.9,0.0,0.0
Tuolumne County,2026-06-17,80.0,0.0,0.0
Tuolumne County,2026-06-18,80.6,0.012,0.0
Tuolumne County,2026-06-19,71.3,0.004,0.0
Tuolumne County,2026-06-20,69.8,0.0,0.0
Tuolumne County,2026-06-21,72.5,0.0,0.0
Tuolumne County,2026-06-22,75.7,0.0,0.0
Tuolumne County,2026-06-23,77.2,0.0,0.0
Tuolumne County,2026-06-24,76.9,0.0,0.0
Tuolumne County,2026-06-25,74.0,0.0,0.0
Tuolumne County,2026-06-26,64.2,0.055,0.0
Tuolumne County,2026-06-27,60.2,0.016,0.0
Tuolumne County,2026-06-28,60.9,0.028,0.0
Tuolumne County,2026-06-29,64.4,0.02,0.0
Tuolumne County,2026-06-30,68.6,0.0,0.0
Tuolumne County,2026-07-01,68.4,0.0,0.0
Tuolumne County,2026-07-02,69.4,0.0,0.0
Tuolumne County,2026-07-03,73.3,0.0,0.0
Tuolumne County,2026-07-04,75.9,0.0,0.0
Tuolumne County,2026-07-05,72.1,0.059,0.0
Tuolumne County,2026-07-06,75.4,0.0,0.0
Tuolumne County,2026-07-07,77.3,0.0,0.0
Tuolumne County,2026-07-08,77.7,0.0,0.0
Tuolumne County,2026-07-09,80.2,0.0,0.0
Tuolumne County,2026-07-10,79.8,0.0,0.0
Tuolumne County,2026-07-11,83.0,0.0,0.0
Tuolumne County,2026-07-12,78.0,0.016,0.0
Tuolumne County,2026-07-13,76.2,0.433,0.0
Tuolumne County,2026-07-14,78.5,0.051,0.0
Tuolumne County,2026-07-15,80.6,0.0,0.0
Tuolumne County,2026-07-16,79.6,0.0,0.0
Tuolumne County,2026-07-17,79.3,0.0,0.0
Tuolumne County,2026-07-18,79.6,0.0,0.0
Tuolumne County,2026-07-19,80.3,0.0,0.0
Tuolumne County,2026-07-20,80.1,0.0,0.0
Tuolumne County,2026-07-21,78.6,0.004,0.0
Tuolumne County,2026-07-22,75.9,0.0,0.0
Tuolumne County,2026-07-23,81.9,0.0,0.0
Tuolumne County,2026-07-24,84.3,0.0,0.0
Tuolumne County,2026-07-25,81.3,0.0,0.0
Tuolumne County,2026-07-26,79.5,0.0,0.0
Tuolumne County,2026-07-27,78.8,0.0,0.0
Tuolumne County,2026-07-28,78.7,0.0,0.0
Tuolumne County,2026-07-29,78.3,0.0,0.0
Nevada County,2023-07-30,87.9,0.0,0.0
Nevada County,2023-07-31,87.0,0.0,0.0
Nevada County,2023-08-01,84.3,0.0,0.0
Nevada County,2023-08-02,81.1,0.0,0.0
Nevada County,2023-08-03,78.3,0.0,0.0
Nevada County,2023-08-04,81.4,0.0,0.0
Nevada County,2023-08-05,85.2,0.0,0.0
Nevada County,2023-08-06,88.6,0.0,0.0
Nevada County,2023-08-07,86.9,0.0,0.0
Nevada County,2023-08-08,82.7,0.0,0.0
Nevada County,2023-08-09,80.5,0.0,0.0
Nevada County,2023-08-10,82.0,0.0,0.0
Nevada County,2023-08-11,79.0,0.0,0.0
Nevada County,2023-08-12,84.6,0.0,0.0
Nevada County,2023-08-13,88.8,0.0,0.0
Nevada County,2023-08-14,85.1,0.079,0.0
Nevada County,2023-08-15,93.4,0.024,0.0
Nevada County,2023-08-16,93.6,0.024,0.0
Nevada County,2023-08-17,89.1,0.008,0.0
Nevada County,2023-08-18,85.4,0.0,0.0
Nevada County,2023-08-19,84.1,0.0,0.0
Nevada County,2023-08-20,76.8,0.055,0.0
Nevada County,2023-08-21,66.8,1.161,0.0
Nevada County,2023-08-22,70.3,0.051,0.0
Nevada County,2023-08-23,79.6,0.0,0.0
Nevada County,2023-08-24,82.0,0.0,0.0
Nevada County,2023-08-25,78.3,0.0,0.0
Nevada County,2023-08-26,79.2,0.0,0.0
Nevada County,2023-08-27,81.0,0.0,0.0
Nevada County,2023-08-28,85.3,0.0,0.0
Nevada County,2023-08-29,80.6,0.0,0.0
Nevada County,2023-08-30,86.4,0.0,0.0
Nevada County,2023-08-31,78.9,0.0,0.0
Nevada County,2023-09-01,58.8,0.441,0.0
Nevada County,2023-09-02,59.5,1.051,0.0
Nevada County,2023-09-03,59.6,0.76,0.0
Nevada County,2023-09-04,70.2,0.0,0.0
Nevada County,2023-09-05,72.7,0.0,0.0
Nevada County,2023-09-06,73.0,0.0,0.0
Nevada County,2023-09-07,73.9,0.0,0.0
Nevada County,2023-09-08,75.5,0.0,0.0
Nevada County,2023-09-09,75.5,0.0,0.0
Nevada County,2023-09-10,78.3,0.0,0.0
Nevada County,2023-09-11,79.0,0.0,0.0
Nevada County,2023-09-12,78.1,0.0,0.0
Nevada County,2023-09-13,79.2,0.0,0.0
Nevada County,2023-09-14,84.4,0.0,0.0
Nevada County,2023-09-15,82.8,0.0,0.0
Nevada County,2023-09-16,82.0,0.008,0.0
Nevada County,2023-09-17,79.9,0.035,0.0
Nevada County,2023-09-18,72.0,0.0,0.0
Nevada County,2023-09-19,72.1,0.0,0.0
Nevada County,2023-09-20,71.0,0.0,0.0
Nevada County,2023-09-21,63.8,0.012,0.0
Nevada County,2023-09-22,69.1,0.0,0.0
Nevada County,2023-09-23,68.3,0.0,0.0
Nevada County,2023-09-24,69.2,0.0,0.0
Nevada County,2023-09-25,67.1,0.0,0.0
Nevada County,2023-09-26,65.4,0.043,0.0
Nevada County,2023-09-27,70.3,0.0,0.0
Nevada County,2023-09-28,71.2,0.0,0.0
Nevada County,2023-09-29,66.3,0.642,0.0
Nevada County,2023-09-30,50.2,0.146,0.0
Nevada County,2023-10-01,58.9,0.012,0.0
Nevada County,2023-10-02,64.3,0.0,0.0
Nevada County,2023-10-03,66.7,0.0,0.0
Nevada County,2023-10-04,77.8,0.0,0.0
Nevada County,2023-10-05,80.0,0.0,0.0
Nevada County,2023-10-06,80.2,0.0,0.0
Nevada County,2023-10-07,80.0,0.0,0.0
Nevada County,2023-10-08,78.7,0.0,0.0
Nevada County,2023-10-09,64.7,0.0,0.0
Nevada County,2023-10-10,54.9,0.161,0.0
Nevada County,2023-10-11,57.8,0.339,0.0
Nevada County,2023-10-12,67.4,0.0,0.0
Nevada County,2023-10-13,63.7,0.0,0.0
Nevada County,2023-10-14,65.4,0.0,0.0
Nevada County,2023-10-15,72.9,0.0,0.0
Nevada County,2023-10-16,70.9,0.0,0.0
Nevada County,2023-10-17,74.3,0.0,0.0
Nevada County,2023-10-18,81.6,0.0,0.0
Nevada County,2023-10-19,81.8,0.0,0.0
Nevada County,2023-10-20,77.1,0.0,0.0
Nevada County,2023-10-21,71.2,0.0,0.0
Nevada County,2023-10-22,53.0,0.327,0.0
Nevada County,2023-10-23,68.0,0.004,0.0
Nevada County,2023-10-24,64.6,0.0,0.0
Nevada County,2023-10-25,50.8,0.122,0.0
Nevada County,2023-10-26,55.0,0.016,0.0
Nevada County,2023-10-27,54.6,0.0,0.0
Nevada County,2023-10-28,52.9,0.0,0.0
Nevada County,2023-10-29,61.5,0.0,0.0
Nevada County,2023-10-30,63.7,0.0,0.0
Nevada County,2023-10-31,66.5,0.0,0.0
Nevada County,2023-11-01,67.0,0.0,0.0
Nevada County,2023-11-02,66.7,0.0,0.0
Nevada County,2023-11-03,68.8,0.0,0.0
Nevada County,2023-11-04,66.8,0.016,0.0
Nevada County,2023-11-05,55.3,0.461,0.0
Nevada County,2023-11-06,47.0,1.362,0.0
Nevada County,2023-11-07,47.8,0.039,0.0
Nevada County,2023-11-08,56.8,0.0,0.0
Nevada County,2023-11-09,54.7,0.0,0.0
Nevada County,2023-11-10,55.9,0.0,0.0
Nevada County,2023-11-11,60.5,0.0,0.0
Nevada County,2023-11-12,59.5,0.0,0.0
Nevada County,2023-11-13,56.1,0.0,0.0
Nevada County,2023-11-14,55.8,0.0,0.0
Nevada County,2023-11-15,59.8,0.071,0.0
Nevada County,2023-11-16,55.1,0.319,0.0
Nevada County,2023-11-17,57.2,0.051,0.0
Nevada County,2023-11-18,45.1,1.657,0.028
Nevada County,2023-11-19,48.1,0.075,0.165
Nevada County,2023-11-20,60.1,0.0,0.0
Nevada County,2023-11-21,62.0,0.0,0.0
Nevada County,2023-11-22,61.2,0.0,0.0
Nevada County,2023-11-23,51.7,0.102,0.0
Nevada County,2023-11-24,49.5,0.0,0.0
Nevada County,2023-11-25,50.8,0.0,0.0
Nevada County,2023-11-26,52.1,0.0,0.0
Nevada County,2023-11-27,51.6,0.0,0.0
Nevada County,2023-11-28,50.9,0.0,0.0
Nevada County,2023-11-29,46.3,0.0,0.0
Nevada County,2023-11-30,43.2,0.157,0.606
Nevada County,2023-12-01,40.4,0.02,0.0
Nevada County,2023-12-02,40.5,0.142,0.0
Nevada County,2023-12-03,46.3,0.35,0.0
Nevada County,2023-12-04,59.5,0.0,0.0
Nevada County,2023-12-05,62.2,0.0,0.0
Nevada County,2023-12-06,51.6,0.567,0.717
Nevada County,2023-12-07,37.9,0.331,1.295
Nevada County,2023-12-08,46.6,0.0,0.0
Nevada County,2023-12-09,51.8,0.0,0.0
Nevada County,2023-12-10,57.5,0.0,0.0
Nevada County,2023-12-11,54.6,0.0,0.0
Nevada County,2023-12-12,54.2,0.0,0.0
Nevada County,2023-12-13,55.7,0.0,0.0
Nevada County,2023-12-14,53.2,0.0,0.0
Nevada County,2023-12-15,58.7,0.0,0.0
Nevada County,2023-12-16,61.0,0.0,0.0
Nevada County,2023-12-17,58.1,0.031,0.0
Nevada County,2023-12-18,48.9,1.287,0.028
Nevada County,2023-12-19,45.1,1.055,0.0
Nevada County,2023-12-20,53.2,0.059,0.0
Nevada County,2023-12-21,56.6,0.0,0.0
Nevada County,2023-12-22,54.5,0.0,0.0
Nevada County,2023-12-23,52.7,0.0,0.0
Nevada County,2023-12-24,48.4,0.0,0.0
Nevada County,2023-12-25,56.2,0.0,0.0
Nevada County,2023-12-26,55.0,0.0,0.0
Nevada County,2023-12-27,47.8,0.362,0.496
Nevada County,2023-12-28,52.4,0.0,0.0
Nevada County,2023-12-29,53.1,0.004,0.0
Nevada County,2023-12-30,41.9,0.709,1.157
Nevada County,2023-12-31,43.2,0.0,0.0
Nevada County,2024-01-01,50.4,0.0,0.0
Nevada County,2024-01-02,45.8,0.465,2.591
Nevada County,2024-01-03,34.3,0.638,4.409
Nevada County,2024-01-04,43.3,0.0,0.0
Nevada County,2024-01-05,47.1,0.0,0.0
Nevada County,2024-01-06,34.5,0.461,3.169
Nevada County,2024-01-07,35.7,0.0,0.0
Nevada County,2024-01-08,40.0,0.0,0.0
Nevada County,2024-01-09,36.6,0.142,0.386
Nevada County,2024-01-10,32.6,0.787,4.161
Nevada County,2024-01-11,34.2,0.0,0.0
Nevada County,2024-01-12,34.5,0.0,0.0
Nevada County,2024-01-13,37.3,1.382,3.638
Nevada County,2024-01-14,41.6,0.287,0.0
Nevada County,2024-01-15,51.5,0.0,0.0
Nevada County,2024-01-16,49.2,0.539,0.799
Nevada County,2024-01-17,43.3,0.291,0.165
Nevada County,2024-01-18,55.7,0.0,0.0
Nevada County,2024-01-19,54.2,0.031,0.0
Nevada County,2024-01-20,41.5,2.016,0.524
Nevada County,2024-01-21,45.4,0.685,0.0
Nevada County,2024-01-22,41.9,1.067,0.469
Nevada County,2024-01-23,49.7,0.0,0.0
Nevada County,2024-01-24,41.1,0.606,0.469
Nevada County,2024-01-25,46.5,0.268,0.469
Nevada County,2024-01-26,53.2,0.0,0.0
Nevada County,2024-01-27,62.2,0.0,0.0
Nevada County,2024-01-28,68.5,0.004,0.0
Nevada County,2024-01-29,63.1,0.0,0.0
Nevada County,2024-01-30,60.0,0.0,0.0
Nevada County,2024-01-31,51.9,0.358,0.0
Nevada County,2024-02-01,41.3,1.181,4.327
Nevada County,2024-02-02,34.1,0.646,4.051
Nevada County,2024-02-03,36.5,0.13,0.909
Nevada County,2024-02-04,42.9,1.803,7.882
Nevada County,2024-02-05,38.3,1.22,4.823
Nevada County,2024-02-06,40.4,0.378,2.48
Nevada County,2024-02-07,33.2,0.689,4.713
Nevada County,2024-02-08,35.1,0.028,0.193
Nevada County,2024-02-09,37.5,0.0,0.0
Nevada County,2024-02-10,47.6,0.0,0.0
Nevada County,2024-02-11,42.0,0.0,0.0
Nevada County,2024-02-12,42.8,0.0,0.0
Nevada County,2024-02-13,43.0,0.0,0.0
Nevada County,2024-02-14,40.5,1.028,4.161
Nevada County,2024-02-15,42.5,0.756,2.811
Nevada County,2024-02-16,51.4,0.008,0.0
Nevada County,2024-02-17,50.1,0.508,1.24
Nevada County,2024-02-18,52.3,0.622,1.902
Nevada County,2024-02-19,40.4,2.138,3.748
Nevada County,2024-02-20,44.2,1.055,5.953
Nevada County,2024-02-21,42.1,0.252,1.047
Nevada County,2024-02-22,48.5,0.0,0.0
Nevada County,2024-02-23,58.3,0.0,0.0
Nevada County,2024-02-24,58.6,0.0,0.0
Nevada County,2024-02-25,55.9,0.0,0.0
Nevada County,2024-02-26,43.2,0.406,0.0
Nevada County,2024-02-27,52.9,0.028,0.0
Nevada County,2024-02-28,53.8,0.0,0.0
Nevada County,2024-02-29,39.8,1.539,1.626
Nevada County,2024-03-01,34.8,1.764,8.02
Nevada County,2024-03-02,32.6,1.386,9.012
Nevada County,2024-03-03,30.7,0.701,4.823
Nevada County,2024-03-04,32.8,0.244,1.736
Nevada County,2024-03-05,40.5,0.087,0.469
Nevada County,2024-03-06,42.5,0.043,0.0
Nevada County,2024-03-07,44.1,0.008,0.0
Nevada County,2024-03-08,47.8,0.0,0.0
Nevada County,2024-03-09,43.6,0.0,0.0
Nevada County,2024-03-10,43.7,0.012,0.0
Nevada County,2024-03-11,40.7,0.484,0.744
Nevada County,2024-03-12,39.3,0.898,2.398
Nevada County,2024-03-13,49.6,0.0,0.0
Nevada County,2024-03-14,47.8,0.0,0.0
Nevada County,2024-03-15,54.2,0.0,0.0
Nevada County,2024-03-16,58.3,0.0,0.0
Nevada County,2024-03-17,64.5,0.0,0.0
Nevada County,2024-03-18,63.7,0.0,0.0
Nevada County,2024-03-19,62.8,0.0,0.0
Nevada County,2024-03-20,59.4,0.0,0.0
Nevada County,2024-03-21,57.4,0.0,0.0
Nevada County,2024-03-22,52.7,0.827,0.937
Nevada County,2024-03-23,37.9,0.957,5.539
Nevada County,2024-03-24,38.8,0.689,4.63
Nevada County,2024-03-25,44.8,0.039,0.0
Nevada County,2024-03-26,48.1,0.008,0.0
Nevada County,2024-03-27,44.2,0.882,3.059
Nevada County,2024-03-28,39.6,0.626,1.957
Nevada County,2024-03-29,36.6,0.539,3.5
Nevada County,2024-03-30,38.9,0.528,3.087
Nevada County,2024-03-31,43.3,0.067,0.358
Nevada County,2024-04-01,59.3,0.0,0.0
Nevada County,2024-04-02,63.7,0.0,0.0
Nevada County,2024-04-03,58.2,0.059,0.0
Nevada County,2024-04-04,36.7,0.374,2.205
Nevada County,2024-04-05,33.3,0.232,1.626
Nevada County,2024-04-06,39.3,0.024,0.165
Nevada County,2024-04-07,44.7,0.004,0.0
Nevada County,2024-04-08,58.3,0.0,0.0
Nevada County,2024-04-09,62.7,0.0,0.0
Nevada County,2024-04-10,68.3,0.016,0.0
Nevada County,2024-04-11,68.4,0.0,0.0
Nevada County,2024-04-12,57.0,0.354,0.0
Nevada County,2024-04-13,44.5,0.374,0.661
Nevada County,2024-04-14,41.3,0.26,0.744
Nevada County,2024-04-15,56.1,0.0,0.0
Nevada County,2024-04-16,63.7,0.0,0.0
Nevada County,2024-04-17,64.0,0.0,0.0
Nevada County,2024-04-18,65.9,0.004,0.0
Nevada County,2024-04-19,66.8,0.0,0.0
Nevada County,2024-04-20,67.9,0.0,0.0
Nevada County,2024-04-21,72.1,0.0,0.0
Nevada County,2024-04-22,72.1,0.0,0.0
Nevada County,2024-04-23,63.4,0.236,0.0
Nevada County,2024-04-24,56.4,0.087,0.0
Nevada County,2024-04-25,51.9,0.37,0.0
Nevada County,2024-04-26,47.8,0.701,1.213
Nevada County,2024-04-27,57.1,0.0,0.0
Nevada County,2024-04-28,59.8,0.0,0.0
Nevada County,2024-04-29,57.9,0.0,0.0
Nevada County,2024-04-30,59.9,0.0,0.0
Nevada County,2024-05-01,64.6,0.0,0.0
Nevada County,2024-05-02,62.7,0.0,0.0
Nevada County,2024-05-03,65.5,0.0,0.0
Nevada County,2024-05-04,45.1,2.11,6.972
Nevada County,2024-05-05,38.8,0.138,0.909
Nevada County,2024-05-06,51.9,0.0,0.0
Nevada County,2024-05-07,60.2,0.0,0.0
Nevada County,2024-05-08,59.2,0.0,0.0
Nevada County,2024-05-09,67.4,0.0,0.0
Nevada County,2024-05-10,71.3,0.0,0.0
Nevada County,2024-05-11,75.3,0.0,0.0
Nevada County,2024-05-12,73.0,0.0,0.0
Nevada County,2024-05-13,73.2,0.0,0.0
Nevada County,2024-05-14,77.8,0.0,0.0
Nevada County,2024-05-15,81.1,0.0,0.0
Nevada County,2024-05-16,77.2,0.0,0.0
Nevada County,2024-05-17,74.3,0.0,0.0
Nevada County,2024-05-18,73.2,0.0,0.0
Nevada County,2024-05-19,66.1,0.0,0.0
Nevada County,2024-05-20,65.8,0.0,0.0
Nevada County,2024-05-21,72.1,0.0,0.0
Nevada County,2024-05-22,67.4,0.0,0.0
Nevada County,2024-05-23,68.4,0.0,0.0
Nevada County,2024-05-24,65.0,0.0,0.0
Nevada County,2024-05-25,60.4,0.0,0.0
Nevada County,2024-05-26,68.9,0.0,0.0
Nevada County,2024-05-27,72.9,0.0,0.0
Nevada County,2024-05-28,73.5,0.0,0.0
Nevada County,2024-05-29,73.0,0.0,0.0
Nevada County,2024-05-30,77.5,0.0,0.0
Nevada County,2024-05-31,79.4,0.0,0.0
Nevada County,2024-06-01,76.3,0.0,0.0
Nevada County,2024-06-02,73.8,0.0,0.0
Nevada County,2024-06-03,66.2,0.079,0.0
Nevada County,2024-06-04,86.9,0.0,0.0
Nevada County,2024-06-05,88.4,0.0,0.0
Nevada County,2024-06-06,87.3,0.0,0.0
Nevada County,2024-06-07,86.0,0.0,0.0
Nevada County,2024-06-08,81.3,0.0,0.0
Nevada County,2024-06-09,77.4,0.0,0.0
Nevada County,2024-06-10,83.8,0.0,0.0
Nevada County,2024-06-11,88.2,0.0,0.0
Nevada County,2024-06-12,89.2,0.0,0.0
Nevada County,2024-06-13,82.6,0.0,0.0
Nevada County,2024-06-14,80.4,0.0,0.0
Nevada County,2024-06-15,75.2,0.0,0.0
Nevada County,2024-06-16,74.2,0.0,0.0
Nevada County,2024-06-17,72.1,0.0,0.0
Nevada County,2024-06-18,73.2,0.0,0.0
Nevada County,2024-06-19,76.3,0.0,0.0
Nevada County,2024-06-20,79.4,0.0,0.0
Nevada County,2024-06-21,87.7,0.0,0.0
Nevada County,2024-06-22,90.3,0.0,0.0
Nevada County,2024-06-23,87.5,0.0,0.0
Nevada County,2024-06-24,86.5,0.0,0.0
Nevada County,2024-06-25,86.8,0.012,0.0
Nevada County,2024-06-26,82.3,0.0,0.0
Nevada County,2024-06-27,80.1,0.0,0.0
Nevada County,2024-06-28,83.2,0.0,0.0
Nevada County,2024-06-29,82.4,0.0,0.0
Nevada County,2024-06-30,82.9,0.0,0.0
Nevada County,2024-07-01,87.8,0.0,0.0
Nevada County,2024-07-02,93.8,0.0,0.0
Nevada County,2024-07-03,96.2,0.0,0.0
Nevada County,2024-07-04,94.9,0.0,0.0
Nevada County,2024-07-05,99.6,0.0,0.0
Nevada County,2024-07-06,102.4,0.0,0.0
Nevada County,2024-07-07,100.9,0.0,0.0
Nevada County,2024-07-08,98.0,0.0,0.0
Nevada County,2024-07-09,95.3,0.0,0.0
Nevada County,2024-07-10,96.4,0.0,0.0
Nevada County,2024-07-11,98.9,0.0,0.0
Nevada County,2024-07-12,100.0,0.0,0.0
Nevada County,2024-07-13,97.0,0.0,0.0
Nevada County,2024-07-14,88.8,0.0,0.0
Nevada County,2024-07-15,90.1,0.0,0.0
Nevada County,2024-07-16,87.2,0.0,0.0
Nevada County,2024-07-17,86.0,0.0,0.0
Nevada County,2024-07-18,90.0,0.0,0.0
Nevada County,2024-07-19,93.2,0.0,0.0
Nevada County,2024-07-20,95.7,0.0,0.0
Nevada County,2024-07-21,93.3,0.0,0.0
Nevada County,2024-07-22,94.6,0.0,0.0
Nevada County,2024-07-23,95.4,0.0,0.0
Nevada County,2024-07-24,89.3,0.031,0.0
Nevada County,2024-07-25,88.1,0.0,0.0
Nevada County,2024-07-26,87.6,0.0,0.0
Nevada County,2024-07-27,76.2,0.0,0.0
Nevada County,2024-07-28,78.8,0.0,0.0
Nevada County,2024-07-29,79.5,0.0,0.0
Nevada County,2024-07-30,82.5,0.0,0.0
Nevada County,2024-07-31,85.6,0.0,0.0
Nevada County,2024-08-01,89.3,0.0,0.0
Nevada County,2024-08-02,87.9,0.0,0.0
Nevada County,2024-08-03,87.1,0.039,0.0
Nevada County,2024-08-04,88.8,0.0,0.0
Nevada County,2024-08-05,89.2,0.0,0.0
Nevada County,2024-08-06,92.0,0.0,0.0
Nevada County,2024-08-07,91.9,0.0,0.0
Nevada County,2024-08-08,90.8,0.0,0.0
Nevada County,2024-08-09,90.3,0.0,0.0
Nevada County,2024-08-10,89.4,0.0,0.0
Nevada County,2024-08-11,86.3,0.016,0.0
Nevada County,2024-08-12,81.0,0.016,0.0
Nevada County,2024-08-13,79.8,0.0,0.0
Nevada County,2024-08-14,80.2,0.0,0.0
Nevada County,2024-08-15,79.7,0.0,0.0
Nevada County,2024-08-16,81.5,0.0,0.0
Nevada County,2024-08-17,73.5,0.004,0.0
Nevada County,2024-08-18,74.8,0.0,0.0
Nevada County,2024-08-19,77.9,0.0,0.0
Nevada County,2024-08-20,79.3,0.0,0.0
Nevada County,2024-08-21,79.3,0.0,0.0
Nevada County,2024-08-22,72.9,0.0,0.0
Nevada County,2024-08-23,60.4,0.004,0.0
Nevada County,2024-08-24,54.7,0.535,0.0
Nevada County,2024-08-25,72.3,0.0,0.0
Nevada County,2024-08-26,78.5,0.0,0.0
Nevada County,2024-08-27,82.7,0.0,0.0
Nevada County,2024-08-28,84.7,0.0,0.0
Nevada County,2024-08-29,84.9,0.0,0.0
Nevada County,2024-08-30,85.0,0.0,0.0
Nevada County,2024-08-31,86.9,0.0,0.0
Nevada County,2024-09-01,84.7,0.0,0.0
Nevada County,2024-09-02,78.4,0.0,0.0
Nevada County,2024-09-03,83.9,0.0,0.0
Nevada County,2024-09-04,89.3,0.0,0.0
Nevada County,2024-09-05,89.9,0.0,0.0
Nevada County,2024-09-06,88.8,0.0,0.0
Nevada County,2024-09-07,82.9,0.0,0.0
Nevada County,2024-09-08,82.5,0.0,0.0
Nevada County,2024-09-09,84.2,0.0,0.0
Nevada County,2024-09-10,80.8,0.0,0.0
Nevada County,2024-09-11,69.7,0.0,0.0
Nevada County,2024-09-12,74.1,0.0,0.0
Nevada County,2024-09-13,78.2,0.0,0.0
Nevada County,2024-09-14,78.0,0.0,0.0
Nevada County,2024-09-15,66.5,0.0,0.0
Nevada County,2024-09-16,59.2,0.004,0.0
Nevada County,2024-09-17,60.4,0.0,0.0
Nevada County,2024-09-18,65.2,0.075,0.0
Nevada County,2024-09-19,71.8,0.138,0.0
Nevada County,2024-09-20,79.2,0.0,0.0
Nevada County,2024-09-21,77.1,0.0,0.0
Nevada County,2024-09-22,80.6,0.0,0.0
Nevada County,2024-09-23,86.5,0.0,0.0
Nevada County,2024-09-24,85.2,0.0,0.0
Nevada County,2024-09-25,78.4,0.0,0.0
Nevada County,2024-09-26,80.8,0.0,0.0
Nevada County,2024-09-27,84.7,0.0,0.0
Nevada County,2024-09-28,84.0,0.0,0.0
Nevada County,2024-09-29,81.9,0.0,0.0
Nevada County,2024-09-30,87.5,0.0,0.0
Nevada County,2024-10-01,88.7,0.0,0.0
Nevada County,2024-10-02,86.7,0.0,0.0
Nevada County,2024-10-03,84.8,0.0,0.0
Nevada County,2024-10-04,81.4,0.0,0.0
Nevada County,2024-10-05,83.6,0.0,0.0
Nevada County,2024-10-06,85.0,0.0,0.0
Nevada County,2024-10-07,83.0,0.0,0.0
Nevada County,2024-10-08,82.9,0.0,0.0
Nevada County,2024-10-09,78.6,0.0,0.0
Nevada County,2024-10-10,76.6,0.0,0.0
Nevada County,2024-10-11,74.3,0.0,0.0
Nevada County,2024-10-12,66.4,0.0,0.0
Nevada County,2024-10-13,70.4,0.0,0.0
Nevada County,2024-10-14,73.9,0.0,0.0
Nevada County,2024-10-15,73.0,0.0,0.0
Nevada County,2024-10-16,54.8,0.366,0.0
Nevada County,2024-10-17,52.2,0.402,0.0
Nevada County,2024-10-18,60.4,0.0,0.0
Nevada County,2024-10-19,71.9,0.0,0.0
Nevada County,2024-10-20,65.3,0.0,0.0
Nevada County,2024-10-21,64.3,0.0,0.0
Nevada County,2024-10-22,65.9,0.0,0.0
Nevada County,2024-10-23,68.5,0.0,0.0
Nevada County,2024-10-24,68.9,0.0,0.0
Nevada County,2024-10-25,69.4,0.0,0.0
Nevada County,2024-10-26,70.6,0.0,0.0
Nevada County,2024-10-27,58.7,0.264,0.0
Nevada County,2024-10-28,48.1,0.339,0.854
Nevada County,2024-10-29,53.6,0.0,0.0
Nevada County,2024-10-30,50.3,0.0,0.0
Nevada County,2024-10-31,46.6,0.102,0.0
Nevada County,2024-11-01,50.9,0.154,0.028
Nevada County,2024-11-02,45.1,0.248,0.689
Nevada County,2024-11-03,51.6,0.0,0.0
Nevada County,2024-11-04,61.1,0.0,0.0
Nevada County,2024-11-05,58.6,0.0,0.0
Nevada County,2024-11-06,52.7,0.0,0.0
Nevada County,2024-11-07,58.1,0.0,0.0
Nevada County,2024-11-08,58.1,0.0,0.0
Nevada County,2024-11-09,57.5,0.0,0.0
Nevada County,2024-11-10,58.5,0.0,0.0
Nevada County,2024-11-11,43.3,0.555,0.331
Nevada County,2024-11-12,49.3,0.0,0.0
Nevada County,2024-11-13,48.4,0.524,1.984
Nevada County,2024-11-14,43.1,0.323,0.937
Nevada County,2024-11-15,39.5,0.244,1.378
Nevada County,2024-11-16,44.7,0.0,0.0
Nevada County,2024-11-17,49.7,0.244,0.579
Nevada County,2024-11-18,38.8,0.067,0.138
Nevada County,2024-11-19,44.9,0.0,0.0
Nevada County,2024-11-20,40.7,0.894,4.024
Nevada County,2024-11-21,44.1,1.697,0.909
Nevada County,2024-11-22,48.1,1.768,0.992
Nevada County,2024-11-23,41.5,1.291,0.496
Nevada County,2024-11-24,43.3,0.0,0.0
Nevada County,2024-11-25,40.7,0.854,1.35
Nevada County,2024-11-26,39.2,0.535,0.413
Nevada County,2024-11-27,50.4,0.0,0.0
Nevada County,2024-11-28,50.6,0.0,0.0
Nevada County,2024-11-29,58.9,0.0,0.0
Nevada County,2024-11-30,61.4,0.0,0.0
Nevada County,2024-12-01,60.5,0.0,0.0
Nevada County,2024-12-02,62.0,0.0,0.0
Nevada County,2024-12-03,61.5,0.0,0.0
Nevada County,2024-12-04,62.4,0.0,0.0
Nevada County,2024-12-05,60.7,0.0,0.0
Nevada County,2024-12-06,62.5,0.0,0.0
Nevada County,2024-12-07,59.8,0.0,0.0
Nevada County,2024-12-08,56.8,0.0,0.0
Nevada County,2024-12-09,52.7,0.0,0.0
Nevada County,2024-12-10,54.6,0.0,0.0
Nevada County,2024-12-11,54.8,0.0,0.0
Nevada County,2024-12-12,39.7,1.177,8.102
Nevada County,2024-12-13,42.2,0.409,1.047
Nevada County,2024-12-14,41.5,2.063,11.602
Nevada County,2024-12-15,44.5,0.0,0.0
Nevada County,2024-12-16,41.2,0.524,2.839
Nevada County,2024-12-17,52.7,0.0,0.0
Nevada County,2024-12-18,58.1,0.0,0.0
Nevada County,2024-12-19,64.4,0.0,0.0
Nevada County,2024-12-20,58.9,0.0,0.0
Nevada County,2024-12-21,45.1,0.382,0.276
Nevada County,2024-12-22,50.9,0.492,0.0
Nevada County,2024-12-23,55.4,0.118,0.0
Nevada County,2024-12-24,45.9,1.075,2.37
Nevada County,2024-12-25,42.7,0.0,0.0
Nevada County,2024-12-26,39.4,1.047,1.791
Nevada County,2024-12-27,43.3,0.965,0.386
Nevada County,2024-12-28,46.0,0.693,0.0
Nevada County,2024-12-29,44.2,1.496,0.0
Nevada County,2024-12-30,48.2,0.0,0.0
Nevada County,2024-12-31,48.5,0.0,0.0
Nevada County,2025-01-01,48.4,0.039,0.0
Nevada County,2025-01-02,58.8,0.004,0.0
Nevada County,2025-01-03,46.2,1.236,4.051
Nevada County,2025-01-04,42.4,0.028,0.138
Nevada County,2025-01-05,52.1,0.0,0.0
Nevada County,2025-01-06,51.4,0.008,0.0
Nevada County,2025-01-07,47.4,0.0,0.0
Nevada County,2025-01-08,58.8,0.0,0.0
Nevada County,2025-01-09,58.5,0.0,0.0
Nevada County,2025-01-10,55.2,0.0,0.0
Nevada County,2025-01-11,48.9,0.0,0.0
Nevada County,2025-01-12,47.1,0.0,0.0
Nevada County,2025-01-13,48.6,0.0,0.0
Nevada County,2025-01-14,58.1,0.0,0.0
Nevada County,2025-01-15,57.4,0.0,0.0
Nevada County,2025-01-16,52.3,0.0,0.0
Nevada County,2025-01-17,49.2,0.0,0.0
Nevada County,2025-01-18,54.7,0.0,0.0
Nevada County,2025-01-19,49.4,0.0,0.0
Nevada County,2025-01-20,46.8,0.0,0.0
Nevada County,2025-01-21,52.8,0.0,0.0
Nevada County,2025-01-22,61.1,0.0,0.0
Nevada County,2025-01-23,62.9,0.0,0.0
Nevada County,2025-01-24,54.0,0.0,0.0
Nevada County,2025-01-25,40.7,0.035,0.248
Nevada County,2025-01-26,40.6,0.0,0.0
Nevada County,2025-01-27,49.0,0.0,0.0
Nevada County,2025-01-28,51.8,0.0,0.0
Nevada County,2025-01-29,47.1,0.0,0.0
Nevada County,2025-01-30,49.7,0.0,0.0
Nevada County,2025-01-31,38.6,0.669,2.343
Nevada County,2025-02-01,44.9,2.78,0.0
Nevada County,2025-02-02,44.6,2.437,0.0
Nevada County,2025-02-03,44.2,0.835,0.22
Nevada County,2025-02-04,41.5,3.189,4.878
Nevada County,2025-02-05,41.1,0.047,0.0
Nevada County,2025-02-06,41.4,1.634,1.764
Nevada County,2025-02-07,40.4,0.587,1.102
Nevada County,2025-02-08,42.3,0.0,0.0
Nevada County,2025-02-09,47.6,0.0,0.0
Nevada County,2025-02-10,47.0,0.0,0.0
Nevada County,2025-02-11,38.7,0.0,0.0
Nevada County,2025-02-12,41.6,0.008,0.055
Nevada County,2025-02-13,39.7,2.984,2.039
Nevada County,2025-02-14,36.9,1.102,2.343
Nevada County,2025-02-15,51.5,0.0,0.0
Nevada County,2025-02-16,46.4,0.193,0.937
Nevada County,2025-02-17,45.5,0.008,0.0
Nevada County,2025-02-18,54.4,0.0,0.0
Nevada County,2025-02-19,46.2,0.264,0.331
Nevada County,2025-02-20,55.9,0.0,0.0
Nevada County,2025-02-21,57.0,0.0,0.0
Nevada County,2025-02-22,59.5,0.0,0.0
Nevada County,2025-02-23,55.6,0.031,0.0
Nevada County,2025-02-24,55.5,0.0,0.0
Nevada County,2025-02-25,58.2,0.0,0.0
Nevada County,2025-02-26,66.4,0.0,0.0
Nevada County,2025-02-27,69.2,0.0,0.0
Nevada County,2025-02-28,70.7,0.0,0.0
Nevada County,2025-03-01,62.7,0.0,0.0
Nevada County,2025-03-02,39.6,0.622,1.598
Nevada County,2025-03-03,40.3,0.008,0.055
Nevada County,2025-03-04,46.9,0.0,0.0
Nevada County,2025-03-05,39.7,0.453,1.185
Nevada County,2025-03-06,36.4,0.142,0.992
Nevada County,2025-03-07,47.8,0.0,0.0
Nevada County,2025-03-08,52.4,0.0,0.0
Nevada County,2025-03-09,55.1,0.0,0.0
Nevada County,2025-03-10,57.6,0.0,0.0
Nevada County,2025-03-11,53.9,0.0,0.0
Nevada County,2025-03-12,39.2,1.772,6.311
Nevada County,2025-03-13,33.3,0.378,2.646
Nevada County,2025-03-14,31.4,0.728,4.961
Nevada County,2025-03-15,37.3,0.051,0.22
Nevada County,2025-03-16,44.9,0.854,1.626
Nevada County,2025-03-17,38.8,1.571,4.657
Nevada County,2025-03-18,45.3,0.0,0.0
Nevada County,2025-03-19,50.0,0.185,0.965
Nevada County,2025-03-20,49.6,0.106,0.634
Nevada County,2025-03-21,46.6,0.004,0.0
Nevada County,2025-03-22,51.3,0.0,0.0
Nevada County,2025-03-23,66.2,0.0,0.0
Nevada County,2025-03-24,70.6,0.0,0.0
Nevada County,2025-03-25,73.3,0.0,0.0
Nevada County,2025-03-26,66.2,0.031,0.0
Nevada County,2025-03-27,47.4,0.854,0.276
Nevada County,2025-03-28,42.8,0.307,0.386
Nevada County,2025-03-29,50.6,0.016,0.0
Nevada County,2025-03-30,43.1,0.768,1.213
Nevada County,2025-03-31,36.8,1.421,5.76
Nevada County,2025-04-01,34.2,1.189,8.323
Nevada County,2025-04-02,43.1,0.043,0.276
Nevada County,2025-04-03,49.3,0.012,0.0
Nevada County,2025-04-04,55.1,0.0,0.0
Nevada County,2025-04-05,62.8,0.0,0.0
Nevada County,2025-04-06,63.1,0.0,0.0
Nevada County,2025-04-07,48.7,0.717,0.0
Nevada County,2025-04-08,60.3,0.0,0.0
Nevada County,2025-04-09,68.7,0.0,0.0
Nevada County,2025-04-10,69.1,0.004,0.0
Nevada County,2025-04-11,67.0,0.0,0.0
Nevada County,2025-04-12,62.2,0.0,0.0
Nevada County,2025-04-13,69.4,0.0,0.0
Nevada County,2025-04-14,73.1,0.0,0.0
Nevada County,2025-04-15,70.6,0.059,0.0
Nevada County,2025-04-16,62.0,0.004,0.0
Nevada County,2025-04-17,56.1,0.02,0.0
Nevada County,2025-04-18,60.0,0.0,0.0
Nevada County,2025-04-19,60.8,0.0,0.0
Nevada County,2025-04-20,64.6,0.0,0.0
Nevada County,2025-04-21,67.0,0.004,0.0
Nevada County,2025-04-22,65.8,0.008,0.0
Nevada County,2025-04-23,59.3,0.0,0.0
Nevada County,2025-04-24,58.8,0.0,0.0
Nevada County,2025-04-25,48.4,0.079,0.0
Nevada County,2025-04-26,39.9,0.433,0.248
Nevada County,2025-04-27,40.9,0.406,1.406
Nevada County,2025-04-28,63.6,0.008,0.0
Nevada County,2025-04-29,67.0,0.0,0.0
Nevada County,2025-04-30,68.2,0.0,0.0
Nevada County,2025-05-01,73.1,0.0,0.0
Nevada County,2025-05-02,68.3,0.008,0.0
Nevada County,2025-05-03,59.7,0.094,0.0
Nevada County,2025-05-04,60.7,0.008,0.0
Nevada County,2025-05-05,67.5,0.0,0.0
Nevada County,2025-05-06,71.2,0.0,0.0
Nevada County,2025-05-07,68.0,0.0,0.0
Nevada County,2025-05-08,72.0,0.0,0.0
Nevada County,2025-05-09,77.4,0.0,0.0
Nevada County,2025-05-10,77.0,0.0,0.0
Nevada County,2025-05-11,63.5,0.0,0.0
Nevada County,2025-05-12,42.4,0.567,0.138
Nevada County,2025-05-13,49.5,0.386,1.35
Nevada County,2025-05-14,60.4,0.004,0.0
Nevada County,2025-05-15,64.9,0.0,0.0
Nevada County,2025-05-16,67.6,0.004,0.0
Nevada County,2025-05-17,55.4,0.047,0.0
Nevada County,2025-05-18,67.1,0.0,0.0
Nevada County,2025-05-19,69.7,0.0,0.0
Nevada County,2025-05-20,71.2,0.0,0.0
Nevada County,2025-05-21,75.1,0.0,0.0
Nevada County,2025-05-22,67.7,0.0,0.0
Nevada County,2025-05-23,68.4,0.0,0.0
Nevada County,2025-05-24,73.0,0.0,0.0
Nevada County,2025-05-25,72.2,0.0,0.0
Nevada County,2025-05-26,68.6,0.0,0.0
Nevada County,2025-05-27,76.8,0.0,0.0
Nevada County,2025-05-28,76.9,0.0,0.0
Nevada County,2025-05-29,81.1,0.0,0.0
Nevada County,2025-05-30,91.5,0.0,0.0
Nevada County,2025-05-31,90.4,0.0,0.0
Nevada County,2025-06-01,80.9,0.0,0.0
Nevada County,2025-06-02,83.3,0.0,0.0
Nevada County,2025-06-03,77.8,0.0,0.0
Nevada County,2025-06-04,79.9,0.0,0.0
Nevada County,2025-06-05,77.5,0.0,0.0
Nevada County,2025-06-06,79.3,0.004,0.0
Nevada County,2025-06-07,84.0,0.008,0.0
Nevada County,2025-06-08,84.8,0.031,0.0
Nevada County,2025-06-09,87.4,0.031,0.0
Nevada County,2025-06-10,85.7,0.0,0.0
Nevada County,2025-06-11,80.2,0.0,0.0
Nevada County,2025-06-12,77.7,0.0,0.0
Nevada County,2025-06-13,74.6,0.0,0.0
Nevada County,2025-06-14,76.5,0.0,0.0
Nevada County,2025-06-15,79.2,0.0,0.0
Nevada County,2025-06-16,78.0,0.0,0.0
Nevada County,2025-06-17,81.6,0.0,0.0
Nevada County,2025-06-18,86.9,0.0,0.0
Nevada County,2025-06-19,82.0,0.0,0.0
Nevada County,2025-06-20,65.8,0.0,0.0
Nevada County,2025-06-21,63.5,0.004,0.0
Nevada County,2025-06-22,69.1,0.0,0.0
Nevada County,2025-06-23,76.7,0.0,0.0
Nevada County,2025-06-24,77.5,0.0,0.0
Nevada County,2025-06-25,80.7,0.0,0.0
Nevada County,2025-06-26,80.7,0.0,0.0
Nevada County,2025-06-27,83.4,0.0,0.0
Nevada County,2025-06-28,85.2,0.0,0.0
Nevada County,2025-06-29,86.4,0.0,0.0
Nevada County,2025-06-30,83.8,0.0,0.0
Nevada County,2025-07-01,84.3,0.0,0.0
Nevada County,2025-07-02,86.2,0.0,0.0
Nevada County,2025-07-03,81.0,0.0,0.0
Nevada County,2025-07-04,72.9,0.0,0.0
Nevada County,2025-07-05,77.7,0.0,0.0
Nevada County,2025-07-06,83.1,0.0,0.0
Nevada County,2025-07-07,85.1,0.0,0.0
Nevada County,2025-07-08,80.8,0.0,0.0
Nevada County,2025-07-09,80.2,0.0,0.0
Nevada County,2025-07-10,88.2,0.0,0.0
Nevada County,2025-07-11,90.5,0.0,0.0
Nevada County,2025-07-12,91.0,0.0,0.0
Nevada County,2025-07-13,90.5,0.0,0.0
Nevada County,2025-07-14,90.7,0.0,0.0
Nevada County,2025-07-15,86.7,0.0,0.0
Nevada County,2025-07-16,82.9,0.0,0.0
Nevada County,2025-07-17,82.2,0.0,0.0
Nevada County,2025-07-18,83.8,0.0,0.0
Nevada County,2025-07-19,86.4,0.0,0.0
Nevada County,2025-07-20,84.4,0.0,0.0
Nevada County,2025-07-21,75.8,0.047,0.0
Nevada County,2025-07-22,73.9,0.024,0.0
Nevada County,2025-07-23,74.9,0.0,0.0
Nevada County,2025-07-24,75.7,0.0,0.0
Nevada County,2025-07-25,75.2,0.016,0.0
Nevada County,2025-07-26,76.3,0.008,0.0
Nevada County,2025-07-27,77.9,0.0,0.0
Nevada County,2025-07-28,80.2,0.0,0.0
Nevada County,2025-07-29,81.4,0.0,0.0
Nevada County,2025-07-30,81.1,0.016,0.0
Nevada County,2025-07-31,82.7,0.0,0.0
Nevada County,2025-08-01,82.3,0.0,0.0
Nevada County,2025-08-02,82.8,0.0,0.0
Nevada County,2025-08-03,81.3,0.0,0.0
Nevada County,2025-08-04,78.0,0.0,0.0
Nevada County,2025-08-05,79.0,0.0,0.0
Nevada County,2025-08-06,82.6,0.0,0.0
Nevada County,2025-08-07,83.9,0.0,0.0
Nevada County,2025-08-08,86.9,0.0,0.0
Nevada County,2025-08-09,89.8,0.0,0.0
Nevada County,2025-08-10,90.8,0.0,0.0
Nevada County,2025-08-11,91.5,0.0,0.0
Nevada County,2025-08-12,90.6,0.0,0.0
Nevada County,2025-08-13,87.5,0.0,0.0
Nevada County,2025-08-14,83.5,0.0,0.0
Nevada County,2025-08-15,82.9,0.0,0.0
Nevada County,2025-08-16,77.4,0.0,0.0
Nevada County,2025-08-17,75.3,0.0,0.0
Nevada County,2025-08-18,76.6,0.0,0.0
Nevada County,2025-08-19,80.0,0.0,0.0
Nevada County,2025-08-20,85.6,0.0,0.0
Nevada County,2025-08-21,90.2,0.0,0.0
Nevada County,2025-08-22,91.3,0.0,0.0
Nevada County,2025-08-23,92.5,0.0,0.0
Nevada County,2025-08-24,88.6,0.008,0.0
Nevada County,2025-08-25,87.3,0.063,0.0
Nevada County,2025-08-26,79.0,0.177,0.0
Nevada County,2025-08-27,82.9,0.004,0.0
Nevada County,2025-08-28,84.2,0.0,0.0
Nevada County,2025-08-29,84.0,0.0,0.0
Nevada County,2025-08-30,85.2,0.0,0.0
Nevada County,2025-08-31,86.6,0.0,0.0
Nevada County,2025-09-01,88.9,0.0,0.0
Nevada County,2025-09-02,88.6,0.016,0.0
Nevada County,2025-09-03,86.9,0.0,0.0
Nevada County,2025-09-04,85.2,0.0,0.0
Nevada County,2025-09-05,82.4,0.0,0.0
Nevada County,2025-09-06,77.0,0.0,0.0
Nevada County,2025-09-07,73.6,0.0,0.0
Nevada County,2025-09-08,71.9,0.0,0.0
Nevada County,2025-09-09,64.9,0.079,0.0
Nevada County,2025-09-10,62.6,0.094,0.0
Nevada County,2025-09-11,66.4,0.043,0.0
Nevada County,2025-09-12,70.7,0.004,0.0
Nevada County,2025-09-13,75.0,0.0,0.0
Nevada County,2025-09-14,75.2,0.0,0.0
Nevada County,2025-09-15,81.3,0.0,0.0
Nevada County,2025-09-16,82.0,0.0,0.0
Nevada County,2025-09-17,84.3,0.0,0.0
Nevada County,2025-09-18,81.9,0.0,0.0
Nevada County,2025-09-19,65.6,0.008,0.0
Nevada County,2025-09-20,72.6,0.0,0.0
Nevada County,2025-09-21,74.5,0.0,0.0
Nevada County,2025-09-22,85.1,0.0,0.0
Nevada County,2025-09-23,88.3,0.0,0.0
Nevada County,2025-09-24,78.3,0.0,0.0
Nevada County,2025-09-25,75.3,0.0,0.0
Nevada County,2025-09-26,85.0,0.0,0.0
Nevada County,2025-09-27,77.9,0.0,0.0
Nevada County,2025-09-28,70.5,0.031,0.0
Nevada County,2025-09-29,56.8,0.268,0.0
Nevada County,2025-09-30,54.2,0.244,0.0
Nevada County,2025-10-01,59.3,0.157,0.0
Nevada County,2025-10-02,53.5,1.15,0.0
Nevada County,2025-10-03,52.5,0.323,0.0
Nevada County,2025-10-04,63.0,0.0,0.0
Nevada County,2025-10-05,68.0,0.0,0.0
Nevada County,2025-10-06,73.0,0.0,0.0
Nevada County,2025-10-07,73.9,0.0,0.0
Nevada County,2025-10-08,72.5,0.0,0.0
Nevada County,2025-10-09,60.8,0.0,0.0
Nevada County,2025-10-10,58.0,0.024,0.0
Nevada County,2025-10-11,51.8,0.067,0.0
Nevada County,2025-10-12,60.8,0.0,0.0
Nevada County,2025-10-13,46.2,0.339,0.441
Nevada County,2025-10-14,44.5,0.622,0.165
Nevada County,2025-10-15,47.7,0.213,0.028
Nevada County,2025-10-16,64.3,0.0,0.0
Nevada County,2025-10-17,63.8,0.0,0.0
Nevada County,2025-10-18,67.8,0.0,0.0
Nevada County,2025-10-19,64.8,0.0,0.0
Nevada County,2025-10-20,71.4,0.0,0.0
Nevada County,2025-10-21,72.4,0.0,0.0
Nevada County,2025-10-22,62.2,0.047,0.0
Nevada County,2025-10-23,66.7,0.0,0.0
Nevada County,2025-10-24,63.7,0.0,0.0
Nevada County,2025-10-25,49.4,0.508,0.0
Nevada County,2025-10-26,46.5,0.425,0.0
Nevada County,2025-10-27,60.6,0.0,0.0
Nevada County,2025-10-28,69.8,0.0,0.0
Nevada County,2025-10-29,73.2,0.0,0.0
Nevada County,2025-10-30,70.8,0.0,0.0
Nevada County,2025-10-31,70.3,0.0,0.0
Nevada County,2025-11-01,69.5,0.0,0.0
Nevada County,2025-11-02,71.9,0.0,0.0
Nevada County,2025-11-03,63.6,0.0,0.0
Nevada County,2025-11-04,61.9,0.0,0.0
Nevada County,2025-11-05,52.2,1.854,0.0
Nevada County,2025-11-06,55.9,0.098,0.0
Nevada County,2025-11-07,60.4,0.0,0.0
Nevada County,2025-11-08,71.0,0.0,0.0
Nevada County,2025-11-09,73.6,0.0,0.0
Nevada County,2025-11-10,71.3,0.0,0.0
Nevada County,2025-11-11,67.9,0.0,0.0
Nevada County,2025-11-12,59.7,0.016,0.0
Nevada County,2025-11-13,51.8,2.488,0.0
Nevada County,2025-11-14,55.4,0.37,0.0
Nevada County,2025-11-15,66.9,0.028,0.0
Nevada County,2025-11-16,46.0,1.193,0.0
Nevada County,2025-11-17,41.8,0.862,0.138
Nevada County,2025-11-18,53.0,0.031,0.0
Nevada County,2025-11-19,44.1,0.024,0.0
Nevada County,2025-11-20,39.5,0.374,0.606
Nevada County,2025-11-21,54.3,0.0,0.0
Nevada County,2025-11-22,60.8,0.0,0.0
Nevada County,2025-11-23,54.8,0.0,0.0
Nevada County,2025-11-24,56.3,0.0,0.0
Nevada County,2025-11-25,59.4,0.0,0.0
Nevada County,2025-11-26,64.1,0.0,0.0
Nevada County,2025-11-27,64.0,0.0,0.0
Nevada County,2025-11-28,57.9,0.0,0.0
Nevada County,2025-11-29,57.8,0.0,0.0
Nevada County,2025-11-30,53.4,0.0,0.0
Nevada County,2025-12-01,55.0,0.0,0.0
Nevada County,2025-12-02,55.0,0.0,0.0
Nevada County,2025-12-03,50.8,0.0,0.0
Nevada County,2025-12-04,52.3,0.0,0.0
Nevada County,2025-12-05,59.3,0.0,0.0
Nevada County,2025-12-06,56.2,0.0,0.0
Nevada County,2025-12-07,58.7,0.0,0.0
Nevada County,2025-12-08,60.4,0.0,0.0
Nevada County,2025-12-09,63.6,0.0,0.0
Nevada County,2025-12-10,69.6,0.0,0.0
Nevada County,2025-12-11,68.1,0.0,0.0
Nevada County,2025-12-12,67.4,0.0,0.0
Nevada County,2025-12-13,66.7,0.0,0.0
Nevada County,2025-12-14,64.0,0.0,0.0
Nevada County,2025-12-15,62.8,0.0,0.0
Nevada County,2025-12-16,60.1,0.217,0.0
Nevada County,2025-12-17,50.4,1.055,0.0
Nevada County,2025-12-18,57.8,0.004,0.0
Nevada County,2025-12-19,45.4,1.008,0.028
Nevada County,2025-12-20,48.7,0.925,0.0
Nevada County,2025-12-21,48.6,3.717,0.0
Nevada County,2025-12-22,45.7,2.276,0.0
Nevada County,2025-12-23,52.0,0.11,0.0
Nevada County,2025-12-24,45.1,2.331,2.701
Nevada County,2025-12-25,39.4,2.118,4.409
Nevada County,2025-12-26,37.3,0.929,3.197
Nevada County,2025-12-27,41.4,0.114,0.441
Nevada County,2025-12-28,49.0,0.0,0.0
Nevada County,2025-12-29,58.0,0.0,0.0
Nevada County,2025-12-30,59.2,0.0,0.0
Nevada County,2025-12-31,57.7,0.311,0.0
Nevada County,2026-01-01,46.3,1.055,0.0
Nevada County,2026-01-02,49.2,0.165,0.11
Nevada County,2026-01-03,42.5,1.673,0.083
Nevada County,2026-01-04,39.3,2.043,8.929
Nevada County,2026-01-05,43.2,0.528,1.654
Nevada County,2026-01-06,45.1,0.008,0.0
Nevada County,2026-01-07,39.9,0.213,0.22
Nevada County,2026-01-08,37.1,0.079,0.551
Nevada County,2026-01-09,50.8,0.0,0.0
Nevada County,2026-01-10,55.3,0.0,0.0
Nevada County,2026-01-11,60.5,0.0,0.0
Nevada County,2026-01-12,64.3,0.0,0.0
Nevada County,2026-01-13,68.7,0.0,0.0
Nevada County,2026-01-14,71.1,0.0,0.0
Nevada County,2026-01-15,69.2,0.0,0.0
Nevada County,2026-01-16,66.1,0.0,0.0
Nevada County,2026-01-17,65.7,0.0,0.0
Nevada County,2026-01-18,64.0,0.0,0.0
Nevada County,2026-01-19,64.3,0.0,0.0
Nevada County,2026-01-20,60.4,0.0,0.0
Nevada County,2026-01-21,58.6,0.0,0.0
Nevada County,2026-01-22,61.5,0.0,0.0
Nevada County,2026-01-23,53.8,0.0,0.0
Nevada County,2026-01-24,49.8,0.0,0.0
Nevada County,2026-01-25,51.5,0.0,0.0
Nevada County,2026-01-26,52.2,0.0,0.0
Nevada County,2026-01-27,51.6,0.0,0.0
Nevada County,2026-01-28,51.4,0.256,1.185
Nevada County,2026-01-29,60.3,0.0,0.0
Nevada County,2026-01-30,62.6,0.0,0.0
Nevada County,2026-01-31,65.6,0.0,0.0
Nevada County,2026-02-01,60.8,0.0,0.0
Nevada County,2026-02-02,66.7,0.0,0.0
Nevada County,2026-02-03,66.1,0.0,0.0
Nevada County,2026-02-04,71.2,0.0,0.0
Nevada County,2026-02-05,66.6,0.0,0.0
Nevada County,2026-02-06,60.0,0.0,0.0
Nevada County,2026-02-07,59.2,0.0,0.0
Nevada County,2026-02-08,57.7,0.008,0.0
Nevada County,2026-02-09,57.0,0.13,0.0
Nevada County,2026-02-10,53.2,0.646,0.496
Nevada County,2026-02-11,44.2,0.638,2.343
Nevada County,2026-02-12,50.0,0.016,0.0
Nevada County,2026-02-13,53.5,0.0,0.0
Nevada County,2026-02-14,50.5,0.0,0.0
Nevada County,2026-02-15,48.3,0.205,0.248
Nevada County,2026-02-16,38.1,2.406,14.909
Nevada County,2026-02-17,29.7,1.909,13.173
Nevada County,2026-02-18,28.5,0.5,3.5
Nevada County,2026-02-19,30.4,1.366,9.535
Nevada County,2026-02-20,38.1,0.0,0.0
Nevada County,2026-02-21,44.0,0.0,0.0
Nevada County,2026-02-22,50.8,0.0,0.0
Nevada County,2026-02-23,55.6,0.035,0.0
Nevada County,2026-02-24,46.4,1.705,0.0
Nevada County,2026-02-25,50.2,1.102,0.0
Nevada County,2026-02-26,59.5,0.0,0.0
Nevada County,2026-02-27,64.9,0.0,0.0
Nevada County,2026-02-28,64.3,0.024,0.0
Nevada County,2026-03-01,53.4,0.11,0.0
Nevada County,2026-03-02,53.4,0.047,0.0
Nevada County,2026-03-03,60.7,0.0,0.0
Nevada County,2026-03-04,48.5,0.055,0.0
Nevada County,2026-03-05,51.3,0.0,0.0
Nevada County,2026-03-06,55.2,0.0,0.0
Nevada County,2026-03-07,61.4,0.0,0.0
Nevada County,2026-03-08,64.0,0.0,0.0
Nevada County,2026-03-09,63.1,0.0,0.0
Nevada County,2026-03-10,57.2,0.0,0.0
Nevada County,2026-03-11,63.9,0.0,0.0
Nevada County,2026-03-12,68.5,0.0,0.0
Nevada County,2026-03-13,67.8,0.0,0.0
Nevada County,2026-03-14,64.7,0.0,0.0
Nevada County,2026-03-15,74.0,0.0,0.0
Nevada County,2026-03-16,77.6,0.0,0.0
Nevada County,2026-03-17,78.2,0.0,0.0
Nevada County,2026-03-18,78.4,0.0,0.0
Nevada County,2026-03-19,81.0,0.0,0.0
Nevada County,2026-03-20,83.3,0.0,0.0
Nevada County,2026-03-21,75.1,0.0,0.0
Nevada County,2026-03-22,74.7,0.0,0.0
Nevada County,2026-03-23,69.5,0.0,0.0
Nevada County,2026-03-24,73.5,0.0,0.0
Nevada County,2026-03-25,70.3,0.0,0.0
Nevada County,2026-03-26,72.5,0.0,0.0
Nevada County,2026-03-27,74.9,0.0,0.0
Nevada County,2026-03-28,71.4,0.0,0.0
Nevada County,2026-03-29,73.0,0.0,0.0
Nevada County,2026-03-30,67.4,0.0,0.0
Nevada County,2026-03-31,50.7,1.579,0.772
Nevada County,2026-04-01,42.7,1.634,0.028
Nevada County,2026-04-02,50.6,0.323,0.0
Nevada County,2026-04-03,65.2,0.0,0.0
Nevada County,2026-04-04,71.2,0.0,0.0
Nevada County,2026-04-05,69.4,0.0,0.0
Nevada County,2026-04-06,68.3,0.0,0.0
Nevada County,2026-04-07,67.4,0.0,0.0
Nevada County,2026-04-08,66.8,0.008,0.0
Nevada County,2026-04-09,58.9,0.295,0.0
Nevada County,2026-04-10,48.0,0.598,0.0
Nevada County,2026-04-11,43.5,1.76,4.189
Nevada County,2026-04-12,37.3,1.134,7.276
Nevada County,2026-04-13,48.7,0.031,0.055
Nevada County,2026-04-14,52.3,0.031,0.0
Nevada County,2026-04-15,55.2,0.0,0.0
Nevada County,2026-04-16,55.8,0.0,0.0
Nevada County,2026-04-17,62.7,0.0,0.0
Nevada County,2026-04-18,64.3,0.0,0.0
Nevada County,2026-04-19,62.8,0.0,0.0
Nevada County,2026-04-20,60.4,0.0,0.0
Nevada County,2026-04-21,43.0,1.28,3.059
Nevada County,2026-04-22,44.2,0.406,2.37
Nevada County,2026-04-23,59.3,0.0,0.0
Nevada County,2026-04-24,57.7,0.028,0.0
Nevada County,2026-04-25,54.4,0.059,0.0
Nevada County,2026-04-26,39.7,0.311,0.055
Nevada County,2026-04-27,50.0,0.083,0.0
Nevada County,2026-04-28,58.3,0.154,0.0
Nevada County,2026-04-29,65.4,0.0,0.0
Nevada County,2026-04-30,72.1,0.004,0.0
Nevada County,2026-05-01,73.1,0.0,0.0
Nevada County,2026-05-02,66.9,0.016,0.0
Nevada County,2026-05-03,60.5,0.169,0.0
Nevada County,2026-05-04,46.0,0.787,0.22
Nevada County,2026-05-05,52.9,0.189,0.469
Nevada County,2026-05-06,66.2,0.0,0.0
Nevada County,2026-05-07,70.9,0.0,0.0
Nevada County,2026-05-08,73.1,0.0,0.0
Nevada County,2026-05-09,77.8,0.0,0.0
Nevada County,2026-05-10,78.3,0.0,0.0
Nevada County,2026-05-11,81.8,0.0,0.0
Nevada County,2026-05-12,79.5,0.0,0.0
Nevada County,2026-05-13,67.6,0.0,0.0
Nevada County,2026-05-14,72.7,0.0,0.0
Nevada County,2026-05-15,71.5,0.0,0.0
Nevada County,2026-05-16,66.1,0.0,0.0
Nevada County,2026-05-17,59.2,0.0,0.0
Nevada County,2026-05-18,65.6,0.0,0.0
Nevada County,2026-05-19,70.3,0.0,0.0
Nevada County,2026-05-20,73.0,0.0,0.0
Nevada County,2026-05-21,75.1,0.0,0.0
Nevada County,2026-05-22,75.0,0.012,0.0
Nevada County,2026-05-23,74.4,0.0,0.0
Nevada County,2026-05-24,74.7,0.0,0.0
Nevada County,2026-05-25,70.5,0.0,0.0
Nevada County,2026-05-26,47.6,0.528,0.0
Nevada County,2026-05-27,47.8,0.13,0.0
Nevada County,2026-05-28,50.8,0.24,0.0
Nevada County,2026-05-29,52.5,0.244,0.0
Nevada County,2026-05-30,62.2,0.016,0.0
Nevada County,2026-05-31,70.3,0.0,0.0
Nevada County,2026-06-01,75.2,0.0,0.0
Nevada County,2026-06-02,77.5,0.0,0.0
Nevada County,2026-06-03,78.5,0.0,0.0
Nevada County,2026-06-04,80.2,0.0,0.0
Nevada County,2026-06-05,80.7,0.0,0.0
Nevada County,2026-06-06,71.1,0.0,0.0
Nevada County,2026-06-07,71.7,0.0,0.0
Nevada County,2026-06-08,68.4,0.091,0.0
Nevada County,2026-06-09,70.0,0.047,0.0
Nevada County,2026-06-10,83.1,0.0,0.0
Nevada County,2026-06-11,86.6,0.0,0.0
Nevada County,2026-06-12,85.6,0.0,0.0
Nevada County,2026-06-13,87.3,0.0,0.0
Nevada County,2026-06-14,86.2,0.0,0.0
Nevada County,2026-06-15,92.0,0.0,0.0
Nevada County,2026-06-16,88.0,0.0,0.0
Nevada County,2026-06-17,85.6,0.0,0.0
Nevada County,2026-06-18,86.1,0.0,0.0
Nevada County,2026-06-19,74.8,0.0,0.0
Nevada County,2026-06-20,74.5,0.0,0.0
Nevada County,2026-06-21,78.8,0.0,0.0
Nevada County,2026-06-22,81.9,0.0,0.0
Nevada County,2026-06-23,82.5,0.0,0.0
Nevada County,2026-06-24,82.4,0.0,0.0
Nevada County,2026-06-25,80.4,0.0,0.0
Nevada County,2026-06-26,68.0,0.122,0.0
Nevada County,2026-06-27,64.4,0.0,0.0
Nevada County,2026-06-28,67.4,0.0,0.0
Nevada County,2026-06-29,72.2,0.012,0.0
Nevada County,2026-06-30,74.9,0.0,0.0
Nevada County,2026-07-01,75.9,0.0,0.0
Nevada County,2026-07-02,76.7,0.0,0.0
Nevada County,2026-07-03,79.8,0.0,0.0
Nevada County,2026-07-04,82.0,0.0,0.0
Nevada County,2026-07-05,81.7,0.0,0.0
Nevada County,2026-07-06,81.4,0.0,0.0
Nevada County,2026-07-07,82.4,0.0,0.0
Nevada County,2026-07-08,82.5,0.0,0.0
Nevada County,2026-07-09,85.4,0.0,0.0
Nevada County,2026-07-10,85.8,0.0,0.0
Nevada County,2026-07-11,88.5,0.0,0.0
Nevada County,2026-07-12,82.6,0.0,0.0
Nevada County,2026-07-13,86.3,0.043,0.0
Nevada County,2026-07-14,85.9,0.0,0.0
Nevada County,2026-07-15,88.1,0.0,0.0
Nevada County,2026-07-16,85.8,0.0,0.0
Nevada County,2026-07-17,85.3,0.0,0.0
Nevada County,2026-07-18,84.9,0.0,0.0
Nevada County,2026-07-19,86.5,0.0,0.0
Nevada County,2026-07-20,85.8,0.0,0.0
Nevada County,2026-07-21,86.2,0.012,0.0
Nevada County,2026-07-22,80.3,0.0,0.0
Nevada County,2026-07-23,85.8,0.0,0.0
Nevada County,2026-07-24,87.5,0.0,0.0
Nevada County,2026-07-25,86.1,0.0,0.0
Nevada County,2026-07-26,84.7,0.0,0.0
Nevada County,2026-07-27,84.1,0.0,0.0
Nevada County,2026-07-28,84.8,0.0,0.0
Nevada County,2026-07-29,85.0,0.0,0.0
Yolo County,2023-07-30,101.7,0.0,0.0
Yolo County,2023-07-31,100.0,0.0,0.0
Yolo County,2023-08-01,94.8,0.0,0.0
Yolo County,2023-08-02,93.1,0.0,0.0
Yolo County,2023-08-03,90.7,0.0,0.0
Yolo County,2023-08-04,98.6,0.0,0.0
Yolo County,2023-08-05,105.7,0.0,0.0
Yolo County,2023-08-06,107.2,0.0,0.0
Yolo County,2023-08-07,106.2,0.0,0.0
Yolo County,2023-08-08,90.8,0.0,0.0
Yolo County,2023-08-09,91.4,0.0,0.0
Yolo County,2023-08-10,96.3,0.0,0.0
Yolo County,2023-08-11,93.7,0.0,0.0
Yolo County,2023-08-12,100.3,0.0,0.0
Yolo County,2023-08-13,102.7,0.0,0.0
Yolo County,2023-08-14,104.1,0.0,0.0
Yolo County,2023-08-15,111.1,0.0,0.0
Yolo County,2023-08-16,111.4,0.0,0.0
Yolo County,2023-08-17,107.3,0.0,0.0
Yolo County,2023-08-18,98.9,0.0,0.0
Yolo County,2023-08-19,100.7,0.0,0.0
Yolo County,2023-08-20,96.4,0.0,0.0
Yolo County,2023-08-21,86.5,0.043,0.0
Yolo County,2023-08-22,91.8,0.02,0.0
Yolo County,2023-08-23,98.9,0.0,0.0
Yolo County,2023-08-24,99.7,0.0,0.0
Yolo County,2023-08-25,96.5,0.0,0.0
Yolo County,2023-08-26,97.1,0.0,0.0
Yolo County,2023-08-27,97.9,0.0,0.0
Yolo County,2023-08-28,101.3,0.0,0.0
Yolo County,2023-08-29,99.1,0.0,0.0
Yolo County,2023-08-30,102.8,0.0,0.0
Yolo County,2023-08-31,96.4,0.0,0.0
Yolo County,2023-09-01,79.5,0.012,0.0
Yolo County,2023-09-02,78.5,0.004,0.0
Yolo County,2023-09-03,84.8,0.0,0.0
Yolo County,2023-09-04,90.0,0.0,0.0
Yolo County,2023-09-05,92.4,0.0,0.0
Yolo County,2023-09-06,92.7,0.0,0.0
Yolo County,2023-09-07,92.3,0.0,0.0
Yolo County,2023-09-08,94.7,0.0,0.0
Yolo County,2023-09-09,94.4,0.0,0.0
Yolo County,2023-09-10,95.9,0.0,0.0
Yolo County,2023-09-11,97.6,0.0,0.0
Yolo County,2023-09-12,94.6,0.0,0.0
Yolo County,2023-09-13,96.4,0.0,0.0
Yolo County,2023-09-14,96.4,0.0,0.0
Yolo County,2023-09-15,93.5,0.0,0.0
Yolo County,2023-09-16,92.1,0.0,0.0
Yolo County,2023-09-17,89.0,0.0,0.0
Yolo County,2023-09-18,88.2,0.0,0.0
Yolo County,2023-09-19,87.3,0.0,0.0
Yolo County,2023-09-20,88.7,0.0,0.0
Yolo County,2023-09-21,84.7,0.0,0.0
Yolo County,2023-09-22,83.0,0.0,0.0
Yolo County,2023-09-23,82.7,0.0,0.0
Yolo County,2023-09-24,84.0,0.0,0.0
Yolo County,2023-09-25,79.3,0.0,0.0
Yolo County,2023-09-26,83.3,0.0,0.0
Yolo County,2023-09-27,86.8,0.0,0.0
Yolo County,2023-09-28,88.5,0.0,0.0
Yolo County,2023-09-29,83.9,0.012,0.0
Yolo County,2023-09-30,70.5,0.185,0.0
Yolo County,2023-10-01,75.7,0.0,0.0
Yolo County,2023-10-02,80.0,0.0,0.0
Yolo County,2023-10-03,82.7,0.0,0.0
Yolo County,2023-10-04,89.2,0.0,0.0
Yolo County,2023-10-05,91.0,0.0,0.0
Yolo County,2023-10-06,92.5,0.0,0.0
Yolo County,2023-10-07,93.9,0.0,0.0
Yolo County,2023-10-08,93.7,0.0,0.0
Yolo County,2023-10-09,71.6,0.012,0.0
Yolo County,2023-10-10,75.7,0.031,0.0
Yolo County,2023-10-11,74.8,0.0,0.0
Yolo County,2023-10-12,81.0,0.0,0.0
Yolo County,2023-10-13,79.3,0.0,0.0
Yolo County,2023-10-14,81.0,0.0,0.0
Yolo County,2023-10-15,84.7,0.0,0.0
Yolo County,2023-10-16,82.6,0.0,0.0
Yolo County,2023-10-17,86.5,0.0,0.0
Yolo County,2023-10-18,89.2,0.0,0.0
Yolo County,2023-10-19,92.6,0.0,0.0
Yolo County,2023-10-20,88.7,0.0,0.0
Yolo County,2023-10-21,79.0,0.0,0.0
Yolo County,2023-10-22,65.4,0.445,0.0
Yolo County,2023-10-23,79.9,0.0,0.0
Yolo County,2023-10-24,75.3,0.0,0.0
Yolo County,2023-10-25,68.1,0.0,0.0
Yolo County,2023-10-26,67.6,0.0,0.0
Yolo County,2023-10-27,66.5,0.0,0.0
Yolo County,2023-10-28,68.7,0.0,0.0
Yolo County,2023-10-29,73.2,0.0,0.0
Yolo County,2023-10-30,70.1,0.0,0.0
Yolo County,2023-10-31,72.0,0.0,0.0
Yolo County,2023-11-01,73.5,0.0,0.0
Yolo County,2023-11-02,72.0,0.0,0.0
Yolo County,2023-11-03,78.6,0.0,0.0
Yolo County,2023-11-04,80.1,0.0,0.0
Yolo County,2023-11-05,71.5,0.118,0.0
Yolo County,2023-11-06,69.2,0.024,0.0
Yolo County,2023-11-07,65.8,0.004,0.0
Yolo County,2023-11-08,70.3,0.0,0.0
Yolo County,2023-11-09,63.6,0.0,0.0
Yolo County,2023-11-10,67.5,0.039,0.0
Yolo County,2023-11-11,70.8,0.0,0.0
Yolo County,2023-11-12,68.5,0.0,0.0
Yolo County,2023-11-13,67.5,0.0,0.0
Yolo County,2023-11-14,65.5,0.035,0.0
Yolo County,2023-11-15,64.2,0.028,0.0
Yolo County,2023-11-16,69.0,0.051,0.0
Yolo County,2023-11-17,66.6,0.134,0.0
Yolo County,2023-11-18,63.3,0.642,0.0
Yolo County,2023-11-19,61.5,0.0,0.0
Yolo County,2023-11-20,67.6,0.0,0.0
Yolo County,2023-11-21,63.8,0.0,0.0
Yolo County,2023-11-22,64.2,0.0,0.0
Yolo County,2023-11-23,68.4,0.0,0.0
Yolo County,2023-11-24,60.0,0.0,0.0
Yolo County,2023-11-25,61.3,0.0,0.0
Yolo County,2023-11-26,61.2,0.0,0.0
Yolo County,2023-11-27,59.6,0.0,0.0
Yolo County,2023-11-28,60.5,0.0,0.0
Yolo County,2023-11-29,61.0,0.0,0.0
Yolo County,2023-11-30,63.0,0.012,0.0
Yolo County,2023-12-01,62.8,0.039,0.0
Yolo County,2023-12-02,60.4,0.008,0.0
Yolo County,2023-12-03,66.7,0.004,0.0
Yolo County,2023-12-04,65.6,0.0,0.0
Yolo County,2023-12-05,64.4,0.0,0.0
Yolo County,2023-12-06,60.7,0.205,0.0
Yolo County,2023-12-07,56.1,0.035,0.0
Yolo County,2023-12-08,58.0,0.0,0.0
Yolo County,2023-12-09,56.5,0.0,0.0
Yolo County,2023-12-10,56.8,0.0,0.0
Yolo County,2023-12-11,61.1,0.0,0.0
Yolo County,2023-12-12,65.7,0.0,0.0
Yolo County,2023-12-13,64.2,0.0,0.0
Yolo County,2023-12-14,58.1,0.0,0.0
Yolo County,2023-12-15,62.6,0.0,0.0
Yolo County,2023-12-16,64.6,0.0,0.0
Yolo County,2023-12-17,55.1,0.047,0.0
Yolo County,2023-12-18,58.1,1.165,0.0
Yolo County,2023-12-19,61.0,0.622,0.0
Yolo County,2023-12-20,58.2,0.358,0.0
Yolo County,2023-12-21,65.1,0.0,0.0
Yolo County,2023-12-22,65.4,0.0,0.0
Yolo County,2023-12-23,57.8,0.0,0.0
Yolo County,2023-12-24,54.8,0.0,0.0
Yolo County,2023-12-25,56.3,0.012,0.0
Yolo County,2023-12-26,56.7,0.0,0.0
Yolo County,2023-12-27,53.2,0.492,0.0
Yolo County,2023-12-28,59.5,0.028,0.0
Yolo County,2023-12-29,60.7,0.587,0.0
Yolo County,2023-12-30,58.8,0.358,0.0
Yolo County,2023-12-31,55.7,0.008,0.0
Yolo County,2024-01-01,60.1,0.0,0.0
Yolo County,2024-01-02,56.3,0.394,0.0
Yolo County,2024-01-03,53.4,0.008,0.0
Yolo County,2024-01-04,57.7,0.0,0.0
Yolo County,2024-01-05,59.3,0.0,0.0
Yolo County,2024-01-06,55.0,0.205,0.0
Yolo County,2024-01-07,51.8,0.0,0.0
Yolo County,2024-01-08,53.2,0.0,0.0
Yolo County,2024-01-09,52.7,0.039,0.0
Yolo County,2024-01-10,55.5,0.016,0.0
Yolo County,2024-01-11,51.4,0.0,0.0
Yolo County,2024-01-12,49.0,0.0,0.0
Yolo County,2024-01-13,49.8,0.461,0.0
Yolo County,2024-01-14,54.6,0.016,0.0
Yolo County,2024-01-15,58.6,0.0,0.0
Yolo County,2024-01-16,49.7,0.591,0.0
Yolo County,2024-01-17,61.5,0.004,0.0
Yolo County,2024-01-18,58.6,0.0,0.0
Yolo County,2024-01-19,57.4,0.606,0.0
Yolo County,2024-01-20,60.3,0.181,0.0
Yolo County,2024-01-21,58.1,0.618,0.0
Yolo County,2024-01-22,60.0,0.28,0.0
Yolo County,2024-01-23,59.9,0.012,0.0
Yolo County,2024-01-24,56.0,0.339,0.0
Yolo County,2024-01-25,58.3,0.004,0.0
Yolo County,2024-01-26,60.6,0.0,0.0
Yolo County,2024-01-27,61.6,0.016,0.0
Yolo County,2024-01-28,70.0,0.004,0.0
Yolo County,2024-01-29,65.8,0.0,0.0
Yolo County,2024-01-30,65.7,0.0,0.0
Yolo County,2024-01-31,58.6,0.878,0.0
Yolo County,2024-02-01,59.5,0.437,0.0
Yolo County,2024-02-02,56.7,0.028,0.0
Yolo County,2024-02-03,53.6,0.051,0.0
Yolo County,2024-02-04,58.0,2.287,0.0
Yolo County,2024-02-05,58.0,0.209,0.0
Yolo County,2024-02-06,57.2,0.0,0.0
Yolo County,2024-02-07,47.7,0.315,0.0
Yolo County,2024-02-08,52.4,0.008,0.0
Yolo County,2024-02-09,55.0,0.0,0.0
Yolo County,2024-02-10,60.0,0.0,0.0
Yolo County,2024-02-11,56.6,0.0,0.0
Yolo County,2024-02-12,58.1,0.0,0.0
Yolo County,2024-02-13,59.4,0.0,0.0
Yolo County,2024-02-14,56.0,0.315,0.0
Yolo County,2024-02-15,60.4,0.016,0.0
Yolo County,2024-02-16,59.1,0.0,0.0
Yolo County,2024-02-17,59.0,1.067,0.0
Yolo County,2024-02-18,65.2,0.913,0.0
Yolo County,2024-02-19,58.9,0.563,0.0
Yolo County,2024-02-20,58.7,0.138,0.0
Yolo County,2024-02-21,59.7,0.051,0.0
Yolo County,2024-02-22,61.2,0.0,0.0
Yolo County,2024-02-23,65.1,0.0,0.0
Yolo County,2024-02-24,67.9,0.0,0.0
Yolo County,2024-02-25,67.2,0.0,0.0
Yolo County,2024-02-26,64.8,0.0,0.0
Yolo County,2024-02-27,60.2,0.0,0.0
Yolo County,2024-02-28,63.4,0.0,0.0
Yolo County,2024-02-29,56.6,0.323,0.0
Yolo County,2024-03-01,55.6,0.299,0.0
Yolo County,2024-03-02,51.2,0.091,0.0
Yolo County,2024-03-03,53.7,0.083,0.0
Yolo County,2024-03-04,54.0,0.0,0.0
Yolo County,2024-03-05,59.6,0.028,0.0
Yolo County,2024-03-06,60.0,0.024,0.0
Yolo County,2024-03-07,62.7,0.0,0.0
Yolo County,2024-03-08,62.6,0.0,0.0
Yolo County,2024-03-09,59.5,0.0,0.0
Yolo County,2024-03-10,62.0,0.0,0.0
Yolo County,2024-03-11,62.4,0.228,0.0
Yolo County,2024-03-12,63.9,0.142,0.0
Yolo County,2024-03-13,63.5,0.0,0.0
Yolo County,2024-03-14,64.8,0.0,0.0
Yolo County,2024-03-15,70.3,0.0,0.0
Yolo County,2024-03-16,70.9,0.0,0.0
Yolo County,2024-03-17,72.6,0.0,0.0
Yolo County,2024-03-18,71.1,0.0,0.0
Yolo County,2024-03-19,71.3,0.0,0.0
Yolo County,2024-03-20,73.9,0.0,0.0
Yolo County,2024-03-21,69.8,0.0,0.0
Yolo County,2024-03-22,67.2,0.22,0.0
Yolo County,2024-03-23,59.5,0.067,0.0
Yolo County,2024-03-24,60.2,0.012,0.0
Yolo County,2024-03-25,63.6,0.0,0.0
Yolo County,2024-03-26,64.6,0.0,0.0
Yolo County,2024-03-27,57.6,0.138,0.0
Yolo County,2024-03-28,60.8,0.035,0.0
Yolo County,2024-03-29,53.2,0.303,0.0
Yolo County,2024-03-30,60.8,0.252,0.0
Yolo County,2024-03-31,64.8,0.004,0.0
Yolo County,2024-04-01,71.1,0.0,0.0
Yolo County,2024-04-02,71.9,0.0,0.0
Yolo County,2024-04-03,69.8,0.0,0.0
Yolo County,2024-04-04,51.1,0.421,0.0
Yolo County,2024-04-05,56.0,0.028,0.0
Yolo County,2024-04-06,59.2,0.0,0.0
Yolo County,2024-04-07,63.3,0.0,0.0
Yolo County,2024-04-08,71.3,0.0,0.0
Yolo County,2024-04-09,74.4,0.0,0.0
Yolo County,2024-04-10,78.3,0.0,0.0
Yolo County,2024-04-11,81.1,0.0,0.0
Yolo County,2024-04-12,69.7,0.0,0.0
Yolo County,2024-04-13,54.7,0.516,0.0
Yolo County,2024-04-14,60.0,0.02,0.0
Yolo County,2024-04-15,68.2,0.0,0.0
Yolo County,2024-04-16,75.9,0.0,0.0
Yolo County,2024-04-17,77.0,0.0,0.0
Yolo County,2024-04-18,79.3,0.0,0.0
Yolo County,2024-04-19,80.7,0.0,0.0
Yolo County,2024-04-20,80.9,0.0,0.0
Yolo County,2024-04-21,85.3,0.0,0.0
Yolo County,2024-04-22,86.5,0.0,0.0
Yolo County,2024-04-23,71.8,0.004,0.0
Yolo County,2024-04-24,74.0,0.0,0.0
Yolo County,2024-04-25,73.0,0.0,0.0
Yolo County,2024-04-26,71.9,0.091,0.0
Yolo County,2024-04-27,77.5,0.0,0.0
Yolo County,2024-04-28,80.1,0.0,0.0
Yolo County,2024-04-29,78.4,0.0,0.0
Yolo County,2024-04-30,79.3,0.0,0.0
Yolo County,2024-05-01,80.6,0.0,0.0
Yolo County,2024-05-02,85.2,0.0,0.0
Yolo County,2024-05-03,85.3,0.0,0.0
Yolo County,2024-05-04,62.9,0.748,0.0
Yolo County,2024-05-05,66.0,0.0,0.0
Yolo County,2024-05-06,73.0,0.0,0.0
Yolo County,2024-05-07,75.0,0.0,0.0
Yolo County,2024-05-08,79.0,0.0,0.0
Yolo County,2024-05-09,87.7,0.0,0.0
Yolo County,2024-05-10,92.9,0.0,0.0
Yolo County,2024-05-11,94.6,0.0,0.0
Yolo County,2024-05-12,92.1,0.0,0.0
Yolo County,2024-05-13,91.4,0.0,0.0
Yolo County,2024-05-14,96.2,0.0,0.0
Yolo County,2024-05-15,100.9,0.0,0.0
Yolo County,2024-05-16,89.0,0.0,0.0
Yolo County,2024-05-17,88.8,0.0,0.0
Yolo County,2024-05-18,87.7,0.0,0.0
Yolo County,2024-05-19,85.2,0.0,0.0
Yolo County,2024-05-20,85.1,0.0,0.0
Yolo County,2024-05-21,88.6,0.0,0.0
Yolo County,2024-05-22,89.1,0.0,0.0
Yolo County,2024-05-23,88.3,0.0,0.0
Yolo County,2024-05-24,79.3,0.0,0.0
Yolo County,2024-05-25,75.4,0.0,0.0
Yolo County,2024-05-26,87.4,0.0,0.0
Yolo County,2024-05-27,90.1,0.0,0.0
Yolo County,2024-05-28,91.8,0.0,0.0
Yolo County,2024-05-29,91.7,0.0,0.0
Yolo County,2024-05-30,96.4,0.0,0.0
Yolo County,2024-05-31,100.1,0.0,0.0
Yolo County,2024-06-01,93.3,0.0,0.0
Yolo County,2024-06-02,92.3,0.0,0.0
Yolo County,2024-06-03,89.1,0.0,0.0
Yolo County,2024-06-04,102.9,0.0,0.0
Yolo County,2024-06-05,106.9,0.0,0.0
Yolo County,2024-06-06,103.0,0.0,0.0
Yolo County,2024-06-07,96.2,0.0,0.0
Yolo County,2024-06-08,89.5,0.0,0.0
Yolo County,2024-06-09,91.0,0.0,0.0
Yolo County,2024-06-10,100.4,0.0,0.0
Yolo County,2024-06-11,107.3,0.0,0.0
Yolo County,2024-06-12,102.7,0.0,0.0
Yolo County,2024-06-13,91.5,0.0,0.0
Yolo County,2024-06-14,97.0,0.0,0.0
Yolo County,2024-06-15,92.0,0.0,0.0
Yolo County,2024-06-16,95.6,0.0,0.0
Yolo County,2024-06-17,87.5,0.0,0.0
Yolo County,2024-06-18,93.0,0.0,0.0
Yolo County,2024-06-19,92.5,0.0,0.0
Yolo County,2024-06-20,94.4,0.0,0.0
Yolo County,2024-06-21,100.4,0.0,0.0
Yolo County,2024-06-22,106.1,0.0,0.0
Yolo County,2024-06-23,104.0,0.0,0.0
Yolo County,2024-06-24,102.3,0.0,0.0
Yolo County,2024-06-25,101.8,0.0,0.0
Yolo County,2024-06-26,97.3,0.004,0.0
Yolo County,2024-06-27,96.4,0.0,0.0
Yolo County,2024-06-28,100.4,0.0,0.0
Yolo County,2024-06-29,100.3,0.0,0.0
Yolo County,2024-06-30,101.8,0.0,0.0
Yolo County,2024-07-01,105.7,0.0,0.0
Yolo County,2024-07-02,110.8,0.0,0.0
Yolo County,2024-07-03,112.8,0.0,0.0
Yolo County,2024-07-04,111.3,0.0,0.0
Yolo County,2024-07-05,116.1,0.0,0.0
Yolo County,2024-07-06,116.2,0.0,0.0
Yolo County,2024-07-07,112.3,0.0,0.0
Yolo County,2024-07-08,105.5,0.0,0.0
Yolo County,2024-07-09,103.1,0.0,0.0
Yolo County,2024-07-10,110.3,0.0,0.0
Yolo County,2024-07-11,114.0,0.0,0.0
Yolo County,2024-07-12,115.4,0.0,0.0
Yolo County,2024-07-13,109.8,0.0,0.0
Yolo County,2024-07-14,105.3,0.0,0.0
Yolo County,2024-07-15,101.3,0.0,0.0
Yolo County,2024-07-16,95.8,0.0,0.0
Yolo County,2024-07-17,97.3,0.0,0.0
Yolo County,2024-07-18,105.1,0.0,0.0
Yolo County,2024-07-19,110.1,0.0,0.0
Yolo County,2024-07-20,110.4,0.0,0.0
Yolo County,2024-07-21,98.6,0.0,0.0
Yolo County,2024-07-22,108.1,0.0,0.0
Yolo County,2024-07-23,109.3,0.0,0.0
Yolo County,2024-07-24,108.3,0.0,0.0
Yolo County,2024-07-25,106.6,0.0,0.0
Yolo County,2024-07-26,103.4,0.0,0.0
Yolo County,2024-07-27,84.7,0.0,0.0
Yolo County,2024-07-28,92.3,0.0,0.0
Yolo County,2024-07-29,94.1,0.0,0.0
Yolo County,2024-07-30,95.9,0.0,0.0
Yolo County,2024-07-31,100.6,0.0,0.0
Yolo County,2024-08-01,104.6,0.0,0.0
Yolo County,2024-08-02,101.9,0.0,0.0
Yolo County,2024-08-03,104.9,0.0,0.0
Yolo County,2024-08-04,104.5,0.0,0.0
Yolo County,2024-08-05,102.3,0.0,0.0
Yolo County,2024-08-06,105.3,0.0,0.0
Yolo County,2024-08-07,108.1,0.0,0.0
Yolo County,2024-08-08,102.6,0.0,0.0
Yolo County,2024-08-09,103.6,0.0,0.0
Yolo County,2024-08-10,101.3,0.0,0.0
Yolo County,2024-08-11,96.7,0.0,0.0
Yolo County,2024-08-12,96.4,0.0,0.0
Yolo County,2024-08-13,94.5,0.0,0.0
Yolo County,2024-08-14,99.9,0.0,0.0
Yolo County,2024-08-15,96.8,0.0,0.0
Yolo County,2024-08-16,97.4,0.0,0.0
Yolo County,2024-08-17,85.2,0.0,0.0
Yolo County,2024-08-18,89.2,0.0,0.0
Yolo County,2024-08-19,93.5,0.0,0.0
Yolo County,2024-08-20,96.4,0.0,0.0
Yolo County,2024-08-21,93.8,0.0,0.0
Yolo County,2024-08-22,88.9,0.0,0.0
Yolo County,2024-08-23,78.2,0.0,0.0
Yolo County,2024-08-24,78.1,0.079,0.0
Yolo County,2024-08-25,90.1,0.0,0.0
Yolo County,2024-08-26,95.3,0.0,0.0
Yolo County,2024-08-27,99.7,0.0,0.0
Yolo County,2024-08-28,101.3,0.0,0.0
Yolo County,2024-08-29,101.0,0.0,0.0
Yolo County,2024-08-30,100.7,0.0,0.0
Yolo County,2024-08-31,100.6,0.0,0.0
Yolo County,2024-09-01,97.4,0.0,0.0
Yolo County,2024-09-02,93.2,0.0,0.0
Yolo County,2024-09-03,100.7,0.0,0.0
Yolo County,2024-09-04,104.4,0.0,0.0
Yolo County,2024-09-05,104.5,0.0,0.0
Yolo County,2024-09-06,106.4,0.0,0.0
Yolo County,2024-09-07,100.0,0.0,0.0
Yolo County,2024-09-08,98.5,0.0,0.0
Yolo County,2024-09-09,101.1,0.0,0.0
Yolo County,2024-09-10,94.1,0.0,0.0
Yolo County,2024-09-11,89.6,0.0,0.0
Yolo County,2024-09-12,90.7,0.0,0.0
Yolo County,2024-09-13,94.1,0.0,0.0
Yolo County,2024-09-14,94.8,0.0,0.0
Yolo County,2024-09-15,84.8,0.0,0.0
Yolo County,2024-09-16,73.9,0.016,0.0
Yolo County,2024-09-17,80.7,0.0,0.0
Yolo County,2024-09-18,78.9,0.0,0.0
Yolo County,2024-09-19,89.2,0.0,0.0
Yolo County,2024-09-20,97.0,0.0,0.0
Yolo County,2024-09-21,92.3,0.0,0.0
Yolo County,2024-09-22,96.7,0.0,0.0
Yolo County,2024-09-23,100.3,0.0,0.0
Yolo County,2024-09-24,101.8,0.0,0.0
Yolo County,2024-09-25,91.0,0.0,0.0
Yolo County,2024-09-26,91.2,0.0,0.0
Yolo County,2024-09-27,97.7,0.0,0.0
Yolo County,2024-09-28,98.2,0.0,0.0
Yolo County,2024-09-29,91.1,0.0,0.0
Yolo County,2024-09-30,97.6,0.0,0.0
Yolo County,2024-10-01,103.6,0.0,0.0
Yolo County,2024-10-02,106.0,0.0,0.0
Yolo County,2024-10-03,103.0,0.0,0.0
Yolo County,2024-10-04,100.3,0.0,0.0
Yolo County,2024-10-05,101.0,0.0,0.0
Yolo County,2024-10-06,103.5,0.0,0.0
Yolo County,2024-10-07,102.0,0.0,0.0
Yolo County,2024-10-08,101.8,0.0,0.0
Yolo County,2024-10-09,89.1,0.0,0.0
Yolo County,2024-10-10,88.9,0.0,0.0
Yolo County,2024-10-11,87.1,0.0,0.0
Yolo County,2024-10-12,76.5,0.0,0.0
Yolo County,2024-10-13,84.1,0.0,0.0
Yolo County,2024-10-14,87.0,0.0,0.0
Yolo County,2024-10-15,86.3,0.0,0.0
Yolo County,2024-10-16,77.2,0.016,0.0
Yolo County,2024-10-17,75.8,0.0,0.0
Yolo County,2024-10-18,78.4,0.0,0.0
Yolo County,2024-10-19,83.0,0.0,0.0
Yolo County,2024-10-20,80.1,0.0,0.0
Yolo County,2024-10-21,81.6,0.0,0.0
Yolo County,2024-10-22,77.9,0.0,0.0
Yolo County,2024-10-23,82.4,0.0,0.0
Yolo County,2024-10-24,79.1,0.0,0.0
Yolo County,2024-10-25,78.7,0.0,0.0
Yolo County,2024-10-26,80.3,0.0,0.0
Yolo County,2024-10-27,74.8,0.004,0.0
Yolo County,2024-10-28,69.5,0.004,0.0
Yolo County,2024-10-29,69.9,0.0,0.0
Yolo County,2024-10-30,68.4,0.067,0.0
Yolo County,2024-10-31,67.6,0.091,0.0
Yolo County,2024-11-01,70.5,0.051,0.0
Yolo County,2024-11-02,62.7,0.161,0.0
Yolo County,2024-11-03,68.7,0.0,0.0
Yolo County,2024-11-04,73.3,0.0,0.0
Yolo County,2024-11-05,72.9,0.0,0.0
Yolo County,2024-11-06,68.5,0.0,0.0
Yolo County,2024-11-07,70.3,0.0,0.0
Yolo County,2024-11-08,69.6,0.0,0.0
Yolo County,2024-11-09,69.4,0.0,0.0
Yolo County,2024-11-10,70.6,0.0,0.0
Yolo County,2024-11-11,65.2,0.228,0.0
Yolo County,2024-11-12,63.1,0.0,0.0
Yolo County,2024-11-13,62.2,0.008,0.0
Yolo County,2024-11-14,64.9,0.295,0.0
Yolo County,2024-11-15,61.0,0.0,0.0
Yolo County,2024-11-16,60.6,0.0,0.0
Yolo County,2024-11-17,58.6,0.012,0.0
Yolo County,2024-11-18,60.1,0.0,0.0
Yolo County,2024-11-19,55.3,0.0,0.0
Yolo County,2024-11-20,53.5,1.524,0.0
Yolo County,2024-11-21,60.6,1.13,0.0
Yolo County,2024-11-22,61.3,1.866,0.0
Yolo County,2024-11-23,60.8,0.012,0.0
Yolo County,2024-11-24,57.9,0.0,0.0
Yolo County,2024-11-25,56.8,0.146,0.0
Yolo County,2024-11-26,62.2,0.0,0.0
Yolo County,2024-11-27,59.3,0.0,0.0
Yolo County,2024-11-28,57.7,0.0,0.0
Yolo County,2024-11-29,58.9,0.0,0.0
Yolo County,2024-11-30,57.0,0.0,0.0
Yolo County,2024-12-01,60.2,0.0,0.0
Yolo County,2024-12-02,61.1,0.0,0.0
Yolo County,2024-12-03,61.8,0.0,0.0
Yolo County,2024-12-04,61.4,0.0,0.0
Yolo County,2024-12-05,62.0,0.0,0.0
Yolo County,2024-12-06,60.5,0.0,0.0
Yolo County,2024-12-07,57.4,0.0,0.0
Yolo County,2024-12-08,66.9,0.0,0.0
Yolo County,2024-12-09,63.1,0.0,0.0
Yolo County,2024-12-10,56.2,0.0,0.0
Yolo County,2024-12-11,56.6,0.0,0.0
Yolo County,2024-12-12,56.1,0.531,0.0
Yolo County,2024-12-13,55.4,0.15,0.0
Yolo County,2024-12-14,58.4,1.732,0.0
Yolo County,2024-12-15,53.1,0.02,0.0
Yolo County,2024-12-16,47.9,0.803,0.0
Yolo County,2024-12-17,58.0,0.0,0.0
Yolo County,2024-12-18,58.0,0.0,0.0
Yolo County,2024-12-19,53.8,0.0,0.0
Yolo County,2024-12-20,50.9,0.0,0.0
Yolo County,2024-12-21,50.9,0.362,0.0
Yolo County,2024-12-22,61.0,0.283,0.0
Yolo County,2024-12-23,60.7,0.016,0.0
Yolo County,2024-12-24,59.4,0.169,0.0
Yolo County,2024-12-25,53.8,0.0,0.0
Yolo County,2024-12-26,56.1,0.26,0.0
Yolo County,2024-12-27,63.9,0.205,0.0
Yolo County,2024-12-28,65.2,0.035,0.0
Yolo County,2024-12-29,63.1,0.283,0.0
Yolo County,2024-12-30,58.0,0.0,0.0
Yolo County,2024-12-31,55.1,0.0,0.0
Yolo County,2025-01-01,50.1,0.051,0.0
Yolo County,2025-01-02,58.1,0.0,0.0
Yolo County,2025-01-03,58.5,0.217,0.0
Yolo County,2025-01-04,55.2,0.0,0.0
Yolo County,2025-01-05,59.0,0.0,0.0
Yolo County,2025-01-06,58.5,0.0,0.0
Yolo County,2025-01-07,63.9,0.0,0.0
Yolo County,2025-01-08,64.0,0.0,0.0
Yolo County,2025-01-09,67.0,0.0,0.0
Yolo County,2025-01-10,59.4,0.0,0.0
Yolo County,2025-01-11,61.4,0.0,0.0
Yolo County,2025-01-12,60.4,0.0,0.0
Yolo County,2025-01-13,59.5,0.0,0.0
Yolo County,2025-01-14,59.0,0.0,0.0
Yolo County,2025-01-15,60.9,0.0,0.0
Yolo County,2025-01-16,60.8,0.0,0.0
Yolo County,2025-01-17,57.5,0.0,0.0
Yolo County,2025-01-18,59.4,0.0,0.0
Yolo County,2025-01-19,56.2,0.0,0.0
Yolo County,2025-01-20,61.6,0.0,0.0
Yolo County,2025-01-21,57.4,0.0,0.0
Yolo County,2025-01-22,65.4,0.0,0.0
Yolo County,2025-01-23,65.0,0.0,0.0
Yolo County,2025-01-24,62.2,0.0,0.0
Yolo County,2025-01-25,58.2,0.15,0.0
Yolo County,2025-01-26,58.1,0.0,0.0
Yolo County,2025-01-27,63.6,0.0,0.0
Yolo County,2025-01-28,58.3,0.0,0.0
Yolo County,2025-01-29,55.4,0.0,0.0
Yolo County,2025-01-30,56.4,0.0,0.0
Yolo County,2025-01-31,48.5,0.299,0.0
Yolo County,2025-02-01,57.6,0.701,0.0
Yolo County,2025-02-02,59.9,0.268,0.0
Yolo County,2025-02-03,60.5,0.339,0.0
Yolo County,2025-02-04,57.5,1.748,0.0
Yolo County,2025-02-05,55.3,0.0,0.0
Yolo County,2025-02-06,54.9,0.646,0.0
Yolo County,2025-02-07,56.9,0.0,0.0
Yolo County,2025-02-08,55.3,0.0,0.0
Yolo County,2025-02-09,55.5,0.0,0.0
Yolo County,2025-02-10,54.5,0.0,0.0
Yolo County,2025-02-11,51.6,0.0,0.0
Yolo County,2025-02-12,50.8,0.031,0.0
Yolo County,2025-02-13,59.0,1.626,0.0
Yolo County,2025-02-14,59.5,0.004,0.0
Yolo County,2025-02-15,58.7,0.0,0.0
Yolo County,2025-02-16,58.2,0.205,0.0
Yolo County,2025-02-17,60.4,0.0,0.0
Yolo County,2025-02-18,63.0,0.0,0.0
Yolo County,2025-02-19,62.9,0.142,0.0
Yolo County,2025-02-20,64.0,0.0,0.0
Yolo County,2025-02-21,62.7,0.0,0.0
Yolo County,2025-02-22,65.4,0.0,0.0
Yolo County,2025-02-23,62.6,0.0,0.0
Yolo County,2025-02-24,66.8,0.031,0.0
Yolo County,2025-02-25,64.9,0.0,0.0
Yolo County,2025-02-26,65.3,0.0,0.0
Yolo County,2025-02-27,69.6,0.0,0.0
Yolo County,2025-02-28,68.8,0.0,0.0
Yolo County,2025-03-01,68.7,0.0,0.0
Yolo County,2025-03-02,59.9,0.059,0.0
Yolo County,2025-03-03,60.6,0.0,0.0
Yolo County,2025-03-04,58.1,0.0,0.0
Yolo County,2025-03-05,54.1,0.071,0.0
Yolo County,2025-03-06,56.7,0.051,0.0
Yolo County,2025-03-07,62.4,0.0,0.0
Yolo County,2025-03-08,61.7,0.0,0.0
Yolo County,2025-03-09,65.2,0.0,0.0
Yolo County,2025-03-10,67.1,0.0,0.0
Yolo County,2025-03-11,66.7,0.0,0.0
Yolo County,2025-03-12,55.9,0.476,0.0
Yolo County,2025-03-13,54.6,0.035,0.0
Yolo County,2025-03-14,55.8,0.398,0.083
Yolo County,2025-03-15,58.8,0.0,0.0
Yolo County,2025-03-16,60.5,0.11,0.0
Yolo County,2025-03-17,56.2,0.22,0.0
Yolo County,2025-03-18,58.9,0.0,0.0
Yolo County,2025-03-19,58.7,0.024,0.0
Yolo County,2025-03-20,61.9,0.0,0.0
Yolo County,2025-03-21,59.8,0.0,0.0
Yolo County,2025-03-22,62.8,0.0,0.0
Yolo County,2025-03-23,74.8,0.0,0.0
Yolo County,2025-03-24,76.3,0.0,0.0
Yolo County,2025-03-25,80.2,0.0,0.0
Yolo County,2025-03-26,66.0,0.0,0.0
Yolo County,2025-03-27,62.7,0.071,0.0
Yolo County,2025-03-28,62.8,0.008,0.0
Yolo County,2025-03-29,62.4,0.024,0.0
Yolo County,2025-03-30,63.4,0.256,0.0
Yolo County,2025-03-31,60.4,0.016,0.0
Yolo County,2025-04-01,59.5,0.055,0.0
Yolo County,2025-04-02,62.9,0.0,0.0
Yolo County,2025-04-03,66.6,0.0,0.0
Yolo County,2025-04-04,72.1,0.0,0.0
Yolo County,2025-04-05,75.6,0.0,0.0
Yolo County,2025-04-06,75.2,0.0,0.0
Yolo County,2025-04-07,69.9,0.031,0.0
Yolo County,2025-04-08,72.6,0.0,0.0
Yolo County,2025-04-09,83.2,0.0,0.0
Yolo County,2025-04-10,83.8,0.0,0.0
Yolo County,2025-04-11,83.3,0.0,0.0
Yolo County,2025-04-12,77.5,0.0,0.0
Yolo County,2025-04-13,83.5,0.0,0.0
Yolo County,2025-04-14,86.9,0.0,0.0
Yolo County,2025-04-15,78.8,0.0,0.0
Yolo County,2025-04-16,74.1,0.0,0.0
Yolo County,2025-04-17,74.8,0.0,0.0
Yolo County,2025-04-18,79.1,0.0,0.0
Yolo County,2025-04-19,78.4,0.0,0.0
Yolo County,2025-04-20,81.4,0.0,0.0
Yolo County,2025-04-21,84.4,0.0,0.0
Yolo County,2025-04-22,84.1,0.0,0.0
Yolo County,2025-04-23,76.8,0.0,0.0
Yolo County,2025-04-24,72.2,0.0,0.0
Yolo County,2025-04-25,63.7,0.012,0.0
Yolo County,2025-04-26,60.6,0.094,0.0
Yolo County,2025-04-27,63.1,0.185,0.0
Yolo County,2025-04-28,78.7,0.0,0.0
Yolo County,2025-04-29,85.4,0.0,0.0
Yolo County,2025-04-30,88.6,0.0,0.0
Yolo County,2025-05-01,91.2,0.0,0.0
Yolo County,2025-05-02,85.0,0.0,0.0
Yolo County,2025-05-03,79.4,0.028,0.0
Yolo County,2025-05-04,82.1,0.0,0.0
Yolo County,2025-05-05,86.9,0.0,0.0
Yolo County,2025-05-06,90.1,0.0,0.0
Yolo County,2025-05-07,83.4,0.0,0.0
Yolo County,2025-05-08,89.8,0.0,0.0
Yolo County,2025-05-09,95.1,0.0,0.0
Yolo County,2025-05-10,96.7,0.0,0.0
Yolo County,2025-05-11,77.2,0.0,0.0
Yolo County,2025-05-12,69.4,0.146,0.0
Yolo County,2025-05-13,74.9,0.008,0.0
Yolo County,2025-05-14,81.5,0.0,0.0
Yolo County,2025-05-15,86.8,0.0,0.0
Yolo County,2025-05-16,89.7,0.0,0.0
Yolo County,2025-05-17,79.4,0.0,0.0
Yolo County,2025-05-18,84.9,0.0,0.0
Yolo County,2025-05-19,91.9,0.0,0.0
Yolo County,2025-05-20,90.6,0.0,0.0
Yolo County,2025-05-21,94.6,0.0,0.0
Yolo County,2025-05-22,86.8,0.0,0.0
Yolo County,2025-05-23,85.4,0.0,0.0
Yolo County,2025-05-24,90.8,0.0,0.0
Yolo County,2025-05-25,87.7,0.0,0.0
Yolo County,2025-05-26,85.0,0.0,0.0
Yolo County,2025-05-27,92.3,0.0,0.0
Yolo County,2025-05-28,92.6,0.0,0.0
Yolo County,2025-05-29,97.0,0.0,0.0
Yolo County,2025-05-30,106.9,0.0,0.0
Yolo County,2025-05-31,107.0,0.0,0.0
Yolo County,2025-06-01,94.2,0.0,0.0
Yolo County,2025-06-02,97.2,0.0,0.0
Yolo County,2025-06-03,95.4,0.0,0.0
Yolo County,2025-06-04,101.1,0.0,0.0
Yolo County,2025-06-05,91.5,0.0,0.0
Yolo County,2025-06-06,97.3,0.0,0.0
Yolo County,2025-06-07,101.3,0.0,0.0
Yolo County,2025-06-08,96.0,0.0,0.0
Yolo County,2025-06-09,100.9,0.0,0.0
Yolo County,2025-06-10,98.1,0.0,0.0
Yolo County,2025-06-11,91.7,0.0,0.0
Yolo County,2025-06-12,94.7,0.0,0.0
Yolo County,2025-06-13,91.3,0.0,0.0
Yolo County,2025-06-14,89.4,0.0,0.0
Yolo County,2025-06-15,94.4,0.0,0.0
Yolo County,2025-06-16,95.4,0.0,0.0
Yolo County,2025-06-17,98.4,0.0,0.0
Yolo County,2025-06-18,105.4,0.0,0.0
Yolo County,2025-06-19,97.2,0.0,0.0
Yolo County,2025-06-20,87.9,0.0,0.0
Yolo County,2025-06-21,84.4,0.0,0.0
Yolo County,2025-06-22,87.4,0.0,0.0
Yolo County,2025-06-23,97.2,0.0,0.0
Yolo County,2025-06-24,95.4,0.0,0.0
Yolo County,2025-06-25,97.3,0.0,0.0
Yolo County,2025-06-26,96.1,0.0,0.0
Yolo County,2025-06-27,101.5,0.0,0.0
Yolo County,2025-06-28,103.0,0.0,0.0
Yolo County,2025-06-29,102.4,0.0,0.0
Yolo County,2025-06-30,101.3,0.0,0.0
Yolo County,2025-07-01,104.7,0.0,0.0
Yolo County,2025-07-02,104.8,0.0,0.0
Yolo County,2025-07-03,96.5,0.0,0.0
Yolo County,2025-07-04,91.9,0.0,0.0
Yolo County,2025-07-05,93.3,0.0,0.0
Yolo County,2025-07-06,98.3,0.0,0.0
Yolo County,2025-07-07,99.1,0.0,0.0
Yolo County,2025-07-08,91.7,0.0,0.0
Yolo County,2025-07-09,96.6,0.0,0.0
Yolo County,2025-07-10,107.9,0.0,0.0
Yolo County,2025-07-11,108.0,0.0,0.0
Yolo County,2025-07-12,103.6,0.0,0.0
Yolo County,2025-07-13,102.3,0.0,0.0
Yolo County,2025-07-14,104.5,0.0,0.0
Yolo County,2025-07-15,97.0,0.0,0.0
Yolo County,2025-07-16,90.4,0.0,0.0
Yolo County,2025-07-17,95.3,0.0,0.0
Yolo County,2025-07-18,98.8,0.0,0.0
Yolo County,2025-07-19,99.6,0.0,0.0
Yolo County,2025-07-20,97.0,0.0,0.0
Yolo County,2025-07-21,88.4,0.0,0.0
Yolo County,2025-07-22,86.7,0.0,0.0
Yolo County,2025-07-23,89.5,0.0,0.0
Yolo County,2025-07-24,91.8,0.0,0.0
Yolo County,2025-07-25,92.4,0.0,0.0
Yolo County,2025-07-26,89.9,0.0,0.0
Yolo County,2025-07-27,92.0,0.0,0.0
Yolo County,2025-07-28,97.4,0.0,0.0
Yolo County,2025-07-29,99.7,0.0,0.0
Yolo County,2025-07-30,95.1,0.0,0.0
Yolo County,2025-07-31,98.5,0.0,0.0
Yolo County,2025-08-01,98.6,0.0,0.0
Yolo County,2025-08-02,98.8,0.0,0.0
Yolo County,2025-08-03,99.7,0.0,0.0
Yolo County,2025-08-04,94.7,0.0,0.0
Yolo County,2025-08-05,94.6,0.0,0.0
Yolo County,2025-08-06,99.6,0.0,0.0
Yolo County,2025-08-07,100.9,0.0,0.0
Yolo County,2025-08-08,104.2,0.0,0.0
Yolo County,2025-08-09,107.0,0.0,0.0
Yolo County,2025-08-10,106.6,0.0,0.0
Yolo County,2025-08-11,104.9,0.0,0.0
Yolo County,2025-08-12,100.9,0.0,0.0
Yolo County,2025-08-13,96.4,0.0,0.0
Yolo County,2025-08-14,97.6,0.0,0.0
Yolo County,2025-08-15,101.9,0.0,0.0
Yolo County,2025-08-16,91.2,0.0,0.0
Yolo County,2025-08-17,89.8,0.0,0.0
Yolo County,2025-08-18,91.2,0.0,0.0
Yolo County,2025-08-19,96.2,0.0,0.0
Yolo County,2025-08-20,103.1,0.0,0.0
Yolo County,2025-08-21,106.9,0.0,0.0
Yolo County,2025-08-22,105.2,0.0,0.0
Yolo County,2025-08-23,106.1,0.0,0.0
Yolo County,2025-08-24,102.6,0.0,0.0
Yolo County,2025-08-25,103.6,0.0,0.0
Yolo County,2025-08-26,100.5,0.0,0.0
Yolo County,2025-08-27,96.4,0.0,0.0
Yolo County,2025-08-28,100.0,0.0,0.0
Yolo County,2025-08-29,101.1,0.0,0.0
Yolo County,2025-08-30,103.9,0.0,0.0
Yolo County,2025-08-31,105.0,0.0,0.0
Yolo County,2025-09-01,105.9,0.0,0.0
Yolo County,2025-09-02,103.6,0.0,0.0
Yolo County,2025-09-03,99.1,0.0,0.0
Yolo County,2025-09-04,95.6,0.0,0.0
Yolo County,2025-09-05,90.8,0.0,0.0
Yolo County,2025-09-06,89.8,0.0,0.0
Yolo County,2025-09-07,88.5,0.0,0.0
Yolo County,2025-09-08,85.3,0.0,0.0
Yolo County,2025-09-09,80.4,0.016,0.0
Yolo County,2025-09-10,81.2,0.15,0.0
Yolo County,2025-09-11,84.6,0.0,0.0
Yolo County,2025-09-12,91.2,0.0,0.0
Yolo County,2025-09-13,92.1,0.0,0.0
Yolo County,2025-09-14,90.4,0.0,0.0
Yolo County,2025-09-15,94.9,0.0,0.0
Yolo County,2025-09-16,97.2,0.0,0.0
Yolo County,2025-09-17,100.0,0.0,0.0
Yolo County,2025-09-18,98.2,0.0,0.0
Yolo County,2025-09-19,81.9,0.0,0.0
Yolo County,2025-09-20,90.7,0.0,0.0
Yolo County,2025-09-21,93.7,0.0,0.0
Yolo County,2025-09-22,97.1,0.0,0.0
Yolo County,2025-09-23,101.4,0.0,0.0
Yolo County,2025-09-24,92.5,0.008,0.0
Yolo County,2025-09-25,94.2,0.0,0.0
Yolo County,2025-09-26,99.7,0.0,0.0
Yolo County,2025-09-27,89.4,0.0,0.0
Yolo County,2025-09-28,78.4,0.0,0.0
Yolo County,2025-09-29,79.3,0.0,0.0
Yolo County,2025-09-30,77.0,0.004,0.0
Yolo County,2025-10-01,76.3,0.083,0.0
Yolo County,2025-10-02,75.2,0.138,0.0
Yolo County,2025-10-03,73.3,0.138,0.0
Yolo County,2025-10-04,81.9,0.0,0.0
Yolo County,2025-10-05,82.0,0.0,0.0
Yolo County,2025-10-06,88.7,0.0,0.0
Yolo County,2025-10-07,90.6,0.0,0.0
Yolo County,2025-10-08,82.9,0.0,0.0
Yolo County,2025-10-09,76.0,0.0,0.0
Yolo County,2025-10-10,76.0,0.0,0.0
Yolo County,2025-10-11,75.3,0.0,0.0
Yolo County,2025-10-12,76.9,0.0,0.0
Yolo County,2025-10-13,70.5,1.118,0.0
Yolo County,2025-10-14,56.9,0.815,0.0
Yolo County,2025-10-15,63.9,0.051,0.0
Yolo County,2025-10-16,71.7,0.0,0.0
Yolo County,2025-10-17,72.3,0.0,0.0
Yolo County,2025-10-18,75.8,0.0,0.0
Yolo County,2025-10-19,79.9,0.0,0.0
Yolo County,2025-10-20,79.5,0.0,0.0
Yolo County,2025-10-21,79.0,0.0,0.0
Yolo County,2025-10-22,73.2,0.008,0.0
Yolo County,2025-10-23,73.1,0.0,0.0
Yolo County,2025-10-24,70.3,0.0,0.0
Yolo County,2025-10-25,69.0,0.256,0.0
Yolo County,2025-10-26,64.7,0.071,0.0
Yolo County,2025-10-27,69.5,0.0,0.0
Yolo County,2025-10-28,71.1,0.0,0.0
Yolo County,2025-10-29,81.6,0.0,0.0
Yolo County,2025-10-30,75.7,0.0,0.0
Yolo County,2025-10-31,80.5,0.0,0.0
Yolo County,2025-11-01,75.2,0.0,0.0
Yolo County,2025-11-02,78.4,0.0,0.0
Yolo County,2025-11-03,77.5,0.0,0.0
Yolo County,2025-11-04,70.8,0.0,0.0
Yolo County,2025-11-05,64.7,0.563,0.0
Yolo County,2025-11-06,70.8,0.0,0.0
Yolo County,2025-11-07,69.5,0.024,0.0
Yolo County,2025-11-08,70.6,0.0,0.0
Yolo County,2025-11-09,78.5,0.0,0.0
Yolo County,2025-11-10,77.9,0.0,0.0
Yolo County,2025-11-11,73.1,0.0,0.0
Yolo County,2025-11-12,69.1,0.012,0.0
Yolo County,2025-11-13,61.5,1.449,0.0
Yolo County,2025-11-14,64.3,0.016,0.0
Yolo County,2025-11-15,73.9,0.0,0.0
Yolo County,2025-11-16,64.9,0.126,0.0
Yolo County,2025-11-17,58.6,0.724,0.0
Yolo County,2025-11-18,62.2,0.004,0.0
Yolo County,2025-11-19,58.6,0.0,0.0
Yolo County,2025-11-20,57.8,0.185,0.0
Yolo County,2025-11-21,68.5,0.0,0.0
Yolo County,2025-11-22,64.5,0.0,0.0
Yolo County,2025-11-23,57.7,0.0,0.0
Yolo County,2025-11-24,60.5,0.0,0.0
Yolo County,2025-11-25,56.6,0.0,0.0
Yolo County,2025-11-26,55.1,0.0,0.0
Yolo County,2025-11-27,51.5,0.0,0.0
Yolo County,2025-11-28,53.1,0.0,0.0
Yolo County,2025-11-29,49.9,0.0,0.0
Yolo County,2025-11-30,50.7,0.0,0.0
Yolo County,2025-12-01,53.1,0.0,0.0
Yolo County,2025-12-02,56.1,0.0,0.0
Yolo County,2025-12-03,61.3,0.0,0.0
Yolo County,2025-12-04,54.4,0.016,0.0
Yolo County,2025-12-05,51.9,0.0,0.0
Yolo County,2025-12-06,53.4,0.0,0.0
Yolo County,2025-12-07,48.0,0.0,0.0
Yolo County,2025-12-08,51.5,0.0,0.0
Yolo County,2025-12-09,50.7,0.0,0.0
Yolo County,2025-12-10,51.8,0.0,0.0
Yolo County,2025-12-11,51.3,0.0,0.0
Yolo County,2025-12-12,51.4,0.0,0.0
Yolo County,2025-12-13,51.4,0.0,0.0
Yolo County,2025-12-14,50.9,0.0,0.0
Yolo County,2025-12-15,49.6,0.0,0.0
Yolo County,2025-12-16,51.5,0.075,0.0
Yolo County,2025-12-17,67.2,0.008,0.0
Yolo County,2025-12-18,58.2,0.0,0.0
Yolo County,2025-12-19,59.1,0.15,0.0
Yolo County,2025-12-20,56.1,0.268,0.0
Yolo County,2025-12-21,62.1,0.858,0.0
Yolo County,2025-12-22,60.3,0.358,0.0
Yolo County,2025-12-23,60.3,0.102,0.0
Yolo County,2025-12-24,60.2,0.831,0.0
Yolo County,2025-12-25,56.8,0.937,0.0
Yolo County,2025-12-26,58.1,0.047,0.0
Yolo County,2025-12-27,54.5,0.0,0.0
Yolo County,2025-12-28,53.0,0.0,0.0
Yolo County,2025-12-29,58.0,0.0,0.0
Yolo County,2025-12-30,51.4,0.0,0.0
Yolo County,2025-12-31,47.9,0.417,0.0
Yolo County,2026-01-01,56.9,0.701,0.0
Yolo County,2026-01-02,60.9,0.236,0.0
Yolo County,2026-01-03,61.0,0.402,0.0
Yolo County,2026-01-04,54.3,0.335,0.0
Yolo County,2026-01-05,53.8,1.016,0.0
Yolo County,2026-01-06,59.6,0.031,0.0
Yolo County,2026-01-07,59.8,0.0,0.0
Yolo County,2026-01-08,55.1,0.0,0.0
Yolo County,2026-01-09,56.4,0.0,0.0
Yolo County,2026-01-10,55.8,0.0,0.0
Yolo County,2026-01-11,55.8,0.0,0.0
Yolo County,2026-01-12,59.1,0.0,0.0
Yolo County,2026-01-13,58.9,0.0,0.0
Yolo County,2026-01-14,59.1,0.0,0.0
Yolo County,2026-01-15,65.3,0.0,0.0
Yolo County,2026-01-16,65.5,0.0,0.0
Yolo County,2026-01-17,62.7,0.0,0.0
Yolo County,2026-01-18,62.5,0.0,0.0
Yolo County,2026-01-19,56.7,0.0,0.0
Yolo County,2026-01-20,57.6,0.0,0.0
Yolo County,2026-01-21,57.0,0.0,0.0
Yolo County,2026-01-22,60.4,0.0,0.0
Yolo County,2026-01-23,55.3,0.0,0.0
Yolo County,2026-01-24,62.9,0.0,0.0
Yolo County,2026-01-25,49.3,0.0,0.0
Yolo County,2026-01-26,56.4,0.0,0.0
Yolo County,2026-01-27,54.4,0.063,0.0
Yolo County,2026-01-28,60.6,0.028,0.0
Yolo County,2026-01-29,62.3,0.0,0.0
Yolo County,2026-01-30,59.1,0.0,0.0
Yolo County,2026-01-31,59.7,0.0,0.0
Yolo County,2026-02-01,62.2,0.0,0.0
Yolo County,2026-02-02,67.5,0.0,0.0
Yolo County,2026-02-03,65.1,0.0,0.0
Yolo County,2026-02-04,66.0,0.0,0.0
Yolo County,2026-02-05,67.6,0.0,0.0
Yolo County,2026-02-06,67.7,0.0,0.0
Yolo County,2026-02-07,64.1,0.0,0.0
Yolo County,2026-02-08,68.9,0.0,0.0
Yolo County,2026-02-09,64.5,0.0,0.0
Yolo County,2026-02-10,58.6,0.142,0.0
Yolo County,2026-02-11,59.3,0.846,0.0
Yolo County,2026-02-12,63.6,0.0,0.0
Yolo County,2026-02-13,64.0,0.0,0.0
Yolo County,2026-02-14,58.2,0.012,0.0
Yolo County,2026-02-15,61.3,0.449,0.0
Yolo County,2026-02-16,52.1,0.823,0.0
Yolo County,2026-02-17,50.4,0.728,0.028
Yolo County,2026-02-18,52.2,0.102,0.358
Yolo County,2026-02-19,53.2,0.409,0.0
Yolo County,2026-02-20,50.8,0.0,0.0
Yolo County,2026-02-21,56.6,0.0,0.0
Yolo County,2026-02-22,64.0,0.0,0.0
Yolo County,2026-02-23,65.7,0.0,0.0
Yolo County,2026-02-24,65.1,0.63,0.0
Yolo County,2026-02-25,67.8,0.059,0.0
Yolo County,2026-02-26,70.1,0.0,0.0
Yolo County,2026-02-27,73.9,0.0,0.0
Yolo County,2026-02-28,73.5,0.0,0.0
Yolo County,2026-03-01,68.7,0.0,0.0
Yolo County,2026-03-02,65.6,0.0,0.0
Yolo County,2026-03-03,69.2,0.0,0.0
Yolo County,2026-03-04,66.6,0.0,0.0
Yolo County,2026-03-05,65.1,0.0,0.0
Yolo County,2026-03-06,68.9,0.0,0.0
Yolo County,2026-03-07,76.4,0.0,0.0
Yolo County,2026-03-08,71.9,0.0,0.0
Yolo County,2026-03-09,73.9,0.0,0.0
Yolo County,2026-03-10,70.4,0.0,0.0
Yolo County,2026-03-11,73.0,0.0,0.0
Yolo County,2026-03-12,76.4,0.0,0.0
Yolo County,2026-03-13,73.9,0.0,0.0
Yolo County,2026-03-14,75.7,0.0,0.0
Yolo County,2026-03-15,81.1,0.0,0.0
Yolo County,2026-03-16,81.1,0.0,0.0
Yolo County,2026-03-17,82.8,0.0,0.0
Yolo County,2026-03-18,84.6,0.0,0.0
Yolo County,2026-03-19,86.3,0.0,0.0
Yolo County,2026-03-20,86.1,0.0,0.0
Yolo County,2026-03-21,84.0,0.0,0.0
Yolo County,2026-03-22,81.6,0.0,0.0
Yolo County,2026-03-23,83.0,0.0,0.0
Yolo County,2026-03-24,82.1,0.0,0.0
Yolo County,2026-03-25,80.7,0.0,0.0
Yolo County,2026-03-26,77.9,0.0,0.0
Yolo County,2026-03-27,80.2,0.0,0.0
Yolo County,2026-03-28,82.0,0.0,0.0
Yolo County,2026-03-29,86.1,0.0,0.0
Yolo County,2026-03-30,77.7,0.0,0.0
Yolo County,2026-03-31,68.0,0.264,0.0
Yolo County,2026-04-01,64.0,0.146,0.0
Yolo County,2026-04-02,64.8,0.012,0.0
Yolo County,2026-04-03,76.1,0.0,0.0
Yolo County,2026-04-04,80.2,0.0,0.0
Yolo County,2026-04-05,82.0,0.0,0.0
Yolo County,2026-04-06,83.8,0.0,0.0
Yolo County,2026-04-07,78.4,0.0,0.0
Yolo County,2026-04-08,81.3,0.0,0.0
Yolo County,2026-04-09,77.8,0.0,0.0
Yolo County,2026-04-10,65.4,0.618,0.0
Yolo County,2026-04-11,61.3,0.941,0.0
Yolo County,2026-04-12,59.5,0.366,0.0
Yolo County,2026-04-13,65.2,0.012,0.0
Yolo County,2026-04-14,68.5,0.0,0.0
Yolo County,2026-04-15,72.4,0.0,0.0
Yolo County,2026-04-16,68.5,0.0,0.0
Yolo County,2026-04-17,75.7,0.0,0.0
Yolo County,2026-04-18,78.1,0.0,0.0
Yolo County,2026-04-19,78.5,0.0,0.0
Yolo County,2026-04-20,68.4,0.732,0.0
Yolo County,2026-04-21,62.5,0.685,0.0
Yolo County,2026-04-22,63.0,0.425,0.0
Yolo County,2026-04-23,71.9,0.0,0.0
Yolo County,2026-04-24,72.1,0.0,0.0
Yolo County,2026-04-25,65.7,0.0,0.0
Yolo County,2026-04-26,65.9,0.0,0.0
Yolo County,2026-04-27,68.4,0.012,0.0
Yolo County,2026-04-28,74.1,0.0,0.0
Yolo County,2026-04-29,80.9,0.0,0.0
Yolo County,2026-04-30,88.7,0.0,0.0
Yolo County,2026-05-01,85.0,0.0,0.0
Yolo County,2026-05-02,78.8,0.0,0.0
Yolo County,2026-05-03,71.2,0.028,0.0
Yolo County,2026-05-04,65.0,0.677,0.0
Yolo County,2026-05-05,67.2,0.102,0.0
Yolo County,2026-05-06,75.7,0.0,0.0
Yolo County,2026-05-07,81.7,0.0,0.0
Yolo County,2026-05-08,84.8,0.0,0.0
Yolo County,2026-05-09,92.4,0.0,0.0
Yolo County,2026-05-10,90.2,0.0,0.0
Yolo County,2026-05-11,94.5,0.0,0.0
Yolo County,2026-05-12,91.7,0.0,0.0
Yolo County,2026-05-13,84.8,0.0,0.0
Yolo County,2026-05-14,91.7,0.0,0.0
Yolo County,2026-05-15,91.0,0.0,0.0
Yolo County,2026-05-16,85.3,0.0,0.0
Yolo County,2026-05-17,77.5,0.0,0.0
Yolo County,2026-05-18,86.5,0.0,0.0
Yolo County,2026-05-19,90.1,0.0,0.0
Yolo County,2026-05-20,93.1,0.0,0.0
Yolo County,2026-05-21,95.6,0.0,0.0
Yolo County,2026-05-22,93.2,0.0,0.0
Yolo County,2026-05-23,85.8,0.0,0.0
Yolo County,2026-05-24,87.4,0.0,0.0
Yolo County,2026-05-25,77.9,0.0,0.0
Yolo County,2026-05-26,73.4,0.012,0.0
Yolo County,2026-05-27,73.4,0.02,0.0
Yolo County,2026-05-28,72.0,0.287,0.0
Yolo County,2026-05-29,71.9,0.024,0.0
Yolo County,2026-05-30,80.3,0.0,0.0
Yolo County,2026-05-31,88.5,0.0,0.0
Yolo County,2026-06-01,92.6,0.0,0.0
Yolo County,2026-06-02,94.1,0.0,0.0
Yolo County,2026-06-03,95.5,0.0,0.0
Yolo County,2026-06-04,96.4,0.0,0.0
Yolo County,2026-06-05,98.6,0.0,0.0
Yolo County,2026-06-06,88.2,0.0,0.0
Yolo County,2026-06-07,88.1,0.0,0.0
Yolo County,2026-06-08,86.7,0.004,0.0
Yolo County,2026-06-09,86.4,0.0,0.0
Yolo County,2026-06-10,100.5,0.0,0.0
Yolo County,2026-06-11,103.0,0.0,0.0
Yolo County,2026-06-12,102.6,0.0,0.0
Yolo County,2026-06-13,102.9,0.0,0.0
Yolo County,2026-06-14,100.2,0.0,0.0
Yolo County,2026-06-15,100.9,0.0,0.0
Yolo County,2026-06-16,96.7,0.0,0.0
Yolo County,2026-06-17,95.4,0.0,0.0
Yolo County,2026-06-18,91.0,0.0,0.0
Yolo County,2026-06-19,84.7,0.016,0.0
Yolo County,2026-06-20,89.2,0.0,0.0
Yolo County,2026-06-21,92.1,0.0,0.0
Yolo County,2026-06-22,95.5,0.0,0.0
Yolo County,2026-06-23,96.7,0.0,0.0
Yolo County,2026-06-24,95.2,0.0,0.0
Yolo County,2026-06-25,92.8,0.0,0.0
Yolo County,2026-06-26,87.9,0.028,0.0
Yolo County,2026-06-27,81.0,0.0,0.0
Yolo County,2026-06-28,87.8,0.0,0.0
Yolo County,2026-06-29,93.2,0.0,0.0
Yolo County,2026-06-30,93.2,0.0,0.0
Yolo County,2026-07-01,91.5,0.0,0.0
Yolo County,2026-07-02,92.2,0.0,0.0
Yolo County,2026-07-03,95.8,0.0,0.0
Yolo County,2026-07-04,97.3,0.0,0.0
Yolo County,2026-07-05,93.8,0.0,0.0
Yolo County,2026-07-06,94.6,0.0,0.0
Yolo County,2026-07-07,91.1,0.0,0.0
Yolo County,2026-07-08,94.8,0.0,0.0
Yolo County,2026-07-09,101.4,0.0,0.0
Yolo County,2026-07-10,99.2,0.0,0.0
Yolo County,2026-07-11,97.6,0.0,0.0
Yolo County,2026-07-12,97.8,0.0,0.0
Yolo County,2026-07-13,101.1,0.0,0.0
Yolo County,2026-07-14,106.2,0.0,0.0
Yolo County,2026-07-15,107.7,0.0,0.0
Yolo County,2026-07-16,101.2,0.0,0.0
Yolo County,2026-07-17,96.8,0.0,0.0
Yolo County,2026-07-18,96.0,0.0,0.0
Yolo County,2026-07-19,99.1,0.0,0.0
Yolo County,2026-07-20,96.5,0.008,0.0
Yolo County,2026-07-21,103.6,0.0,0.0
Yolo County,2026-07-22,90.1,0.0,0.0
Yolo County,2026-07-23,97.7,0.0,0.0
Yolo County,2026-07-24,100.9,0.0,0.0
Yolo County,2026-07-25,99.1,0.0,0.0
Yolo County,2026-07-26,99.2,0.0,0.0
Yolo County,2026-07-27,98.8,0.0,0.0
Yolo County,2026-07-28,100.2,0.0,0.0
Yolo County,2026-07-29,101.1,0.0,0.0
Placer County,2023-07-30,91.6,0.0,0.0
Placer County,2023-07-31,90.3,0.0,0.0
Placer County,2023-08-01,86.9,0.0,0.0
Placer County,2023-08-02,82.8,0.0,0.0
Placer County,2023-08-03,80.7,0.0,0.0
Placer County,2023-08-04,84.2,0.0,0.0
Placer County,2023-08-05,87.8,0.0,0.0
Placer County,2023-08-06,93.0,0.0,0.0
Placer County,2023-08-07,90.9,0.0,0.0
Placer County,2023-08-08,86.3,0.0,0.0
Placer County,2023-08-09,83.9,0.0,0.0
Placer County,2023-08-10,85.0,0.0,0.0
Placer County,2023-08-11,81.2,0.0,0.0
Placer County,2023-08-12,87.2,0.0,0.0
Placer County,2023-08-13,91.6,0.0,0.0
Placer County,2023-08-14,87.8,0.063,0.0
Placer County,2023-08-15,98.0,0.008,0.0
Placer County,2023-08-16,97.7,0.02,0.0
Placer County,2023-08-17,92.7,0.039,0.0
Placer County,2023-08-18,90.6,0.0,0.0
Placer County,2023-08-19,88.9,0.0,0.0
Placer County,2023-08-20,81.9,0.02,0.0
Placer County,2023-08-21,72.0,1.067,0.0
Placer County,2023-08-22,75.1,0.039,0.0
Placer County,2023-08-23,83.2,0.0,0.0
Placer County,2023-08-24,85.6,0.0,0.0
Placer County,2023-08-25,81.2,0.0,0.0
Placer County,2023-08-26,82.9,0.0,0.0
Placer County,2023-08-27,84.3,0.0,0.0
Placer County,2023-08-28,88.6,0.0,0.0
Placer County,2023-08-29,84.9,0.0,0.0
Placer County,2023-08-30,89.4,0.0,0.0
Placer County,2023-08-31,84.1,0.0,0.0
Placer County,2023-09-01,63.1,1.063,0.0
Placer County,2023-09-02,63.6,1.161,0.0
Placer County,2023-09-03,62.7,0.74,0.0
Placer County,2023-09-04,72.0,0.0,0.0
Placer County,2023-09-05,75.8,0.0,0.0
Placer County,2023-09-06,76.4,0.0,0.0
Placer County,2023-09-07,77.1,0.0,0.0
Placer County,2023-09-08,79.7,0.0,0.0
Placer County,2023-09-09,79.6,0.0,0.0
Placer County,2023-09-10,81.2,0.0,0.0
Placer County,2023-09-11,82.1,0.0,0.0
Placer County,2023-09-12,80.4,0.0,0.0
Placer County,2023-09-13,80.9,0.0,0.0
Placer County,2023-09-14,85.0,0.0,0.0
Placer County,2023-09-15,84.4,0.0,0.0
Placer County,2023-09-16,83.8,0.02,0.0
Placer County,2023-09-17,76.3,0.0,0.0
Placer County,2023-09-18,73.4,0.0,0.0
Placer County,2023-09-19,73.8,0.0,0.0
Placer County,2023-09-20,73.3,0.004,0.0
Placer County,2023-09-21,67.2,0.142,0.0
Placer County,2023-09-22,72.4,0.0,0.0
Placer County,2023-09-23,71.2,0.0,0.0
Placer County,2023-09-24,72.7,0.0,0.0
Placer County,2023-09-25,70.8,0.0,0.0
Placer County,2023-09-26,67.6,0.028,0.0
Placer County,2023-09-27,73.7,0.0,0.0
Placer County,2023-09-28,74.2,0.0,0.0
Placer County,2023-09-29,70.4,1.043,0.0
Placer County,2023-09-30,55.5,0.213,0.0
Placer County,2023-10-01,62.2,0.008,0.0
Placer County,2023-10-02,64.9,0.0,0.0
Placer County,2023-10-03,69.9,0.0,0.0
Placer County,2023-10-04,80.1,0.0,0.0
Placer County,2023-10-05,82.1,0.0,0.0
Placer County,2023-10-06,83.8,0.0,0.0
Placer County,2023-10-07,84.4,0.0,0.0
Placer County,2023-10-08,82.9,0.0,0.0
Placer County,2023-10-09,66.9,0.004,0.0
Placer County,2023-10-10,60.2,0.197,0.0
Placer County,2023-10-11,60.2,0.165,0.0
Placer County,2023-10-12,69.7,0.0,0.0
Placer County,2023-10-13,67.8,0.0,0.0
Placer County,2023-10-14,70.5,0.0,0.0
Placer County,2023-10-15,76.6,0.0,0.0
Placer County,2023-10-16,74.6,0.0,0.0
Placer County,2023-10-17,77.1,0.0,0.0
Placer County,2023-10-18,84.1,0.0,0.0
Placer County,2023-10-19,86.0,0.0,0.0
Placer County,2023-10-20,79.9,0.0,0.0
Placer County,2023-10-21,72.5,0.0,0.0
Placer County,2023-10-22,57.7,0.575,0.0
Placer County,2023-10-23,67.5,0.161,0.0
Placer County,2023-10-24,65.2,0.0,0.0
Placer County,2023-10-25,55.9,0.063,0.0
Placer County,2023-10-26,58.8,0.012,0.0
Placer County,2023-10-27,57.1,0.0,0.0
Placer County,2023-10-28,59.3,0.0,0.0
Placer County,2023-10-29,63.3,0.0,0.0
Placer County,2023-10-30,63.7,0.0,0.0
Placer County,2023-10-31,68.7,0.0,0.0
Placer County,2023-11-01,69.0,0.0,0.0
Placer County,2023-11-02,70.3,0.0,0.0
Placer County,2023-11-03,71.8,0.0,0.0
Placer County,2023-11-04,70.6,0.0,0.0
Placer County,2023-11-05,60.5,0.24,0.0
Placer County,2023-11-06,50.2,1.563,0.0
Placer County,2023-11-07,51.6,0.028,0.0
Placer County,2023-11-08,59.6,0.0,0.0
Placer County,2023-11-09,56.8,0.0,0.0
Placer County,2023-11-10,58.6,0.0,0.0
Placer County,2023-11-11,63.0,0.0,0.0
Placer County,2023-11-12,62.8,0.0,0.0
Placer County,2023-11-13,61.3,0.0,0.0
Placer County,2023-11-14,60.4,0.0,0.0
Placer County,2023-11-15,64.9,0.11,0.0
Placer County,2023-11-16,57.7,0.583,0.0
Placer County,2023-11-17,60.1,0.031,0.0
Placer County,2023-11-18,47.8,1.543,0.0
Placer County,2023-11-19,49.9,0.114,0.0
Placer County,2023-11-20,62.5,0.0,0.0
Placer County,2023-11-21,63.9,0.0,0.0
Placer County,2023-11-22,62.3,0.0,0.0
Placer County,2023-11-23,59.2,0.039,0.0
Placer County,2023-11-24,53.4,0.0,0.0
Placer County,2023-11-25,54.1,0.0,0.0
Placer County,2023-11-26,55.8,0.0,0.0
Placer County,2023-11-27,52.1,0.0,0.0
Placer County,2023-11-28,55.5,0.0,0.0
Placer County,2023-11-29,50.4,0.024,0.083
Placer County,2023-11-30,48.5,0.189,0.22
Placer County,2023-12-01,46.8,0.012,0.0
Placer County,2023-12-02,46.3,0.114,0.0
Placer County,2023-12-03,51.7,0.205,0.0
Placer County,2023-12-04,59.4,0.0,0.0
Placer County,2023-12-05,64.0,0.0,0.0
Placer County,2023-12-06,54.5,0.551,0.0
Placer County,2023-12-07,43.3,0.126,0.0
Placer County,2023-12-08,50.5,0.0,0.0
Placer County,2023-12-09,52.4,0.0,0.0
Placer County,2023-12-10,57.4,0.0,0.0
Placer County,2023-12-11,56.2,0.0,0.0
Placer County,2023-12-12,58.7,0.0,0.0
Placer County,2023-12-13,58.6,0.0,0.0
Placer County,2023-12-14,56.0,0.0,0.0
Placer County,2023-12-15,62.7,0.0,0.0
Placer County,2023-12-16,64.6,0.0,0.0
Placer County,2023-12-17,62.5,0.055,0.0
Placer County,2023-12-18,54.1,1.028,0.0
Placer County,2023-12-19,48.2,0.835,0.0
Placer County,2023-12-20,54.3,0.13,0.0
Placer County,2023-12-21,59.9,0.0,0.0
Placer County,2023-12-22,59.0,0.0,0.0
Placer County,2023-12-23,53.8,0.0,0.0
Placer County,2023-12-24,49.4,0.0,0.0
Placer County,2023-12-25,57.9,0.0,0.0
Placer County,2023-12-26,56.5,0.0,0.0
Placer County,2023-12-27,52.2,0.531,0.358
Placer County,2023-12-28,55.7,0.0,0.0
Placer County,2023-12-29,57.6,0.008,0.0
Placer County,2023-12-30,44.3,0.705,0.0
Placer County,2023-12-31,46.5,0.0,0.0
Placer County,2024-01-01,54.3,0.0,0.0
Placer County,2024-01-02,49.6,0.335,1.24
Placer County,2024-01-03,36.2,0.669,3.638
Placer County,2024-01-04,46.0,0.0,0.0
Placer County,2024-01-05,52.8,0.0,0.0
Placer County,2024-01-06,38.7,0.535,3.472
Placer County,2024-01-07,38.9,0.0,0.0
Placer County,2024-01-08,43.9,0.0,0.0
Placer County,2024-01-09,41.0,0.291,0.028
Placer County,2024-01-10,35.2,0.85,2.701
Placer County,2024-01-11,38.4,0.0,0.0
Placer County,2024-01-12,36.6,0.0,0.0
Placer County,2024-01-13,40.4,1.315,0.524
Placer County,2024-01-14,47.1,0.248,0.0
Placer County,2024-01-15,55.2,0.0,0.0
Placer County,2024-01-16,50.2,0.366,0.0
Placer County,2024-01-17,48.0,0.201,0.0
Placer County,2024-01-18,54.1,0.0,0.0
Placer County,2024-01-19,58.6,0.043,0.0
Placer County,2024-01-20,46.8,1.882,0.0
Placer County,2024-01-21,49.6,0.504,0.0
Placer County,2024-01-22,45.1,1.008,0.0
Placer County,2024-01-23,54.4,0.004,0.0
Placer County,2024-01-24,45.8,0.386,0.0
Placer County,2024-01-25,51.3,0.106,0.0
Placer County,2024-01-26,55.9,0.0,0.0
Placer County,2024-01-27,65.9,0.0,0.0
Placer County,2024-01-28,74.1,0.016,0.0
Placer County,2024-01-29,65.6,0.0,0.0
Placer County,2024-01-30,64.1,0.0,0.0
Placer County,2024-01-31,56.9,0.319,0.0
Placer County,2024-02-01,43.5,1.055,0.0
Placer County,2024-02-02,37.4,0.437,0.689
Placer County,2024-02-03,41.5,0.043,0.11
Placer County,2024-02-04,48.6,1.339,1.516
Placer County,2024-02-05,44.0,1.028,1.902
Placer County,2024-02-06,46.9,0.606,2.425
Placer County,2024-02-07,35.8,0.5,2.673
Placer County,2024-02-08,39.2,0.024,0.0
Placer County,2024-02-09,41.8,0.0,0.0
Placer County,2024-02-10,49.7,0.0,0.0
Placer County,2024-02-11,49.6,0.0,0.0
Placer County,2024-02-12,51.5,0.0,0.0
Placer County,2024-02-13,46.0,0.0,0.0
Placer County,2024-02-14,47.8,0.587,0.303
Placer County,2024-02-15,47.7,0.752,0.248
Placer County,2024-02-16,54.9,0.0,0.0
Placer County,2024-02-17,53.4,0.354,0.0
Placer County,2024-02-18,57.7,0.728,0.193
Placer County,2024-02-19,44.6,1.354,0.22
Placer County,2024-02-20,49.6,1.0,1.654
Placer County,2024-02-21,46.9,0.689,1.709
Placer County,2024-02-22,52.6,0.0,0.0
Placer County,2024-02-23,61.5,0.0,0.0
Placer County,2024-02-24,62.6,0.0,0.0
Placer County,2024-02-25,60.0,0.0,0.0
Placer County,2024-02-26,49.1,0.787,0.0
Placer County,2024-02-27,54.1,0.02,0.0
Placer County,2024-02-28,57.0,0.0,0.0
Placer County,2024-02-29,42.7,1.024,0.028
Placer County,2024-03-01,39.1,1.689,0.193
Placer County,2024-03-02,37.2,1.075,5.429
Placer County,2024-03-03,34.1,0.811,5.209
Placer County,2024-03-04,37.2,0.122,0.551
Placer County,2024-03-05,46.6,0.024,0.0
Placer County,2024-03-06,49.9,0.024,0.0
Placer County,2024-03-07,51.0,0.063,0.0
Placer County,2024-03-08,58.5,0.0,0.0
Placer County,2024-03-09,51.5,0.0,0.0
Placer County,2024-03-10,50.9,0.035,0.0
Placer County,2024-03-11,43.6,0.445,0.0
Placer County,2024-03-12,44.3,0.602,0.028
Placer County,2024-03-13,59.0,0.0,0.0
Placer County,2024-03-14,55.0,0.0,0.0
Placer County,2024-03-15,60.4,0.0,0.0
Placer County,2024-03-16,61.1,0.0,0.0
Placer County,2024-03-17,67.1,0.0,0.0
Placer County,2024-03-18,64.9,0.0,0.0
Placer County,2024-03-19,64.9,0.0,0.0
Placer County,2024-03-20,63.8,0.0,0.0
Placer County,2024-03-21,61.1,0.0,0.0
Placer County,2024-03-22,57.0,1.323,1.433
Placer County,2024-03-23,41.8,0.941,2.783
Placer County,2024-03-24,44.9,0.606,2.508
Placer County,2024-03-25,50.1,0.102,0.0
Placer County,2024-03-26,53.7,0.028,0.0
Placer County,2024-03-27,50.5,0.394,0.083
Placer County,2024-03-28,47.3,0.815,0.827
Placer County,2024-03-29,41.8,0.528,0.799
Placer County,2024-03-30,47.2,0.319,0.882
Placer County,2024-03-31,51.7,0.283,0.331
Placer County,2024-04-01,63.0,0.0,0.0
Placer County,2024-04-02,64.2,0.0,0.0
Placer County,2024-04-03,62.8,0.496,0.0
Placer County,2024-04-04,39.0,0.35,2.205
Placer County,2024-04-05,36.1,0.264,1.791
Placer County,2024-04-06,43.5,0.0,0.0
Placer County,2024-04-07,49.8,0.039,0.0
Placer County,2024-04-08,61.5,0.0,0.0
Placer County,2024-04-09,64.2,0.0,0.0
Placer County,2024-04-10,70.0,0.0,0.0
Placer County,2024-04-11,72.3,0.0,0.0
Placer County,2024-04-12,62.4,0.13,0.0
Placer County,2024-04-13,48.8,0.524,1.35
Placer County,2024-04-14,46.5,0.181,0.0
Placer County,2024-04-15,57.0,0.0,0.0
Placer County,2024-04-16,64.0,0.0,0.0
Placer County,2024-04-17,68.6,0.0,0.0
Placer County,2024-04-18,68.8,0.0,0.0
Placer County,2024-04-19,70.0,0.0,0.0
Placer County,2024-04-20,71.4,0.0,0.0
Placer County,2024-04-21,75.7,0.0,0.0
Placer County,2024-04-22,74.8,0.0,0.0
Placer County,2024-04-23,63.3,0.024,0.0
Placer County,2024-04-24,58.6,0.004,0.0
Placer County,2024-04-25,58.1,0.224,0.0
Placer County,2024-04-26,53.1,0.638,0.11
Placer County,2024-04-27,60.3,0.0,0.0
Placer County,2024-04-28,63.1,0.0,0.0
Placer County,2024-04-29,62.5,0.0,0.0
Placer County,2024-04-30,64.3,0.0,0.0
Placer County,2024-05-01,66.6,0.0,0.0
Placer County,2024-05-02,67.6,0.0,0.0
Placer County,2024-05-03,68.3,0.0,0.0
Placer County,2024-05-04,46.7,1.799,3.61
Placer County,2024-05-05,46.8,0.15,0.717
Placer County,2024-05-06,57.0,0.0,0.0
Placer County,2024-05-07,63.6,0.0,0.0
Placer County,2024-05-08,64.7,0.0,0.0
Placer County,2024-05-09,71.3,0.0,0.0
Placer County,2024-05-10,74.9,0.0,0.0
Placer County,2024-05-11,79.9,0.0,0.0
Placer County,2024-05-12,76.5,0.0,0.0
Placer County,2024-05-13,76.1,0.0,0.0
Placer County,2024-05-14,79.0,0.0,0.0
Placer County,2024-05-15,83.0,0.0,0.0
Placer County,2024-05-16,78.2,0.0,0.0
Placer County,2024-05-17,77.0,0.0,0.0
Placer County,2024-05-18,74.1,0.0,0.0
Placer County,2024-05-19,68.9,0.0,0.0
Placer County,2024-05-20,69.3,0.0,0.0
Placer County,2024-05-21,76.6,0.0,0.0
Placer County,2024-05-22,71.5,0.0,0.0
Placer County,2024-05-23,72.2,0.004,0.0
Placer County,2024-05-24,68.5,0.0,0.0
Placer County,2024-05-25,62.5,0.0,0.0
Placer County,2024-05-26,71.5,0.0,0.0
Placer County,2024-05-27,76.3,0.0,0.0
Placer County,2024-05-28,76.0,0.0,0.0
Placer County,2024-05-29,76.6,0.0,0.0
Placer County,2024-05-30,80.3,0.0,0.0
Placer County,2024-05-31,83.0,0.0,0.0
Placer County,2024-06-01,79.7,0.0,0.0
Placer County,2024-06-02,78.2,0.0,0.0
Placer County,2024-06-03,72.7,0.008,0.0
Placer County,2024-06-04,90.6,0.0,0.0
Placer County,2024-06-05,91.8,0.0,0.0
Placer County,2024-06-06,91.1,0.0,0.0
Placer County,2024-06-07,89.6,0.0,0.0
Placer County,2024-06-08,83.2,0.0,0.0
Placer County,2024-06-09,79.4,0.0,0.0
Placer County,2024-06-10,85.0,0.0,0.0
Placer County,2024-06-11,91.8,0.0,0.0
Placer County,2024-06-12,92.6,0.0,0.0
Placer County,2024-06-13,85.0,0.0,0.0
Placer County,2024-06-14,83.2,0.0,0.0
Placer County,2024-06-15,79.8,0.0,0.0
Placer County,2024-06-16,79.3,0.0,0.0
Placer County,2024-06-17,78.1,0.0,0.0
Placer County,2024-06-18,76.8,0.0,0.0
Placer County,2024-06-19,79.9,0.0,0.0
Placer County,2024-06-20,80.3,0.0,0.0
Placer County,2024-06-21,87.7,0.0,0.0
Placer County,2024-06-22,93.7,0.0,0.0
Placer County,2024-06-23,92.5,0.0,0.0
Placer County,2024-06-24,90.5,0.0,0.0
Placer County,2024-06-25,89.6,0.0,0.0
Placer County,2024-06-26,85.3,0.055,0.0
Placer County,2024-06-27,83.2,0.0,0.0
Placer County,2024-06-28,86.3,0.0,0.0
Placer County,2024-06-29,86.3,0.0,0.0
Placer County,2024-06-30,87.2,0.0,0.0
Placer County,2024-07-01,92.1,0.0,0.0
Placer County,2024-07-02,98.2,0.0,0.0
Placer County,2024-07-03,100.0,0.0,0.0
Placer County,2024-07-04,99.5,0.0,0.0
Placer County,2024-07-05,101.8,0.0,0.0
Placer County,2024-07-06,106.0,0.0,0.0
Placer County,2024-07-07,104.4,0.0,0.0
Placer County,2024-07-08,100.0,0.0,0.0
Placer County,2024-07-09,98.5,0.0,0.0
Placer County,2024-07-10,100.0,0.0,0.0
Placer County,2024-07-11,103.4,0.0,0.0
Placer County,2024-07-12,104.7,0.0,0.0
Placer County,2024-07-13,101.5,0.0,0.0
Placer County,2024-07-14,94.2,0.0,0.0
Placer County,2024-07-15,92.8,0.0,0.0
Placer County,2024-07-16,89.2,0.0,0.0
Placer County,2024-07-17,89.3,0.0,0.0
Placer County,2024-07-18,93.6,0.0,0.0
Placer County,2024-07-19,96.3,0.0,0.0
Placer County,2024-07-20,97.9,0.0,0.0
Placer County,2024-07-21,95.2,0.0,0.0
Placer County,2024-07-22,98.5,0.0,0.0
Placer County,2024-07-23,98.9,0.0,0.0
Placer County,2024-07-24,96.9,0.0,0.0
Placer County,2024-07-25,93.3,0.0,0.0
Placer County,2024-07-26,93.1,0.0,0.0
Placer County,2024-07-27,79.9,0.0,0.0
Placer County,2024-07-28,82.3,0.0,0.0
Placer County,2024-07-29,83.4,0.0,0.0
Placer County,2024-07-30,85.6,0.0,0.0
Placer County,2024-07-31,88.8,0.0,0.0
Placer County,2024-08-01,92.8,0.0,0.0
Placer County,2024-08-02,93.3,0.0,0.0
Placer County,2024-08-03,92.8,0.008,0.0
Placer County,2024-08-04,92.8,0.0,0.0
Placer County,2024-08-05,93.4,0.0,0.0
Placer County,2024-08-06,96.4,0.0,0.0
Placer County,2024-08-07,96.5,0.0,0.0
Placer County,2024-08-08,94.7,0.0,0.0
Placer County,2024-08-09,93.8,0.0,0.0
Placer County,2024-08-10,92.4,0.0,0.0
Placer County,2024-08-11,90.4,0.0,0.0
Placer County,2024-08-12,84.3,0.016,0.0
Placer County,2024-08-13,83.6,0.0,0.0
Placer County,2024-08-14,84.2,0.0,0.0
Placer County,2024-08-15,83.2,0.0,0.0
Placer County,2024-08-16,85.4,0.0,0.0
Placer County,2024-08-17,77.4,0.0,0.0
Placer County,2024-08-18,78.2,0.0,0.0
Placer County,2024-08-19,81.7,0.0,0.0
Placer County,2024-08-20,83.1,0.0,0.0
Placer County,2024-08-21,82.4,0.0,0.0
Placer County,2024-08-22,76.2,0.0,0.0
Placer County,2024-08-23,64.8,0.008,0.0
Placer County,2024-08-24,59.5,0.614,0.0
Placer County,2024-08-25,74.8,0.0,0.0
Placer County,2024-08-26,82.0,0.0,0.0
Placer County,2024-08-27,86.3,0.0,0.0
Placer County,2024-08-28,87.9,0.0,0.0
Placer County,2024-08-29,88.3,0.0,0.0
Placer County,2024-08-30,87.8,0.0,0.0
Placer County,2024-08-31,90.6,0.0,0.0
Placer County,2024-09-01,88.3,0.0,0.0
Placer County,2024-09-02,82.4,0.0,0.0
Placer County,2024-09-03,88.8,0.0,0.0
Placer County,2024-09-04,92.2,0.0,0.0
Placer County,2024-09-05,93.4,0.0,0.0
Placer County,2024-09-06,93.1,0.0,0.0
Placer County,2024-09-07,87.5,0.0,0.0
Placer County,2024-09-08,88.0,0.0,0.0
Placer County,2024-09-09,89.5,0.0,0.0
Placer County,2024-09-10,84.6,0.0,0.0
Placer County,2024-09-11,73.6,0.0,0.0
Placer County,2024-09-12,77.0,0.0,0.0
Placer County,2024-09-13,81.1,0.0,0.0
Placer County,2024-09-14,82.0,0.0,0.0
Placer County,2024-09-15,70.3,0.0,0.0
Placer County,2024-09-16,63.9,0.024,0.0
Placer County,2024-09-17,65.0,0.0,0.0
Placer County,2024-09-18,67.6,0.079,0.0
Placer County,2024-09-19,73.9,0.106,0.0
Placer County,2024-09-20,82.1,0.0,0.0
Placer County,2024-09-21,80.4,0.0,0.0
Placer County,2024-09-22,84.9,0.0,0.0
Placer County,2024-09-23,90.5,0.0,0.0
Placer County,2024-09-24,90.1,0.0,0.0
Placer County,2024-09-25,81.7,0.0,0.0
Placer County,2024-09-26,84.7,0.0,0.0
Placer County,2024-09-27,87.4,0.0,0.0
Placer County,2024-09-28,89.1,0.0,0.0
Placer County,2024-09-29,85.9,0.0,0.0
Placer County,2024-09-30,90.4,0.0,0.0
Placer County,2024-10-01,95.2,0.0,0.0
Placer County,2024-10-02,93.4,0.0,0.0
Placer County,2024-10-03,90.7,0.0,0.0
Placer County,2024-10-04,87.4,0.0,0.0
Placer County,2024-10-05,90.4,0.0,0.0
Placer County,2024-10-06,91.3,0.0,0.0
Placer County,2024-10-07,89.1,0.0,0.0
Placer County,2024-10-08,89.3,0.0,0.0
Placer County,2024-10-09,83.8,0.0,0.0
Placer County,2024-10-10,81.5,0.0,0.0
Placer County,2024-10-11,79.1,0.0,0.0
Placer County,2024-10-12,71.3,0.0,0.0
Placer County,2024-10-13,74.8,0.0,0.0
Placer County,2024-10-14,75.3,0.0,0.0
Placer County,2024-10-15,76.7,0.0,0.0
Placer County,2024-10-16,60.4,0.508,0.0
Placer County,2024-10-17,56.9,0.646,0.0
Placer County,2024-10-18,65.6,0.0,0.0
Placer County,2024-10-19,74.8,0.0,0.0
Placer County,2024-10-20,70.3,0.0,0.0
Placer County,2024-10-21,69.5,0.0,0.0
Placer County,2024-10-22,70.4,0.0,0.0
Placer County,2024-10-23,72.9,0.0,0.0
Placer County,2024-10-24,71.8,0.0,0.0
Placer County,2024-10-25,73.3,0.0,0.0
Placer County,2024-10-26,74.1,0.0,0.0
Placer County,2024-10-27,64.6,0.272,0.0
Placer County,2024-10-28,53.6,0.071,0.0
Placer County,2024-10-29,58.6,0.0,0.0
Placer County,2024-10-30,55.3,0.0,0.0
Placer County,2024-10-31,52.9,0.075,0.0
Placer County,2024-11-01,55.5,0.138,0.0
Placer County,2024-11-02,50.3,0.177,0.083
Placer County,2024-11-03,57.7,0.0,0.0
Placer County,2024-11-04,63.5,0.0,0.0
Placer County,2024-11-05,64.3,0.0,0.0
Placer County,2024-11-06,54.9,0.0,0.0
Placer County,2024-11-07,61.4,0.0,0.0
Placer County,2024-11-08,61.4,0.0,0.0
Placer County,2024-11-09,60.5,0.0,0.0
Placer County,2024-11-10,62.7,0.0,0.0
Placer County,2024-11-11,46.2,0.689,0.0
Placer County,2024-11-12,52.7,0.0,0.0
Placer County,2024-11-13,51.7,0.161,0.0
Placer County,2024-11-14,47.9,0.551,1.736
Placer County,2024-11-15,41.7,0.409,2.012
Placer County,2024-11-16,50.2,0.0,0.0
Placer County,2024-11-17,50.5,0.118,0.0
Placer County,2024-11-18,44.7,0.154,0.0
Placer County,2024-11-19,47.4,0.0,0.0
Placer County,2024-11-20,48.6,0.358,0.0
Placer County,2024-11-21,50.4,1.39,0.0
Placer County,2024-11-22,52.3,1.516,0.0
Placer County,2024-11-23,45.5,1.319,0.193
Placer County,2024-11-24,48.0,0.016,0.0
Placer County,2024-11-25,45.7,0.669,0.138
Placer County,2024-11-26,43.3,0.244,0.0
Placer County,2024-11-27,54.4,0.0,0.0
Placer County,2024-11-28,53.6,0.0,0.0
Placer County,2024-11-29,59.3,0.0,0.0
Placer County,2024-11-30,63.1,0.0,0.0
Placer County,2024-12-01,62.0,0.0,0.0
Placer County,2024-12-02,63.3,0.0,0.0
Placer County,2024-12-03,62.8,0.0,0.0
Placer County,2024-12-04,64.0,0.0,0.0
Placer County,2024-12-05,63.1,0.0,0.0
Placer County,2024-12-06,61.1,0.0,0.0
Placer County,2024-12-07,60.7,0.0,0.0
Placer County,2024-12-08,60.9,0.0,0.0
Placer County,2024-12-09,55.6,0.0,0.0
Placer County,2024-12-10,56.9,0.0,0.0
Placer County,2024-12-11,56.8,0.0,0.0
Placer County,2024-12-12,44.3,1.067,4.161
Placer County,2024-12-13,46.0,0.295,0.0
Placer County,2024-12-14,45.5,1.65,2.701
Placer County,2024-12-15,49.1,0.0,0.0
Placer County,2024-12-16,45.0,0.35,0.303
Placer County,2024-12-17,58.7,0.0,0.0
Placer County,2024-12-18,65.1,0.0,0.0
Placer County,2024-12-19,67.0,0.0,0.0
Placer County,2024-12-20,63.9,0.0,0.0
Placer County,2024-12-21,46.9,0.673,0.0
Placer County,2024-12-22,56.6,0.398,0.0
Placer County,2024-12-23,59.5,0.039,0.0
Placer County,2024-12-24,48.5,1.394,0.055
Placer County,2024-12-25,47.4,0.0,0.0
Placer County,2024-12-26,43.2,1.126,1.157
Placer County,2024-12-27,47.8,0.748,0.0
Placer County,2024-12-28,50.0,0.587,0.0
Placer County,2024-12-29,47.3,1.197,0.0
Placer County,2024-12-30,50.9,0.0,0.0
Placer County,2024-12-31,52.0,0.0,0.0
Placer County,2025-01-01,52.3,0.0,0.0
Placer County,2025-01-02,62.4,0.0,0.0
Placer County,2025-01-03,49.3,0.992,0.0
Placer County,2025-01-04,47.8,0.012,0.0
Placer County,2025-01-05,55.9,0.0,0.0
Placer County,2025-01-06,55.8,0.0,0.0
Placer County,2025-01-07,53.0,0.0,0.0
Placer County,2025-01-08,62.6,0.0,0.0
Placer County,2025-01-09,59.7,0.0,0.0
Placer County,2025-01-10,58.3,0.0,0.0
Placer County,2025-01-11,55.3,0.0,0.0
Placer County,2025-01-12,50.4,0.0,0.0
Placer County,2025-01-13,48.4,0.0,0.0
Placer County,2025-01-14,60.1,0.0,0.0
Placer County,2025-01-15,57.6,0.0,0.0
Placer County,2025-01-16,55.4,0.0,0.0
Placer County,2025-01-17,52.1,0.0,0.0
Placer County,2025-01-18,55.6,0.0,0.0
Placer County,2025-01-19,52.4,0.0,0.0
Placer County,2025-01-20,48.5,0.0,0.0
Placer County,2025-01-21,53.2,0.0,0.0
Placer County,2025-01-22,64.1,0.0,0.0
Placer County,2025-01-23,64.4,0.0,0.0
Placer County,2025-01-24,58.5,0.0,0.0
Placer County,2025-01-25,46.2,0.004,0.028
Placer County,2025-01-26,44.2,0.0,0.0
Placer County,2025-01-27,51.4,0.0,0.0
Placer County,2025-01-28,51.5,0.0,0.0
Placer County,2025-01-29,48.3,0.0,0.0
Placer County,2025-01-30,51.0,0.0,0.0
Placer County,2025-01-31,41.3,0.555,0.0
Placer County,2025-02-01,48.4,2.52,0.0
Placer County,2025-02-02,48.3,1.37,0.0
Placer County,2025-02-03,49.6,0.406,0.0
Placer County,2025-02-04,44.4,2.445,0.165
Placer County,2025-02-05,45.6,0.031,0.0
Placer County,2025-02-06,45.4,1.185,0.248
Placer County,2025-02-07,44.8,0.602,0.165
Placer County,2025-02-08,46.2,0.0,0.0
Placer County,2025-02-09,49.8,0.0,0.0
Placer County,2025-02-10,50.5,0.0,0.0
Placer County,2025-02-11,43.3,0.0,0.0
Placer County,2025-02-12,44.2,0.031,0.028
Placer County,2025-02-13,43.9,2.831,0.083
Placer County,2025-02-14,40.6,0.862,0.0
Placer County,2025-02-15,54.1,0.0,0.0
Placer County,2025-02-16,51.1,0.185,0.524
Placer County,2025-02-17,48.7,0.0,0.0
Placer County,2025-02-18,57.5,0.0,0.0
Placer County,2025-02-19,47.4,0.256,0.0
Placer County,2025-02-20,58.1,0.0,0.0
Placer County,2025-02-21,59.5,0.0,0.0
Placer County,2025-02-22,62.8,0.0,0.0
Placer County,2025-02-23,60.7,0.008,0.0
Placer County,2025-02-24,59.2,0.016,0.0
Placer County,2025-02-25,62.9,0.0,0.0
Placer County,2025-02-26,67.4,0.0,0.0
Placer County,2025-02-27,71.7,0.0,0.0
Placer County,2025-02-28,72.0,0.0,0.0
Placer County,2025-03-01,64.0,0.0,0.0
Placer County,2025-03-02,42.5,0.697,0.965
Placer County,2025-03-03,43.8,0.031,0.0
Placer County,2025-03-04,50.6,0.0,0.0
Placer County,2025-03-05,41.9,0.48,0.165
Placer County,2025-03-06,41.2,0.118,0.165
Placer County,2025-03-07,54.9,0.0,0.0
Placer County,2025-03-08,54.3,0.0,0.0
Placer County,2025-03-09,59.1,0.0,0.0
Placer County,2025-03-10,61.3,0.0,0.0
Placer County,2025-03-11,56.2,0.0,0.0
Placer County,2025-03-12,43.7,1.476,4.685
Placer County,2025-03-13,37.0,0.587,3.886
Placer County,2025-03-14,35.1,0.752,4.685
Placer County,2025-03-15,42.4,0.094,0.138
Placer County,2025-03-16,53.1,0.232,0.0
Placer County,2025-03-17,42.4,1.878,0.386
Placer County,2025-03-18,49.7,0.004,0.0
Placer County,2025-03-19,52.1,0.098,0.0
Placer County,2025-03-20,54.1,0.106,0.0
Placer County,2025-03-21,51.7,0.0,0.0
Placer County,2025-03-22,54.1,0.0,0.0
Placer County,2025-03-23,65.8,0.0,0.0
Placer County,2025-03-24,72.5,0.0,0.0
Placer County,2025-03-25,75.6,0.0,0.0
Placer County,2025-03-26,65.4,0.0,0.0
Placer County,2025-03-27,50.8,0.756,0.0
Placer County,2025-03-28,46.6,0.378,0.0
Placer County,2025-03-29,53.6,0.016,0.0
Placer County,2025-03-30,50.2,0.591,0.303
Placer County,2025-03-31,41.2,1.476,2.591
Placer County,2025-04-01,37.9,1.126,7.055
Placer County,2025-04-02,47.0,0.028,0.0
Placer County,2025-04-03,49.7,0.067,0.0
Placer County,2025-04-04,60.6,0.0,0.0
Placer County,2025-04-05,62.8,0.0,0.0
Placer County,2025-04-06,65.5,0.0,0.0
Placer County,2025-04-07,53.1,0.539,0.0
Placer County,2025-04-08,63.2,0.0,0.0
Placer County,2025-04-09,71.6,0.0,0.0
Placer County,2025-04-10,70.7,0.0,0.0
Placer County,2025-04-11,70.5,0.0,0.0
Placer County,2025-04-12,64.4,0.0,0.0
Placer County,2025-04-13,72.0,0.0,0.0
Placer County,2025-04-14,74.4,0.0,0.0
Placer County,2025-04-15,70.6,0.0,0.0
Placer County,2025-04-16,62.1,0.0,0.0
Placer County,2025-04-17,58.9,0.0,0.0
Placer County,2025-04-18,65.5,0.0,0.0
Placer County,2025-04-19,62.8,0.0,0.0
Placer County,2025-04-20,67.6,0.0,0.0
Placer County,2025-04-21,70.4,0.0,0.0
Placer County,2025-04-22,69.4,0.0,0.0
Placer County,2025-04-23,62.2,0.0,0.0
Placer County,2025-04-24,61.0,0.0,0.0
Placer County,2025-04-25,49.4,0.039,0.0
Placer County,2025-04-26,44.7,0.425,0.0
Placer County,2025-04-27,44.6,0.394,0.0
Placer County,2025-04-28,62.8,0.0,0.0
Placer County,2025-04-29,68.6,0.0,0.0
Placer County,2025-04-30,70.1,0.126,0.0
Placer County,2025-05-01,74.2,0.0,0.0
Placer County,2025-05-02,71.4,0.0,0.0
Placer County,2025-05-03,63.4,0.236,0.0
Placer County,2025-05-04,64.1,0.094,0.0
Placer County,2025-05-05,73.2,0.0,0.0
Placer County,2025-05-06,73.5,0.0,0.0
Placer County,2025-05-07,69.9,0.0,0.0
Placer County,2025-05-08,75.3,0.0,0.0
Placer County,2025-05-09,80.3,0.0,0.0
Placer County,2025-05-10,81.1,0.0,0.0
Placer County,2025-05-11,67.5,0.0,0.0
Placer County,2025-05-12,49.7,0.386,0.0
Placer County,2025-05-13,53.9,0.22,0.0
Placer County,2025-05-14,63.8,0.0,0.0
Placer County,2025-05-15,68.5,0.0,0.0
Placer County,2025-05-16,72.5,0.0,0.0
Placer County,2025-05-17,60.1,0.035,0.0
Placer County,2025-05-18,68.7,0.0,0.0
Placer County,2025-05-19,74.6,0.0,0.0
Placer County,2025-05-20,76.6,0.0,0.0
Placer County,2025-05-21,79.2,0.0,0.0
Placer County,2025-05-22,73.0,0.0,0.0
Placer County,2025-05-23,71.0,0.0,0.0
Placer County,2025-05-24,74.8,0.0,0.0
Placer County,2025-05-25,74.8,0.0,0.0
Placer County,2025-05-26,71.3,0.0,0.0
Placer County,2025-05-27,78.5,0.0,0.0
Placer County,2025-05-28,79.9,0.0,0.0
Placer County,2025-05-29,82.9,0.0,0.0
Placer County,2025-05-30,92.1,0.0,0.0
Placer County,2025-05-31,94.0,0.0,0.0
Placer County,2025-06-01,85.3,0.0,0.0
Placer County,2025-06-02,83.8,0.0,0.0
Placer County,2025-06-03,80.2,0.0,0.0
Placer County,2025-06-04,82.8,0.0,0.0
Placer County,2025-06-05,80.5,0.0,0.0
Placer County,2025-06-06,83.5,0.0,0.0
Placer County,2025-06-07,87.6,0.0,0.0
Placer County,2025-06-08,87.8,0.0,0.0
Placer County,2025-06-09,90.8,0.0,0.0
Placer County,2025-06-10,88.9,0.0,0.0
Placer County,2025-06-11,82.8,0.0,0.0
Placer County,2025-06-12,81.8,0.0,0.0
Placer County,2025-06-13,78.6,0.0,0.0
Placer County,2025-06-14,80.0,0.0,0.0
Placer County,2025-06-15,83.2,0.0,0.0
Placer County,2025-06-16,82.1,0.0,0.0
Placer County,2025-06-17,85.3,0.0,0.0
Placer County,2025-06-18,91.0,0.0,0.0
Placer County,2025-06-19,86.0,0.0,0.0
Placer County,2025-06-20,70.3,0.0,0.0
Placer County,2025-06-21,68.6,0.004,0.0
Placer County,2025-06-22,72.9,0.0,0.0
Placer County,2025-06-23,81.1,0.0,0.0
Placer County,2025-06-24,80.8,0.0,0.0
Placer County,2025-06-25,84.4,0.0,0.0
Placer County,2025-06-26,84.3,0.0,0.0
Placer County,2025-06-27,87.6,0.0,0.0
Placer County,2025-06-28,89.1,0.0,0.0
Placer County,2025-06-29,89.9,0.0,0.0
Placer County,2025-06-30,87.5,0.0,0.0
Placer County,2025-07-01,88.7,0.0,0.0
Placer County,2025-07-02,90.1,0.0,0.0
Placer County,2025-07-03,84.4,0.0,0.0
Placer County,2025-07-04,77.6,0.0,0.0
Placer County,2025-07-05,81.1,0.0,0.0
Placer County,2025-07-06,86.1,0.0,0.0
Placer County,2025-07-07,88.3,0.0,0.0
Placer County,2025-07-08,83.8,0.0,0.0
Placer County,2025-07-09,84.6,0.0,0.0
Placer County,2025-07-10,90.5,0.0,0.0
Placer County,2025-07-11,92.8,0.0,0.0
Placer County,2025-07-12,93.9,0.0,0.0
Placer County,2025-07-13,93.6,0.0,0.0
Placer County,2025-07-14,93.6,0.0,0.0
Placer County,2025-07-15,89.4,0.0,0.0
Placer County,2025-07-16,85.5,0.0,0.0
Placer County,2025-07-17,85.1,0.0,0.0
Placer County,2025-07-18,87.4,0.0,0.0
Placer County,2025-07-19,89.2,0.0,0.0
Placer County,2025-07-20,87.9,0.0,0.0
Placer County,2025-07-21,79.4,0.0,0.0
Placer County,2025-07-22,75.4,0.012,0.0
Placer County,2025-07-23,78.1,0.0,0.0
Placer County,2025-07-24,78.4,0.0,0.0
Placer County,2025-07-25,79.6,0.0,0.0
Placer County,2025-07-26,78.0,0.0,0.0
Placer County,2025-07-27,80.9,0.0,0.0
Placer County,2025-07-28,83.6,0.0,0.0
Placer County,2025-07-29,85.0,0.0,0.0
Placer County,2025-07-30,85.0,0.0,0.0
Placer County,2025-07-31,86.1,0.0,0.0
Placer County,2025-08-01,85.9,0.0,0.0
Placer County,2025-08-02,86.5,0.0,0.0
Placer County,2025-08-03,84.7,0.0,0.0
Placer County,2025-08-04,80.9,0.0,0.0
Placer County,2025-08-05,82.1,0.0,0.0
Placer County,2025-08-06,86.5,0.0,0.0
Placer County,2025-08-07,88.0,0.0,0.0
Placer County,2025-08-08,91.2,0.0,0.0
Placer County,2025-08-09,93.4,0.0,0.0
Placer County,2025-08-10,94.0,0.0,0.0
Placer County,2025-08-11,93.8,0.0,0.0
Placer County,2025-08-12,93.1,0.0,0.0
Placer County,2025-08-13,89.2,0.0,0.0
Placer County,2025-08-14,86.5,0.0,0.0
Placer County,2025-08-15,86.0,0.0,0.0
Placer County,2025-08-16,80.1,0.0,0.0
Placer County,2025-08-17,78.8,0.0,0.0
Placer County,2025-08-18,79.8,0.0,0.0
Placer County,2025-08-19,83.7,0.0,0.0
Placer County,2025-08-20,89.4,0.0,0.0
Placer County,2025-08-21,92.8,0.0,0.0
Placer County,2025-08-22,94.6,0.004,0.0
Placer County,2025-08-23,96.2,0.0,0.0
Placer County,2025-08-24,93.9,0.0,0.0
Placer County,2025-08-25,90.9,0.004,0.0
Placer County,2025-08-26,83.1,0.059,0.0
Placer County,2025-08-27,85.9,0.0,0.0
Placer County,2025-08-28,88.4,0.0,0.0
Placer County,2025-08-29,88.3,0.0,0.0
Placer County,2025-08-30,89.6,0.0,0.0
Placer County,2025-08-31,91.2,0.0,0.0
Placer County,2025-09-01,94.5,0.0,0.0
Placer County,2025-09-02,94.6,0.035,0.0
Placer County,2025-09-03,90.7,0.0,0.0
Placer County,2025-09-04,87.6,0.0,0.0
Placer County,2025-09-05,84.9,0.0,0.0
Placer County,2025-09-06,80.4,0.0,0.0
Placer County,2025-09-07,77.5,0.0,0.0
Placer County,2025-09-08,75.5,0.0,0.0
Placer County,2025-09-09,67.2,0.134,0.0
Placer County,2025-09-10,65.5,0.89,0.0
Placer County,2025-09-11,70.2,0.0,0.0
Placer County,2025-09-12,73.0,0.0,0.0
Placer County,2025-09-13,77.5,0.0,0.0
Placer County,2025-09-14,78.2,0.0,0.0
Placer County,2025-09-15,83.4,0.0,0.0
Placer County,2025-09-16,84.9,0.0,0.0
Placer County,2025-09-17,87.7,0.0,0.0
Placer County,2025-09-18,83.2,0.0,0.0
Placer County,2025-09-19,67.7,0.122,0.0
Placer County,2025-09-20,74.8,0.0,0.0
Placer County,2025-09-21,78.1,0.0,0.0
Placer County,2025-09-22,84.4,0.0,0.0
Placer County,2025-09-23,89.3,0.0,0.0
Placer County,2025-09-24,79.4,0.0,0.0
Placer County,2025-09-25,75.3,0.0,0.0
Placer County,2025-09-26,85.7,0.0,0.0
Placer County,2025-09-27,78.5,0.0,0.0
Placer County,2025-09-28,73.2,0.0,0.0
Placer County,2025-09-29,61.3,0.48,0.0
Placer County,2025-09-30,59.2,0.185,0.0
Placer County,2025-10-01,64.0,0.087,0.0
Placer County,2025-10-02,56.2,0.874,0.0
Placer County,2025-10-03,54.5,0.224,0.0
Placer County,2025-10-04,65.5,0.0,0.0
Placer County,2025-10-05,69.6,0.0,0.0
Placer County,2025-10-06,76.6,0.0,0.0
Placer County,2025-10-07,77.2,0.0,0.0
Placer County,2025-10-08,75.1,0.0,0.0
Placer County,2025-10-09,64.6,0.0,0.0
Placer County,2025-10-10,62.0,0.0,0.0
Placer County,2025-10-11,56.8,0.02,0.0
Placer County,2025-10-12,62.9,0.0,0.0
Placer County,2025-10-13,53.5,0.165,0.0
Placer County,2025-10-14,45.8,0.886,0.028
Placer County,2025-10-15,51.6,0.083,0.0
Placer County,2025-10-16,63.3,0.0,0.0
Placer County,2025-10-17,64.4,0.0,0.0
Placer County,2025-10-18,70.6,0.0,0.0
Placer County,2025-10-19,68.4,0.0,0.0
Placer County,2025-10-20,73.8,0.0,0.0
Placer County,2025-10-21,75.3,0.0,0.0
Placer County,2025-10-22,65.7,0.004,0.0
Placer County,2025-10-23,67.8,0.0,0.0
Placer County,2025-10-24,65.8,0.0,0.0
Placer County,2025-10-25,51.7,0.343,0.0
Placer County,2025-10-26,50.6,0.37,0.0
Placer County,2025-10-27,62.4,0.0,0.0
Placer County,2025-10-28,69.0,0.0,0.0
Placer County,2025-10-29,76.2,0.0,0.0
Placer County,2025-10-30,72.5,0.0,0.0
Placer County,2025-10-31,72.9,0.0,0.0
Placer County,2025-11-01,71.3,0.0,0.0
Placer County,2025-11-02,73.4,0.0,0.0
Placer County,2025-11-03,67.3,0.0,0.0
Placer County,2025-11-04,64.9,0.0,0.0
Placer County,2025-11-05,55.3,1.539,0.0
Placer County,2025-11-06,58.9,0.11,0.0
Placer County,2025-11-07,63.1,0.0,0.0
Placer County,2025-11-08,69.4,0.0,0.0
Placer County,2025-11-09,76.5,0.0,0.0
Placer County,2025-11-10,74.5,0.0,0.0
Placer County,2025-11-11,71.2,0.0,0.0
Placer County,2025-11-12,60.3,0.004,0.0
Placer County,2025-11-13,57.0,2.587,0.0
Placer County,2025-11-14,55.9,0.685,0.0
Placer County,2025-11-15,69.1,0.043,0.0
Placer County,2025-11-16,48.7,1.189,0.0
Placer County,2025-11-17,47.1,0.681,0.0
Placer County,2025-11-18,50.7,0.0,0.0
Placer County,2025-11-19,46.6,0.063,0.0
Placer County,2025-11-20,43.1,0.335,0.0
Placer County,2025-11-21,57.8,0.0,0.0
Placer County,2025-11-22,62.2,0.0,0.0
Placer County,2025-11-23,56.1,0.0,0.0
Placer County,2025-11-24,59.3,0.0,0.0
Placer County,2025-11-25,60.5,0.0,0.0
Placer County,2025-11-26,65.3,0.0,0.0
Placer County,2025-11-27,65.8,0.0,0.0
Placer County,2025-11-28,60.4,0.0,0.0
Placer County,2025-11-29,58.6,0.0,0.0
Placer County,2025-11-30,55.7,0.0,0.0
Placer County,2025-12-01,58.0,0.0,0.0
Placer County,2025-12-02,57.4,0.0,0.0
Placer County,2025-12-03,54.2,0.0,0.0
Placer County,2025-12-04,51.9,0.0,0.0
Placer County,2025-12-05,58.2,0.0,0.0
Placer County,2025-12-06,57.8,0.0,0.0
Placer County,2025-12-07,62.2,0.0,0.0
Placer County,2025-12-08,62.8,0.0,0.0
Placer County,2025-12-09,66.3,0.0,0.0
Placer County,2025-12-10,67.1,0.0,0.0
Placer County,2025-12-11,69.4,0.0,0.0
Placer County,2025-12-12,69.5,0.0,0.0
Placer County,2025-12-13,68.3,0.0,0.0
Placer County,2025-12-14,66.0,0.0,0.0
Placer County,2025-12-15,64.3,0.0,0.0
Placer County,2025-12-16,63.6,0.346,0.0
Placer County,2025-12-17,52.3,0.87,0.0
Placer County,2025-12-18,59.5,0.0,0.0
Placer County,2025-12-19,47.4,1.008,0.0
Placer County,2025-12-20,54.4,0.815,0.0
Placer County,2025-12-21,51.0,2.382,0.0
Placer County,2025-12-22,50.2,2.236,0.0
Placer County,2025-12-23,55.4,0.224,0.0
Placer County,2025-12-24,49.6,2.874,0.0
Placer County,2025-12-25,44.9,1.665,0.193
Placer County,2025-12-26,41.9,1.311,1.378
Placer County,2025-12-27,47.9,0.067,0.0
Placer County,2025-12-28,52.6,0.0,0.0
Placer County,2025-12-29,59.7,0.0,0.0
Placer County,2025-12-30,59.8,0.0,0.0
Placer County,2025-12-31,56.8,0.343,0.0
Placer County,2026-01-01,51.5,0.886,0.0
Placer County,2026-01-02,53.4,0.256,0.0
Placer County,2026-01-03,46.7,1.488,0.0
Placer County,2026-01-04,43.2,1.941,2.315
Placer County,2026-01-05,48.3,0.299,0.138
Placer County,2026-01-06,51.4,0.004,0.0
Placer County,2026-01-07,44.3,0.283,0.083
Placer County,2026-01-08,42.9,0.209,0.909
Placer County,2026-01-09,55.7,0.0,0.0
Placer County,2026-01-10,56.2,0.0,0.0
Placer County,2026-01-11,61.1,0.0,0.0
Placer County,2026-01-12,64.5,0.0,0.0
Placer County,2026-01-13,66.9,0.0,0.0
Placer County,2026-01-14,72.1,0.0,0.0
Placer County,2026-01-15,70.3,0.0,0.0
Placer County,2026-01-16,69.4,0.0,0.0
Placer County,2026-01-17,68.4,0.0,0.0
Placer County,2026-01-18,67.1,0.0,0.0
Placer County,2026-01-19,66.6,0.0,0.0
Placer County,2026-01-20,63.1,0.0,0.0
Placer County,2026-01-21,62.2,0.0,0.0
Placer County,2026-01-22,62.2,0.0,0.0
Placer County,2026-01-23,55.7,0.0,0.0
Placer County,2026-01-24,54.1,0.0,0.0
Placer County,2026-01-25,53.4,0.0,0.0
Placer County,2026-01-26,55.7,0.0,0.0
Placer County,2026-01-27,55.4,0.024,0.0
Placer County,2026-01-28,55.7,0.138,0.028
Placer County,2026-01-29,63.7,0.0,0.0
Placer County,2026-01-30,63.2,0.0,0.0
Placer County,2026-01-31,67.6,0.0,0.0
Placer County,2026-02-01,64.1,0.0,0.0
Placer County,2026-02-02,69.7,0.0,0.0
Placer County,2026-02-03,68.5,0.0,0.0
Placer County,2026-02-04,71.0,0.0,0.0
Placer County,2026-02-05,69.5,0.0,0.0
Placer County,2026-02-06,63.8,0.004,0.0
Placer County,2026-02-07,63.7,0.0,0.0
Placer County,2026-02-08,61.4,0.012,0.0
Placer County,2026-02-09,61.8,0.071,0.0
Placer County,2026-02-10,58.0,0.496,0.028
Placer County,2026-02-11,49.6,0.461,0.358
Placer County,2026-02-12,55.0,0.114,0.0
Placer County,2026-02-13,56.4,0.0,0.0
Placer County,2026-02-14,54.1,0.004,0.0
Placer County,2026-02-15,54.1,0.248,0.0
Placer County,2026-02-16,42.9,2.496,8.13
Placer County,2026-02-17,32.9,1.858,12.787
Placer County,2026-02-18,32.2,0.457,3.197
Placer County,2026-02-19,32.3,1.193,8.35
Placer County,2026-02-20,42.0,0.012,0.083
Placer County,2026-02-21,47.6,0.0,0.0
Placer County,2026-02-22,55.4,0.0,0.0
Placer County,2026-02-23,59.6,0.012,0.0
Placer County,2026-02-24,47.1,1.161,0.0
Placer County,2026-02-25,52.1,1.138,0.0
Placer County,2026-02-26,66.5,0.0,0.0
Placer County,2026-02-27,71.0,0.0,0.0
Placer County,2026-02-28,68.8,0.02,0.0
Placer County,2026-03-01,58.6,0.094,0.0
Placer County,2026-03-02,56.7,0.169,0.0
Placer County,2026-03-03,62.6,0.0,0.0
Placer County,2026-03-04,53.2,0.102,0.0
Placer County,2026-03-05,58.9,0.0,0.0
Placer County,2026-03-06,59.7,0.0,0.0
Placer County,2026-03-07,65.8,0.0,0.0
Placer County,2026-03-08,66.1,0.0,0.0
Placer County,2026-03-09,66.7,0.0,0.0
Placer County,2026-03-10,61.7,0.0,0.0
Placer County,2026-03-11,68.4,0.0,0.0
Placer County,2026-03-12,72.4,0.0,0.0
Placer County,2026-03-13,70.9,0.0,0.0
Placer County,2026-03-14,68.8,0.0,0.0
Placer County,2026-03-15,78.2,0.0,0.0
Placer County,2026-03-16,78.9,0.0,0.0
Placer County,2026-03-17,80.6,0.0,0.0
Placer County,2026-03-18,81.6,0.0,0.0
Placer County,2026-03-19,84.3,0.0,0.0
Placer County,2026-03-20,84.6,0.0,0.0
Placer County,2026-03-21,79.2,0.0,0.0
Placer County,2026-03-22,77.8,0.0,0.0
Placer County,2026-03-23,73.7,0.0,0.0
Placer County,2026-03-24,78.4,0.0,0.0
Placer County,2026-03-25,74.8,0.0,0.0
Placer County,2026-03-26,75.5,0.0,0.0
Placer County,2026-03-27,78.0,0.0,0.0
Placer County,2026-03-28,74.9,0.0,0.0
Placer County,2026-03-29,78.4,0.0,0.0
Placer County,2026-03-30,72.3,0.0,0.0
Placer County,2026-03-31,56.3,1.327,0.0
Placer County,2026-04-01,46.0,1.146,0.0
Placer County,2026-04-02,54.1,0.402,0.0
Placer County,2026-04-03,68.7,0.0,0.0
Placer County,2026-04-04,71.5,0.0,0.0
Placer County,2026-04-05,72.4,0.0,0.0
Placer County,2026-04-06,71.4,0.0,0.0
Placer County,2026-04-07,69.3,0.0,0.0
Placer County,2026-04-08,70.4,0.028,0.0
Placer County,2026-04-09,62.7,0.516,0.0
Placer County,2026-04-10,51.4,0.811,0.0
Placer County,2026-04-11,51.9,1.618,3.197
Placer County,2026-04-12,41.2,1.0,3.39
Placer County,2026-04-13,52.8,0.087,0.0
Placer County,2026-04-14,58.3,0.0,0.0
Placer County,2026-04-15,59.5,0.0,0.0
Placer County,2026-04-16,61.3,0.0,0.0
Placer County,2026-04-17,63.6,0.0,0.0
Placer County,2026-04-18,66.1,0.0,0.0
Placer County,2026-04-19,65.8,0.0,0.0
Placer County,2026-04-20,64.2,0.0,0.0
Placer County,2026-04-21,46.0,1.476,0.028
Placer County,2026-04-22,49.6,0.583,0.744
Placer County,2026-04-23,61.2,0.0,0.0
Placer County,2026-04-24,61.1,0.0,0.0
Placer County,2026-04-25,55.6,0.114,0.0
Placer County,2026-04-26,45.1,0.343,0.0
Placer County,2026-04-27,55.1,0.051,0.0
Placer County,2026-04-28,59.5,0.114,0.0
Placer County,2026-04-29,67.2,0.0,0.0
Placer County,2026-04-30,72.5,0.004,0.0
Placer County,2026-05-01,74.4,0.0,0.0
Placer County,2026-05-02,69.9,0.012,0.0
Placer County,2026-05-03,63.4,0.047,0.0
Placer County,2026-05-04,49.3,0.63,0.0
Placer County,2026-05-05,53.5,0.047,0.0
Placer County,2026-05-06,66.0,0.012,0.0
Placer County,2026-05-07,72.9,0.0,0.0
Placer County,2026-05-08,74.9,0.0,0.0
Placer County,2026-05-09,76.6,0.0,0.0
Placer County,2026-05-10,79.2,0.0,0.0
Placer County,2026-05-11,84.1,0.0,0.0
Placer County,2026-05-12,82.4,0.0,0.0
Placer County,2026-05-13,70.0,0.0,0.0
Placer County,2026-05-14,74.5,0.0,0.0
Placer County,2026-05-15,75.0,0.0,0.0
Placer County,2026-05-16,68.9,0.0,0.0
Placer County,2026-05-17,63.9,0.0,0.0
Placer County,2026-05-18,71.3,0.0,0.0
Placer County,2026-05-19,74.9,0.0,0.0
Placer County,2026-05-20,76.6,0.0,0.0
Placer County,2026-05-21,78.4,0.0,0.0
Placer County,2026-05-22,78.6,0.0,0.0
Placer County,2026-05-23,76.9,0.0,0.0
Placer County,2026-05-24,78.6,0.0,0.0
Placer County,2026-05-25,71.6,0.0,0.0
Placer County,2026-05-26,51.4,0.287,0.0
Placer County,2026-05-27,54.2,0.154,0.0
Placer County,2026-05-28,53.2,0.488,0.0
Placer County,2026-05-29,56.9,0.142,0.0
Placer County,2026-05-30,66.3,0.016,0.0
Placer County,2026-05-31,73.6,0.0,0.0
Placer County,2026-06-01,78.8,0.0,0.0
Placer County,2026-06-02,80.9,0.0,0.0
Placer County,2026-06-03,82.4,0.0,0.0
Placer County,2026-06-04,83.5,0.0,0.0
Placer County,2026-06-05,84.6,0.0,0.0
Placer County,2026-06-06,74.2,0.0,0.0
Placer County,2026-06-07,74.7,0.0,0.0
Placer County,2026-06-08,72.5,0.075,0.0
Placer County,2026-06-09,74.7,0.008,0.0
Placer County,2026-06-10,87.8,0.0,0.0
Placer County,2026-06-11,89.5,0.0,0.0
Placer County,2026-06-12,89.6,0.0,0.0
Placer County,2026-06-13,89.5,0.0,0.0
Placer County,2026-06-14,88.1,0.0,0.0
Placer County,2026-06-15,90.5,0.0,0.0
Placer County,2026-06-16,88.6,0.0,0.0
Placer County,2026-06-17,86.5,0.0,0.0
Placer County,2026-06-18,83.5,0.0,0.0
Placer County,2026-06-19,75.6,0.0,0.0
Placer County,2026-06-20,76.7,0.0,0.0
Placer County,2026-06-21,80.2,0.0,0.0
Placer County,2026-06-22,83.9,0.0,0.0
Placer County,2026-06-23,85.2,0.0,0.0
Placer County,2026-06-24,85.6,0.0,0.0
Placer County,2026-06-25,82.9,0.0,0.0
Placer County,2026-06-26,73.0,0.083,0.0
Placer County,2026-06-27,68.2,0.0,0.0
Placer County,2026-06-28,72.1,0.0,0.0
Placer County,2026-06-29,77.0,0.008,0.0
Placer County,2026-06-30,78.9,0.0,0.0
Placer County,2026-07-01,79.3,0.0,0.0
Placer County,2026-07-02,79.3,0.0,0.0
Placer County,2026-07-03,82.4,0.0,0.0
Placer County,2026-07-04,85.3,0.0,0.0
Placer County,2026-07-05,84.2,0.0,0.0
Placer County,2026-07-06,84.1,0.0,0.0
Placer County,2026-07-07,83.8,0.0,0.0
Placer County,2026-07-08,84.8,0.0,0.0
Placer County,2026-07-09,88.8,0.0,0.0
Placer County,2026-07-10,88.5,0.0,0.0
Placer County,2026-07-11,90.6,0.0,0.0
Placer County,2026-07-12,85.5,0.0,0.0
Placer County,2026-07-13,90.1,0.079,0.0
Placer County,2026-07-14,91.2,0.0,0.0
Placer County,2026-07-15,91.7,0.0,0.0
Placer County,2026-07-16,89.2,0.0,0.0
Placer County,2026-07-17,88.4,0.0,0.0
Placer County,2026-07-18,86.9,0.0,0.0
Placer County,2026-07-19,88.4,0.0,0.0
Placer County,2026-07-20,89.1,0.0,0.0
Placer County,2026-07-21,89.5,0.012,0.0
Placer County,2026-07-22,81.9,0.0,0.0
Placer County,2026-07-23,87.8,0.0,0.0
Placer County,2026-07-24,89.6,0.0,0.0
Placer County,2026-07-25,88.3,0.0,0.0
Placer County,2026-07-26,87.5,0.0,0.0
Placer County,2026-07-27,86.7,0.0,0.0
Placer County,2026-07-28,87.4,0.0,0.0
Placer County,2026-07-29,88.1,0.0,0.0
